-- --------------------------------------------------------
-- 호스트:                          k10d108.p.ssafy.io
-- 서버 버전:                        8.0.36 - MySQL Community Server - GPL
-- 서버 OS:                        Linux
-- HeidiSQL 버전:                  12.3.0.6589
-- --------------------------------------------------------

/*!40101 SET @OLD_CHARACTER_SET_CLIENT=@@CHARACTER_SET_CLIENT */;
/*!40101 SET NAMES utf8 */;
/*!50503 SET NAMES utf8mb4 */;
/*!40103 SET @OLD_TIME_ZONE=@@TIME_ZONE */;
/*!40103 SET TIME_ZONE='+00:00' */;
/*!40014 SET @OLD_FOREIGN_KEY_CHECKS=@@FOREIGN_KEY_CHECKS, FOREIGN_KEY_CHECKS=0 */;
/*!40101 SET @OLD_SQL_MODE=@@SQL_MODE, SQL_MODE='NO_AUTO_VALUE_ON_ZERO' */;
/*!40111 SET @OLD_SQL_NOTES=@@SQL_NOTES, SQL_NOTES=0 */;


-- abbboo 데이터베이스 구조 내보내기
CREATE DATABASE IF NOT EXISTS `abbboo` /*!40100 DEFAULT CHARACTER SET utf8mb4 COLLATE utf8mb4_unicode_ci */ /*!80016 DEFAULT ENCRYPTION='N' */;
USE `abbboo`;

-- 테이블 abbboo.decoration 구조 내보내기
CREATE TABLE IF NOT EXISTS `decoration` (
  `decoration_id` int NOT NULL AUTO_INCREMENT COMMENT '장식 종류 id',
  `item` varchar(20) DEFAULT NULL COMMENT '장식 종류 (예 : ALIEN, BEE)',
  `is_deleted` tinyint(1) DEFAULT '0' COMMENT '삭제된 장식인지 여부',
  `created_at` datetime NOT NULL COMMENT '생성 시각',
  `created_ip` varchar(15) NOT NULL COMMENT '생성 ip',
  `updated_at` datetime NOT NULL COMMENT '수정 시각',
  `updated_ip` varchar(15) NOT NULL COMMENT '수정 ip',
  PRIMARY KEY (`decoration_id`)
) ENGINE=InnoDB AUTO_INCREMENT=10 DEFAULT CHARSET=utf8mb4 COLLATE=utf8mb4_0900_ai_ci;

-- 테이블 데이터 abbboo.decoration:~9 rows (대략적) 내보내기
INSERT INTO `decoration` (`decoration_id`, `item`, `is_deleted`, `created_at`, `created_ip`, `updated_at`, `updated_ip`) VALUES
	(1, 'NORMAL', 0, '2024-05-14 16:49:29', '127.0.0.1', '2024-05-14 16:49:29', '127.0.0.1'),
	(2, 'ALIEN', 0, '2024-05-14 16:49:29', '127.0.0.1', '2024-05-14 16:49:29', '127.0.0.1'),
	(3, 'BEE', 0, '2024-05-14 16:49:29', '127.0.0.1', '2024-05-14 16:49:29', '127.0.0.1'),
	(4, 'GLASSES', 0, '2024-05-14 16:49:29', '127.0.0.1', '2024-05-14 16:49:29', '127.0.0.1'),
	(5, 'HAT', 0, '2024-05-14 16:49:29', '127.0.0.1', '2024-05-14 16:49:29', '127.0.0.1'),
	(6, 'HEARTHAIRBAND', 0, '2024-05-14 16:49:29', '127.0.0.1', '2024-05-14 16:49:29', '127.0.0.1'),
	(7, 'POOP', 0, '2024-05-14 16:49:29', '127.0.0.1', '2024-05-14 16:49:29', '127.0.0.1'),
	(8, 'TIE', 0, '2024-05-14 16:49:29', '127.0.0.1', '2024-05-14 16:49:29', '127.0.0.1'),
	(9, 'MUSTACHE', 0, '2024-05-14 16:49:29', '127.0.0.1', '2024-05-14 16:49:29', '127.0.0.1');

-- 테이블 abbboo.decoration_history 구조 내보내기
CREATE TABLE IF NOT EXISTS `decoration_history` (
  `decoration_history_id` bigint NOT NULL AUTO_INCREMENT COMMENT '유저가 사용한 장식 기록 id',
  `user_id` int NOT NULL COMMENT '반응한 유저 id',
  `decoration_id` int NOT NULL COMMENT '반응 종류 id',
  `created_at` datetime NOT NULL COMMENT '생성 시각',
  `created_ip` varchar(15) NOT NULL COMMENT '생성 ip',
  `updated_at` datetime NOT NULL COMMENT '수정 시각',
  `updated_ip` varchar(15) NOT NULL COMMENT '수정 ip',
  PRIMARY KEY (`decoration_history_id`),
  KEY `user_id` (`user_id`),
  KEY `decoration_id` (`decoration_id`),
  CONSTRAINT `decoration_history_ibfk_1` FOREIGN KEY (`user_id`) REFERENCES `user` (`user_id`),
  CONSTRAINT `decoration_history_ibfk_2` FOREIGN KEY (`decoration_id`) REFERENCES `decoration` (`decoration_id`)
) ENGINE=InnoDB AUTO_INCREMENT=112 DEFAULT CHARSET=utf8mb4 COLLATE=utf8mb4_0900_ai_ci;

-- 테이블 데이터 abbboo.decoration_history:~96 rows (대략적) 내보내기
INSERT INTO `decoration_history` (`decoration_history_id`, `user_id`, `decoration_id`, `created_at`, `created_ip`, `updated_at`, `updated_ip`) VALUES
	(1, 3, 5, '2024-05-14 16:52:09', '14.46.142.192', '2024-05-14 16:52:09', '14.46.142.192'),
	(2, 7, 6, '2024-05-14 16:55:02', '14.46.142.186', '2024-05-14 16:55:02', '14.46.142.186'),
	(3, 4, 8, '2024-05-14 16:56:10', '118.235.11.177', '2024-05-14 16:56:10', '118.235.11.177'),
	(4, 4, 9, '2024-05-14 16:56:14', '118.235.11.177', '2024-05-14 16:56:14', '118.235.11.177'),
	(5, 1, 4, '2024-05-14 16:56:56', '118.235.14.87', '2024-05-14 16:56:56', '118.235.14.87'),
	(6, 12, 9, '2024-05-14 17:03:13', '172.226.94.44', '2024-05-14 17:03:13', '172.226.94.44'),
	(7, 1, 2, '2024-05-14 17:12:42', '118.235.14.87', '2024-05-14 17:12:42', '118.235.14.87'),
	(8, 15, 5, '2024-05-14 18:26:23', '106.101.129.210', '2024-05-14 18:26:23', '106.101.129.210'),
	(9, 16, 4, '2024-05-14 18:46:05', '106.101.129.210', '2024-05-14 18:46:05', '106.101.129.210'),
	(10, 1, 4, '2024-05-14 18:55:49', '118.235.14.87', '2024-05-14 18:55:49', '118.235.14.87'),
	(11, 1, 8, '2024-05-14 18:55:53', '118.235.14.87', '2024-05-14 18:55:53', '118.235.14.87'),
	(12, 1, 2, '2024-05-14 18:56:02', '118.235.14.87', '2024-05-14 18:56:02', '118.235.14.87'),
	(13, 18, 2, '2024-05-14 22:24:03', '106.101.129.210', '2024-05-14 22:24:03', '106.101.129.210'),
	(14, 18, 5, '2024-05-14 22:24:10', '106.101.129.210', '2024-05-14 22:24:10', '106.101.129.210'),
	(15, 19, 3, '2024-05-15 15:31:31', '121.129.157.72', '2024-05-15 15:31:31', '121.129.157.72'),
	(16, 19, 2, '2024-05-15 15:31:37', '121.129.157.72', '2024-05-15 15:31:37', '121.129.157.72'),
	(17, 10, 4, '2024-05-15 17:42:38', '223.62.148.156', '2024-05-15 17:42:38', '223.62.148.156'),
	(18, 10, 7, '2024-05-15 17:42:42', '223.62.148.156', '2024-05-15 17:42:42', '223.62.148.156'),
	(19, 21, 5, '2024-05-16 11:58:32', '117.111.28.83', '2024-05-16 11:58:32', '117.111.28.83'),
	(20, 4, 3, '2024-05-16 13:46:14', '39.7.46.246', '2024-05-16 13:46:14', '39.7.46.246'),
	(21, 23, 2, '2024-05-16 14:00:57', '118.235.84.155', '2024-05-16 14:00:57', '118.235.84.155'),
	(22, 28, 4, '2024-05-16 14:18:36', '211.192.252.203', '2024-05-16 14:18:36', '211.192.252.203'),
	(23, 26, 2, '2024-05-16 14:18:42', '14.46.142.171', '2024-05-16 14:18:42', '14.46.142.171'),
	(24, 28, 2, '2024-05-16 14:18:44', '211.192.252.203', '2024-05-16 14:18:44', '211.192.252.203'),
	(25, 28, 1, '2024-05-16 14:18:52', '211.192.252.203', '2024-05-16 14:18:52', '211.192.252.203'),
	(26, 30, 9, '2024-05-16 14:26:46', '223.39.174.230', '2024-05-16 14:26:46', '223.39.174.230'),
	(27, 30, 5, '2024-05-16 14:26:55', '223.39.174.230', '2024-05-16 14:26:55', '223.39.174.230'),
	(28, 12, 6, '2024-05-16 14:44:59', '172.226.94.41', '2024-05-16 14:44:59', '172.226.94.41'),
	(29, 12, 3, '2024-05-16 14:45:02', '172.226.94.41', '2024-05-16 14:45:02', '172.226.94.41'),
	(30, 46, 4, '2024-05-16 15:08:27', '118.235.2.66', '2024-05-16 15:08:27', '118.235.2.66'),
	(31, 46, 7, '2024-05-16 15:08:35', '118.235.2.66', '2024-05-16 15:08:35', '118.235.2.66'),
	(32, 46, 8, '2024-05-16 15:08:43', '118.235.2.66', '2024-05-16 15:08:43', '118.235.2.66'),
	(33, 49, 5, '2024-05-16 15:28:27', '14.46.141.221', '2024-05-16 15:28:27', '14.46.141.221'),
	(34, 64, 4, '2024-05-16 17:02:02', '39.7.28.184', '2024-05-16 17:02:02', '39.7.28.184'),
	(35, 64, 6, '2024-05-16 17:02:14', '39.7.28.184', '2024-05-16 17:02:14', '39.7.28.184'),
	(36, 64, 7, '2024-05-16 17:06:45', '39.7.28.184', '2024-05-16 17:06:45', '39.7.28.184'),
	(37, 64, 4, '2024-05-16 17:06:53', '39.7.28.184', '2024-05-16 17:06:53', '39.7.28.184'),
	(38, 64, 1, '2024-05-16 17:12:39', '39.7.28.184', '2024-05-16 17:12:39', '39.7.28.184'),
	(39, 64, 4, '2024-05-16 17:12:45', '39.7.28.184', '2024-05-16 17:12:45', '39.7.28.184'),
	(40, 67, 6, '2024-05-16 17:19:03', '14.46.142.231', '2024-05-16 17:19:03', '14.46.142.231'),
	(41, 66, 7, '2024-05-16 17:20:14', '118.235.10.205', '2024-05-16 17:20:14', '118.235.10.205'),
	(42, 66, 8, '2024-05-16 17:20:30', '118.235.10.205', '2024-05-16 17:20:30', '118.235.10.205'),
	(43, 12, 6, '2024-05-16 17:26:42', '172.226.94.33', '2024-05-16 17:26:42', '172.226.94.33'),
	(44, 12, 7, '2024-05-16 17:26:45', '172.226.94.33', '2024-05-16 17:26:45', '172.226.94.33'),
	(45, 66, 7, '2024-05-16 18:02:30', '118.235.10.205', '2024-05-16 18:02:30', '118.235.10.205'),
	(46, 66, 3, '2024-05-16 18:02:39', '118.235.10.205', '2024-05-16 18:02:39', '118.235.10.205'),
	(47, 1, 3, '2024-05-16 18:57:59', '39.7.230.84', '2024-05-16 18:57:59', '39.7.230.84'),
	(48, 12, 9, '2024-05-16 19:26:23', '172.226.95.32', '2024-05-16 19:26:23', '172.226.95.32'),
	(49, 3, 4, '2024-05-16 21:34:26', '118.235.82.133', '2024-05-16 21:34:26', '118.235.82.133'),
	(50, 3, 8, '2024-05-16 21:34:37', '118.235.82.53', '2024-05-16 21:34:37', '118.235.82.53'),
	(51, 3, 5, '2024-05-16 21:35:09', '118.235.83.117', '2024-05-16 21:35:09', '118.235.83.117'),
	(52, 3, 7, '2024-05-16 21:35:19', '118.235.83.91', '2024-05-16 21:35:19', '118.235.83.91'),
	(53, 3, 2, '2024-05-16 21:35:23', '118.235.83.91', '2024-05-16 21:35:23', '118.235.83.91'),
	(54, 3, 6, '2024-05-16 21:35:29', '118.235.82.27', '2024-05-16 21:35:29', '118.235.82.27'),
	(55, 3, 7, '2024-05-16 21:41:53', '118.235.83.221', '2024-05-16 21:41:53', '118.235.83.221'),
	(56, 3, 6, '2024-05-16 21:42:03', '118.235.83.221', '2024-05-16 21:42:03', '118.235.83.221'),
	(57, 3, 7, '2024-05-16 21:45:37', '118.235.82.179', '2024-05-16 21:45:37', '118.235.82.179'),
	(58, 3, 8, '2024-05-16 21:45:41', '118.235.82.179', '2024-05-16 21:45:41', '118.235.82.179'),
	(59, 3, 9, '2024-05-16 21:45:43', '118.235.82.179', '2024-05-16 21:45:43', '118.235.82.179'),
	(60, 3, 5, '2024-05-16 21:45:46', '118.235.82.179', '2024-05-16 21:45:46', '118.235.82.179'),
	(61, 3, 4, '2024-05-16 21:45:52', '118.235.83.75', '2024-05-16 21:45:52', '118.235.83.75'),
	(62, 3, 3, '2024-05-16 21:45:54', '118.235.83.75', '2024-05-16 21:45:54', '118.235.83.75'),
	(63, 3, 2, '2024-05-16 21:45:57', '118.235.83.75', '2024-05-16 21:45:57', '118.235.83.75'),
	(64, 3, 8, '2024-05-16 21:53:38', '118.235.83.151', '2024-05-16 21:53:38', '118.235.83.151'),
	(65, 64, 9, '2024-05-17 00:55:24', '222.108.238.36', '2024-05-17 00:55:24', '222.108.238.36'),
	(66, 34, 7, '2024-05-17 09:45:30', '14.46.142.194', '2024-05-17 09:45:30', '14.46.142.194'),
	(67, 34, 4, '2024-05-17 09:45:58', '14.46.142.194', '2024-05-17 09:45:58', '14.46.142.194'),
	(68, 72, 2, '2024-05-17 09:46:18', '14.46.142.203', '2024-05-17 09:46:18', '14.46.142.203'),
	(69, 34, 2, '2024-05-17 09:46:25', '14.46.142.194', '2024-05-17 09:46:25', '14.46.142.194'),
	(70, 34, 9, '2024-05-17 09:46:34', '14.46.142.194', '2024-05-17 09:46:34', '14.46.142.194'),
	(71, 34, 3, '2024-05-17 09:46:52', '14.46.142.194', '2024-05-17 09:46:52', '14.46.142.194'),
	(72, 70, 6, '2024-05-17 15:40:17', '14.46.142.184', '2024-05-17 15:40:17', '14.46.142.184'),
	(73, 1, 2, '2024-05-17 15:40:50', '118.235.14.66', '2024-05-17 15:40:50', '118.235.14.66'),
	(74, 1, 4, '2024-05-17 15:40:58', '118.235.14.66', '2024-05-17 15:40:58', '118.235.14.66'),
	(75, 70, 7, '2024-05-17 15:42:08', '14.46.142.184', '2024-05-17 15:42:08', '14.46.142.184'),
	(76, 76, 3, '2024-05-17 15:44:06', '118.235.16.242', '2024-05-17 15:44:06', '118.235.16.242'),
	(77, 76, 8, '2024-05-17 15:44:16', '118.235.16.242', '2024-05-17 15:44:16', '118.235.16.242'),
	(78, 77, 4, '2024-05-17 16:01:24', '113.36.109.194', '2024-05-17 16:01:24', '113.36.109.194'),
	(79, 64, 4, '2024-05-17 16:53:36', '39.7.230.254', '2024-05-17 16:53:36', '39.7.230.254'),
	(80, 64, 5, '2024-05-17 16:53:43', '39.7.230.254', '2024-05-17 16:53:43', '39.7.230.254'),
	(81, 64, 4, '2024-05-17 16:53:46', '39.7.230.254', '2024-05-17 16:53:46', '39.7.230.254'),
	(82, 77, 8, '2024-05-17 18:11:37', '126.255.118.99', '2024-05-17 18:11:37', '126.255.118.99'),
	(83, 1, 2, '2024-05-17 20:45:44', '116.36.40.48', '2024-05-17 20:45:44', '116.36.40.48'),
	(84, 81, 7, '2024-05-17 23:32:12', '116.36.40.48', '2024-05-17 23:32:12', '116.36.40.48'),
	(85, 1, 1, '2024-05-18 15:14:50', '210.105.105.199', '2024-05-18 15:14:50', '210.105.105.199'),
	(86, 1, 2, '2024-05-18 15:30:22', '210.105.105.199', '2024-05-18 15:30:22', '210.105.105.199'),
	(87, 1, 1, '2024-05-18 15:30:45', '210.105.105.199', '2024-05-18 15:30:45', '210.105.105.199'),
	(88, 1, 2, '2024-05-18 15:30:48', '210.105.105.199', '2024-05-18 15:30:48', '210.105.105.199'),
	(89, 3, 5, '2024-05-18 19:02:42', '59.24.182.111', '2024-05-18 19:02:42', '59.24.182.111'),
	(90, 1, 3, '2024-05-18 21:19:03', '39.7.28.193', '2024-05-18 21:19:03', '39.7.28.193'),
	(91, 1, 2, '2024-05-18 21:52:33', '39.7.28.193', '2024-05-18 21:52:33', '39.7.28.193'),
	(92, 12, 4, '2024-05-18 23:27:06', '104.28.71.42', '2024-05-18 23:27:06', '104.28.71.42'),
	(93, 3, 8, '2024-05-19 00:12:36', '116.36.40.7', '2024-05-19 00:12:36', '116.36.40.7'),
	(94, 3, 3, '2024-05-19 00:12:42', '116.36.40.7', '2024-05-19 00:12:42', '116.36.40.7'),
	(95, 81, 9, '2024-05-19 01:07:52', '122.43.138.244', '2024-05-19 01:07:52', '122.43.138.244'),
	(96, 81, 3, '2024-05-19 10:26:46', '122.43.138.244', '2024-05-19 10:26:46', '122.43.138.244'),
	(97, 19, 7, '2024-05-19 17:55:57', '121.129.157.72', '2024-05-19 17:55:57', '121.129.157.72'),
	(98, 19, 2, '2024-05-19 17:56:02', '121.129.157.72', '2024-05-19 17:56:02', '121.129.157.72'),
	(99, 88, 5, '2024-05-19 20:51:02', '211.224.75.195', '2024-05-19 20:51:02', '211.224.75.195'),
	(100, 12, 7, '2024-05-19 21:35:23', '211.224.75.195', '2024-05-19 21:35:23', '211.224.75.195'),
	(101, 1, 1, '2024-05-19 21:44:57', '118.235.11.92', '2024-05-19 21:44:57', '118.235.11.92'),
	(102, 1, 2, '2024-05-19 21:44:59', '118.235.11.92', '2024-05-19 21:44:59', '118.235.11.92'),
	(103, 1, 1, '2024-05-19 22:04:26', '118.235.11.92', '2024-05-19 22:04:26', '118.235.11.92'),
	(104, 1, 2, '2024-05-19 22:04:29', '118.235.11.92', '2024-05-19 22:04:29', '118.235.11.92'),
	(105, 1, 9, '2024-05-19 22:36:12', '118.235.11.92', '2024-05-19 22:36:12', '118.235.11.92'),
	(106, 1, 2, '2024-05-19 22:39:52', '118.235.11.92', '2024-05-19 22:39:52', '118.235.11.92'),
	(107, 1, 9, '2024-05-19 22:44:33', '118.235.11.92', '2024-05-19 22:44:33', '118.235.11.92'),
	(108, 88, 4, '2024-05-19 22:44:37', '118.235.83.30', '2024-05-19 22:44:37', '118.235.83.30'),
	(109, 1, 3, '2024-05-19 22:45:10', '118.235.11.92', '2024-05-19 22:45:10', '118.235.11.92'),
	(110, 1, 9, '2024-05-19 22:45:15', '118.235.11.92', '2024-05-19 22:45:15', '118.235.11.92'),
	(111, 64, 2, '2024-05-19 22:49:35', '222.108.238.36', '2024-05-19 22:49:35', '222.108.238.36');

-- 테이블 abbboo.exp_history 구조 내보내기
CREATE TABLE IF NOT EXISTS `exp_history` (
  `exp_id` bigint NOT NULL AUTO_INCREMENT COMMENT '경험치 내역 id',
  `user_id` int NOT NULL COMMENT '경험치를 올린 사용자 id',
  `family_id` int NOT NULL COMMENT '유저가 속한 가족 id',
  `level` int NOT NULL COMMENT '경험치 증가 시점의 가족레벨(경험치는 해당 레벨에만 반영됨)',
  `point` int NOT NULL COMMENT '증가한 경험치량',
  `content` varchar(50) NOT NULL COMMENT '예시 : 메시지 작성으로 +10',
  `created_at` datetime NOT NULL COMMENT '생성 시각',
  `created_ip` varchar(15) NOT NULL COMMENT '생성 ip',
  `updated_at` datetime NOT NULL COMMENT '수정 시각',
  `updated_ip` varchar(15) NOT NULL COMMENT '수정 ip',
  PRIMARY KEY (`exp_id`),
  KEY `user_id` (`user_id`),
  KEY `family_id` (`family_id`),
  CONSTRAINT `exp_history_ibfk_1` FOREIGN KEY (`user_id`) REFERENCES `user` (`user_id`),
  CONSTRAINT `exp_history_ibfk_2` FOREIGN KEY (`family_id`) REFERENCES `family` (`family_id`)
) ENGINE=InnoDB AUTO_INCREMENT=176 DEFAULT CHARSET=utf8mb4 COLLATE=utf8mb4_0900_ai_ci;

-- 테이블 데이터 abbboo.exp_history:~157 rows (대략적) 내보내기
INSERT INTO `exp_history` (`exp_id`, `user_id`, `family_id`, `level`, `point`, `content`, `created_at`, `created_ip`, `updated_at`, `updated_ip`) VALUES
	(1, 1, 2, 1, 5, '스토리 작성으로 경험치 +5', '2024-05-14 16:52:12', '118.235.14.87', '2024-05-14 16:52:12', '118.235.14.87'),
	(2, 7, 3, 1, 5, '스토리 작성으로 경험치 +5', '2024-05-14 16:55:26', '14.46.142.186', '2024-05-14 16:55:26', '14.46.142.186'),
	(3, 4, 2, 1, 5, '스토리 작성으로 경험치 +5', '2024-05-14 16:57:57', '118.235.11.177', '2024-05-14 16:57:57', '118.235.11.177'),
	(4, 10, 2, 1, 5, '스토리 작성으로 경험치 +5', '2024-05-14 16:58:32', '223.62.148.240', '2024-05-14 16:58:32', '223.62.148.240'),
	(5, 12, 2, 1, 1, '일일 로그인으로 경험치 +1', '2024-05-14 17:02:05', '172.226.94.44', '2024-05-14 17:02:05', '172.226.94.44'),
	(6, 12, 2, 1, 5, '스토리 작성으로 경험치 +5', '2024-05-14 17:04:18', '172.226.94.44', '2024-05-14 17:04:18', '172.226.94.44'),
	(7, 10, 2, 1, 1, '일일 로그인으로 경험치 +1', '2024-05-14 17:33:33', '223.62.148.29', '2024-05-14 17:33:33', '223.62.148.29'),
	(8, 1, 5, 1, 1, '일일 로그인으로 경험치 +1', '2024-05-14 17:38:17', '118.235.14.87', '2024-05-14 17:38:17', '118.235.14.87'),
	(9, 4, 4, 1, 1, '일일 로그인으로 경험치 +1', '2024-05-14 17:38:27', '118.235.11.177', '2024-05-14 17:38:27', '118.235.11.177'),
	(10, 15, 8, 1, 1, '일일 로그인으로 경험치 +1', '2024-05-14 17:41:26', '14.46.142.184', '2024-05-14 17:41:26', '14.46.142.184'),
	(11, 3, 2, 1, 1, '일일 로그인으로 경험치 +1', '2024-05-14 17:46:38', '14.46.142.192', '2024-05-14 17:46:38', '14.46.142.192'),
	(12, 10, 2, 1, 5, '스토리 작성으로 경험치 +5', '2024-05-14 19:12:41', '223.62.148.23', '2024-05-14 19:12:41', '223.62.148.23'),
	(13, 16, 11, 1, 1, '일일 로그인으로 경험치 +1', '2024-05-14 19:12:58', '106.101.129.210', '2024-05-14 19:12:58', '106.101.129.210'),
	(14, 16, 2, 1, 5, '스토리 작성으로 경험치 +5', '2024-05-14 19:15:05', '106.101.129.210', '2024-05-14 19:15:05', '106.101.129.210'),
	(15, 10, 2, 1, 5, '스토리 작성으로 경험치 +5', '2024-05-14 20:00:06', '223.62.147.48', '2024-05-14 20:00:06', '223.62.147.48'),
	(16, 18, 15, 1, 1, '일일 로그인으로 경험치 +1', '2024-05-14 21:30:59', '106.101.129.210', '2024-05-14 21:30:59', '106.101.129.210'),
	(17, 18, 2, 1, 1, '일일 로그인으로 경험치 +1', '2024-05-15 09:40:53', '122.43.138.244', '2024-05-15 09:40:53', '122.43.138.244'),
	(18, 10, 2, 1, 1, '일일 로그인으로 경험치 +1', '2024-05-15 14:50:53', '116.36.40.48', '2024-05-15 14:50:53', '116.36.40.48'),
	(19, 12, 2, 2, 5, '스토리 작성으로 경험치 +5', '2024-05-15 15:23:40', '172.226.95.41', '2024-05-15 15:23:40', '172.226.95.41'),
	(20, 19, 17, 1, 1, '일일 로그인으로 경험치 +1', '2024-05-15 15:27:57', '121.129.157.72', '2024-05-15 15:27:57', '121.129.157.72'),
	(21, 19, 17, 1, 5, '스토리 작성으로 경험치 +5', '2024-05-15 15:30:06', '121.129.157.72', '2024-05-15 15:30:06', '121.129.157.72'),
	(22, 12, 17, 1, 1, '일일 로그인으로 경험치 +1', '2024-05-15 15:38:50', '59.151.225.72', '2024-05-15 15:38:50', '59.151.225.72'),
	(23, 12, 17, 1, 1, '일일 로그인으로 경험치 +1', '2024-05-16 09:18:46', '14.46.141.222', '2024-05-16 09:18:46', '14.46.141.222'),
	(24, 12, 17, 1, 1, '일일 로그인으로 경험치 +1', '2024-05-16 09:18:46', '14.46.141.222', '2024-05-16 09:18:46', '14.46.141.222'),
	(25, 3, 9, 1, 1, '일일 로그인으로 경험치 +1', '2024-05-16 09:43:03', '118.235.83.135', '2024-05-16 09:43:03', '118.235.83.135'),
	(26, 12, 2, 2, 5, '스토리 작성으로 경험치 +5', '2024-05-16 10:45:31', '172.225.52.227', '2024-05-16 10:45:31', '172.225.52.227'),
	(27, 18, 16, 1, 1, '일일 로그인으로 경험치 +1', '2024-05-16 11:56:31', '106.101.3.175', '2024-05-16 11:56:31', '106.101.3.175'),
	(28, 18, 16, 1, 5, '스토리 작성으로 경험치 +5', '2024-05-16 11:59:34', '106.101.3.175', '2024-05-16 11:59:34', '106.101.3.175'),
	(29, 18, 16, 1, 5, '스토리 작성으로 경험치 +5', '2024-05-16 11:59:51', '106.101.3.175', '2024-05-16 11:59:51', '106.101.3.175'),
	(30, 21, 16, 1, 1, '일일 로그인으로 경험치 +1', '2024-05-16 12:10:36', '117.111.28.83', '2024-05-16 12:10:36', '117.111.28.83'),
	(31, 4, 2, 2, 5, '스토리 작성으로 경험치 +5', '2024-05-16 13:28:17', '39.7.46.246', '2024-05-16 13:28:17', '39.7.46.246'),
	(32, 4, 2, 2, 5, '스토리 작성으로 경험치 +5', '2024-05-16 13:34:43', '14.46.141.244', '2024-05-16 13:34:43', '14.46.141.244'),
	(33, 23, 16, 1, 1, '일일 로그인으로 경험치 +1', '2024-05-16 13:59:50', '118.235.84.155', '2024-05-16 13:59:50', '118.235.84.155'),
	(34, 26, 21, 1, 1, '일일 로그인으로 경험치 +1', '2024-05-16 14:19:08', '14.46.142.171', '2024-05-16 14:19:08', '14.46.142.171'),
	(35, 30, 21, 1, 5, '스토리 작성으로 경험치 +5', '2024-05-16 14:33:30', '223.39.174.230', '2024-05-16 14:33:30', '223.39.174.230'),
	(36, 30, 21, 1, 5, '스토리 작성으로 경험치 +5', '2024-05-16 14:40:16', '223.39.174.230', '2024-05-16 14:40:16', '223.39.174.230'),
	(37, 30, 21, 1, 5, '스토리 작성으로 경험치 +5', '2024-05-16 14:40:24', '223.39.174.230', '2024-05-16 14:40:24', '223.39.174.230'),
	(38, 30, 21, 1, 5, '스토리 작성으로 경험치 +5', '2024-05-16 14:40:29', '223.39.174.230', '2024-05-16 14:40:29', '223.39.174.230'),
	(39, 47, 25, 1, 5, '스토리 작성으로 경험치 +5', '2024-05-16 15:06:59', '14.46.141.178', '2024-05-16 15:06:59', '14.46.141.178'),
	(40, 43, 28, 1, 1, '일일 로그인으로 경험치 +1', '2024-05-16 15:26:04', '14.46.142.184', '2024-05-16 15:26:04', '14.46.142.184'),
	(41, 43, 28, 1, 1, '일일 로그인으로 경험치 +1', '2024-05-16 15:26:04', '14.46.142.184', '2024-05-16 15:26:04', '14.46.142.184'),
	(42, 56, 29, 1, 1, '일일 로그인으로 경험치 +1', '2024-05-16 16:12:58', '14.46.141.222', '2024-05-16 16:12:58', '14.46.141.222'),
	(43, 56, 21, 2, 5, '스토리 작성으로 경험치 +5', '2024-05-16 16:18:17', '14.46.141.222', '2024-05-16 16:18:17', '14.46.141.222'),
	(44, 56, 21, 2, 5, '스토리 작성으로 경험치 +5', '2024-05-16 16:18:25', '14.46.141.222', '2024-05-16 16:18:25', '14.46.141.222'),
	(45, 56, 21, 2, 5, '스토리 작성으로 경험치 +5', '2024-05-16 16:18:31', '14.46.141.222', '2024-05-16 16:18:31', '14.46.141.222'),
	(46, 56, 21, 2, 5, '스토리 작성으로 경험치 +5', '2024-05-16 16:19:02', '14.46.141.222', '2024-05-16 16:19:02', '14.46.141.222'),
	(47, 56, 21, 2, 5, '스토리 작성으로 경험치 +5', '2024-05-16 16:19:23', '14.46.141.222', '2024-05-16 16:19:23', '14.46.141.222'),
	(48, 56, 21, 2, 5, '스토리 작성으로 경험치 +5', '2024-05-16 16:29:01', '14.46.141.222', '2024-05-16 16:29:01', '14.46.141.222'),
	(49, 56, 21, 2, 5, '스토리 작성으로 경험치 +5', '2024-05-16 16:29:07', '14.46.141.222', '2024-05-16 16:29:07', '14.46.141.222'),
	(50, 56, 21, 2, 5, '스토리 작성으로 경험치 +5', '2024-05-16 16:29:13', '14.46.141.222', '2024-05-16 16:29:13', '14.46.141.222'),
	(51, 56, 21, 2, 5, '스토리 작성으로 경험치 +5', '2024-05-16 16:29:55', '14.46.141.222', '2024-05-16 16:29:55', '14.46.141.222'),
	(52, 61, 30, 1, 5, '스토리 작성으로 경험치 +5', '2024-05-16 16:37:42', '211.192.252.158', '2024-05-16 16:37:42', '211.192.252.158'),
	(53, 59, 30, 1, 1, '일일 로그인으로 경험치 +1', '2024-05-16 16:37:48', '211.234.192.158', '2024-05-16 16:37:48', '211.234.192.158'),
	(54, 60, 30, 1, 5, '스토리 작성으로 경험치 +5', '2024-05-16 16:38:13', '211.192.252.221', '2024-05-16 16:38:13', '211.192.252.221'),
	(55, 64, 32, 1, 1, '일일 로그인으로 경험치 +1', '2024-05-16 17:15:52', '39.7.28.184', '2024-05-16 17:15:52', '39.7.28.184'),
	(56, 64, 32, 1, 5, '스토리 작성으로 경험치 +5', '2024-05-16 17:17:30', '39.7.28.184', '2024-05-16 17:17:30', '39.7.28.184'),
	(57, 66, 32, 1, 1, '일일 로그인으로 경험치 +1', '2024-05-16 17:19:50', '118.235.10.205', '2024-05-16 17:19:50', '118.235.10.205'),
	(58, 67, 33, 1, 5, '스토리 작성으로 경험치 +5', '2024-05-16 17:21:26', '14.46.142.231', '2024-05-16 17:21:26', '14.46.142.231'),
	(59, 1, 2, 2, 1, '일일 로그인으로 경험치 +1', '2024-05-16 17:37:48', '39.7.230.84', '2024-05-16 17:37:48', '39.7.230.84'),
	(60, 1, 32, 1, 5, '스토리 작성으로 경험치 +5', '2024-05-16 17:41:13', '39.7.230.84', '2024-05-16 17:41:13', '39.7.230.84'),
	(61, 64, 32, 1, 3, '정성스러운 편지 작성으로 경험치 +3', '2024-05-16 17:46:06', '39.7.28.184', '2024-05-16 17:46:06', '39.7.28.184'),
	(62, 22, 16, 1, 1, '일일 로그인으로 경험치 +1', '2024-05-16 17:48:52', '14.46.142.208', '2024-05-16 17:48:52', '14.46.142.208'),
	(63, 41, 32, 1, 1, '일일 로그인으로 경험치 +1', '2024-05-16 18:31:06', '118.235.2.91', '2024-05-16 18:31:06', '118.235.2.91'),
	(64, 12, 2, 2, 5, '스토리 작성으로 경험치 +5', '2024-05-16 18:31:49', '172.226.95.41', '2024-05-16 18:31:49', '172.226.95.41'),
	(65, 10, 2, 2, 5, '스토리 작성으로 경험치 +5', '2024-05-16 18:34:20', '223.62.147.29', '2024-05-16 18:34:20', '223.62.147.29'),
	(66, 63, 36, 1, 1, '일일 로그인으로 경험치 +1', '2024-05-16 18:41:38', '211.234.206.195', '2024-05-16 18:41:38', '211.234.206.195'),
	(67, 1, 32, 1, 5, '스토리 작성으로 경험치 +5', '2024-05-16 18:42:38', '39.7.230.84', '2024-05-16 18:42:38', '39.7.230.84'),
	(68, 64, 34, 1, 5, '스토리 작성으로 경험치 +5', '2024-05-16 19:39:16', '39.7.28.184', '2024-05-16 19:39:16', '39.7.28.184'),
	(69, 66, 34, 1, 5, '스토리 작성으로 경험치 +5', '2024-05-16 19:40:10', '118.235.10.205', '2024-05-16 19:40:10', '118.235.10.205'),
	(70, 10, 2, 2, 1, '일일 로그인으로 경험치 +1', '2024-05-16 20:32:38', '211.194.200.134', '2024-05-16 20:32:38', '211.194.200.134'),
	(71, 10, 2, 2, 1, '일일 로그인으로 경험치 +1', '2024-05-16 20:32:38', '211.194.200.134', '2024-05-16 20:32:38', '211.194.200.134'),
	(72, 3, 2, 2, 5, '스토리 작성으로 경험치 +5', '2024-05-16 21:41:32', '118.235.83.221', '2024-05-16 21:41:32', '118.235.83.221'),
	(73, 3, 2, 2, 3, '정성스러운 편지 작성으로 경험치 +3', '2024-05-16 21:43:18', '118.235.83.221', '2024-05-16 21:43:18', '118.235.83.221'),
	(74, 3, 2, 2, 3, '정성스러운 편지 작성으로 경험치 +3', '2024-05-16 21:43:18', '118.235.83.221', '2024-05-16 21:43:18', '118.235.83.221'),
	(75, 64, 32, 1, 5, '스토리 작성으로 경험치 +5', '2024-05-16 22:07:56', '39.7.28.184', '2024-05-16 22:07:56', '39.7.28.184'),
	(76, 64, 32, 1, 5, '스토리 작성으로 경험치 +5', '2024-05-17 00:16:34', '222.108.238.36', '2024-05-17 00:16:34', '222.108.238.36'),
	(77, 12, 2, 2, 1, '일일 로그인으로 경험치 +1', '2024-05-17 00:21:17', '59.151.225.72', '2024-05-17 00:21:17', '59.151.225.72'),
	(78, 12, 2, 2, 1, '일일 로그인으로 경험치 +1', '2024-05-17 00:21:17', '59.151.225.72', '2024-05-17 00:21:17', '59.151.225.72'),
	(79, 1, 32, 2, 1, '일일 로그인으로 경험치 +1', '2024-05-17 00:56:40', '210.105.105.199', '2024-05-17 00:56:40', '210.105.105.199'),
	(80, 34, 38, 1, 5, '스토리 작성으로 경험치 +5', '2024-05-17 09:44:08', '14.46.142.194', '2024-05-17 09:44:08', '14.46.142.194'),
	(81, 3, 2, 2, 1, '일일 로그인으로 경험치 +1', '2024-05-17 09:44:20', '14.46.142.192', '2024-05-17 09:44:20', '14.46.142.192'),
	(82, 72, 38, 1, 5, '스토리 작성으로 경험치 +5', '2024-05-17 09:44:33', '14.46.142.203', '2024-05-17 09:44:33', '14.46.142.203'),
	(83, 56, 2, 2, 1, '일일 로그인으로 경험치 +1', '2024-05-17 13:41:17', '223.39.174.229', '2024-05-17 13:41:17', '223.39.174.229'),
	(84, 4, 2, 2, 1, '일일 로그인으로 경험치 +1', '2024-05-17 14:25:24', '14.46.141.244', '2024-05-17 14:25:24', '14.46.141.244'),
	(85, 10, 2, 2, 1, '일일 로그인으로 경험치 +1', '2024-05-17 15:16:16', '14.46.142.182', '2024-05-17 15:16:16', '14.46.142.182'),
	(86, 12, 2, 2, 5, '스토리 작성으로 경험치 +5', '2024-05-17 15:23:03', '14.46.141.222', '2024-05-17 15:23:03', '14.46.141.222'),
	(87, 70, 41, 1, 5, '스토리 작성으로 경험치 +5', '2024-05-17 15:42:50', '14.46.142.184', '2024-05-17 15:42:50', '14.46.142.184'),
	(88, 23, 16, 1, 1, '일일 로그인으로 경험치 +1', '2024-05-17 16:33:06', '118.235.83.80', '2024-05-17 16:33:06', '118.235.83.80'),
	(89, 1, 2, 2, 5, '스토리 작성으로 경험치 +5', '2024-05-17 16:37:09', '118.235.14.66', '2024-05-17 16:37:09', '118.235.14.66'),
	(90, 1, 2, 2, 5, '스토리 작성으로 경험치 +5', '2024-05-17 16:37:36', '118.235.14.66', '2024-05-17 16:37:36', '118.235.14.66'),
	(93, 12, 2, 2, 5, '스토리 작성으로 경험치 +5', '2024-05-17 16:37:36', '118.235.14.66', '2024-05-17 16:37:36', '118.235.14.66'),
	(94, 10, 2, 2, 5, '스토리 작성으로 경험치 +5', '2024-05-17 16:37:36', '118.235.14.66', '2024-05-17 16:37:36', '118.235.14.66'),
	(96, 12, 18, 1, 5, '스토리 작성으로 경험치 +5', '2024-05-17 16:52:14', '14.46.141.222', '2024-05-17 16:52:14', '14.46.141.222'),
	(97, 12, 18, 1, 5, '스토리 작성으로 경험치 +5', '2024-05-17 16:52:20', '14.46.141.222', '2024-05-17 16:52:20', '14.46.141.222'),
	(98, 64, 32, 2, 5, '스토리 작성으로 경험치 +5', '2024-05-17 16:54:42', '39.7.230.254', '2024-05-17 16:54:42', '39.7.230.254'),
	(99, 1, 2, 3, 5, '스토리 작성으로 경험치 +5', '2024-05-17 16:55:57', '127.0.0.1', '2024-05-17 16:55:57', '127.0.0.1'),
	(100, 1, 2, 3, 5, '스토리 작성으로 경험치 +5', '2024-05-17 16:58:01', '127.0.0.1', '2024-05-17 16:58:01', '127.0.0.1'),
	(101, 1, 2, 3, 5, '스토리 작성으로 경험치 +5', '2024-05-17 17:02:15', '127.0.0.1', '2024-05-17 17:02:15', '127.0.0.1'),
	(102, 1, 2, 3, 5, '스토리 작성으로 경험치 +5', '2024-05-17 17:03:03', '127.0.0.1', '2024-05-17 17:03:03', '127.0.0.1'),
	(103, 1, 2, 3, 5, '스토리 작성으로 경험치 +5', '2024-05-17 17:03:40', '127.0.0.1', '2024-05-17 17:03:40', '127.0.0.1'),
	(104, 64, 32, 2, 1, '일일 로그인으로 경험치 +1', '2024-05-17 17:24:51', '39.7.230.254', '2024-05-17 17:24:51', '39.7.230.254'),
	(105, 4, 42, 1, 3, '정성스러운 편지 작성으로 경험치 +3', '2024-05-17 17:26:50', '14.46.141.244', '2024-05-17 17:26:50', '14.46.141.244'),
	(106, 1, 32, 2, 3, '정성스러운 편지 작성으로 경험치 +3', '2024-05-17 17:26:59', '118.235.14.66', '2024-05-17 17:26:59', '118.235.14.66'),
	(107, 4, 42, 1, 5, '스토리 작성으로 경험치 +5', '2024-05-17 17:27:59', '39.7.28.170', '2024-05-17 17:27:59', '39.7.28.170'),
	(108, 70, 41, 1, 1, '일일 로그인으로 경험치 +1', '2024-05-17 18:08:22', '106.101.3.107', '2024-05-17 18:08:22', '106.101.3.107'),
	(109, 77, 42, 1, 1, '일일 로그인으로 경험치 +1', '2024-05-17 18:10:57', '126.255.118.99', '2024-05-17 18:10:57', '126.255.118.99'),
	(110, 10, 2, 3, 5, '스토리 작성으로 경험치 +5', '2024-05-17 18:16:57', '223.62.147.37', '2024-05-17 18:16:57', '223.62.147.37'),
	(111, 19, 17, 1, 1, '일일 로그인으로 경험치 +1', '2024-05-17 18:20:32', '118.235.65.232', '2024-05-17 18:20:32', '118.235.65.232'),
	(112, 12, 17, 1, 5, '스토리 작성으로 경험치 +5', '2024-05-17 18:25:38', '172.226.94.42', '2024-05-17 18:25:38', '172.226.94.42'),
	(113, 19, 17, 1, 5, '스토리 작성으로 경험치 +5', '2024-05-17 18:27:19', '118.235.66.144', '2024-05-17 18:27:19', '118.235.66.144'),
	(114, 19, 17, 1, 5, '스토리 작성으로 경험치 +5', '2024-05-17 18:29:00', '118.235.66.144', '2024-05-17 18:29:00', '118.235.66.144'),
	(115, 19, 17, 1, 3, '정성스러운 편지 작성으로 경험치 +3', '2024-05-17 18:33:21', '118.235.66.144', '2024-05-17 18:33:21', '118.235.66.144'),
	(116, 12, 17, 1, 3, '정성스러운 편지 작성으로 경험치 +3', '2024-05-17 18:41:10', '172.226.95.43', '2024-05-17 18:41:10', '172.226.95.43'),
	(117, 12, 17, 1, 5, '스토리 작성으로 경험치 +5', '2024-05-17 18:46:08', '172.226.95.40', '2024-05-17 18:46:08', '172.226.95.40'),
	(118, 19, 17, 2, 5, '스토리 작성으로 경험치 +5', '2024-05-17 19:07:42', '119.192.57.6', '2024-05-17 19:07:42', '119.192.57.6'),
	(119, 1, 32, 2, 5, '스토리 작성으로 경험치 +5', '2024-05-17 20:34:11', '116.36.40.48', '2024-05-17 20:34:11', '116.36.40.48'),
	(120, 80, 2, 3, 1, '일일 로그인으로 경험치 +1', '2024-05-17 20:41:07', '106.101.3.107', '2024-05-17 20:41:07', '106.101.3.107'),
	(121, 10, 43, 1, 5, '스토리 작성으로 경험치 +5', '2024-05-17 20:53:02', '116.36.40.7', '2024-05-17 20:53:02', '116.36.40.7'),
	(122, 10, 43, 1, 5, '스토리 작성으로 경험치 +5', '2024-05-17 20:55:53', '127.0.0.1', '2024-05-17 20:55:53', '127.0.0.1'),
	(123, 10, 43, 1, 5, '스토리 작성으로 경험치 +5', '2024-05-17 20:57:17', '127.0.0.1', '2024-05-17 20:57:17', '127.0.0.1'),
	(124, 10, 43, 1, 5, '스토리 작성으로 경험치 +5', '2024-05-17 21:00:21', '127.0.0.1', '2024-05-17 21:00:21', '127.0.0.1'),
	(125, 10, 43, 1, 5, '스토리 작성으로 경험치 +5', '2024-05-17 21:04:00', '127.0.0.1', '2024-05-17 21:04:00', '127.0.0.1'),
	(126, 10, 43, 1, 5, '스토리 작성으로 경험치 +5', '2024-05-17 21:05:46', '127.0.0.1', '2024-05-17 21:05:46', '127.0.0.1'),
	(127, 10, 43, 1, 5, '스토리 작성으로 경험치 +5', '2024-05-17 21:05:49', '127.0.0.1', '2024-05-17 21:05:49', '127.0.0.1'),
	(128, 10, 43, 1, 5, '스토리 작성으로 경험치 +5', '2024-05-17 21:05:59', '127.0.0.1', '2024-05-17 21:05:59', '127.0.0.1'),
	(129, 10, 43, 1, 5, '스토리 작성으로 경험치 +5', '2024-05-17 21:06:26', '127.0.0.1', '2024-05-17 21:06:26', '127.0.0.1'),
	(130, 81, 43, 1, 5, '스토리 작성으로 경험치 +5', '2024-05-17 21:31:10', '106.101.3.107', '2024-05-17 21:31:10', '106.101.3.107'),
	(131, 10, 43, 1, 5, '스토리 작성으로 경험치 +5', '2024-05-17 21:58:10', '223.62.148.231', '2024-05-17 21:58:10', '223.62.148.231'),
	(132, 10, 43, 1, 5, '스토리 작성으로 경험치 +5', '2024-05-17 21:58:49', '223.62.148.231', '2024-05-17 21:58:49', '223.62.148.231'),
	(133, 81, 43, 1, 1, '일일 로그인으로 경험치 +1', '2024-05-17 21:59:28', '106.101.3.107', '2024-05-17 21:59:28', '106.101.3.107'),
	(134, 10, 43, 1, 5, '스토리 작성으로 경험치 +5', '2024-05-17 21:59:47', '223.62.148.231', '2024-05-17 21:59:47', '223.62.148.231'),
	(135, 12, 2, 3, 5, '스토리 작성으로 경험치 +5', '2024-05-17 22:33:43', '172.226.95.40', '2024-05-17 22:33:43', '172.226.95.40'),
	(136, 10, 2, 3, 5, '스토리 작성으로 경험치 +5', '2024-05-17 22:36:47', '223.62.148.81', '2024-05-17 22:36:47', '223.62.148.81'),
	(137, 10, 2, 3, 5, '스토리 작성으로 경험치 +5', '2024-05-17 22:37:26', '223.62.148.233', '2024-05-17 22:37:26', '223.62.148.233'),
	(138, 10, 2, 3, 5, '스토리 작성으로 경험치 +5', '2024-05-17 22:39:29', '223.62.148.97', '2024-05-17 22:39:29', '223.62.148.97'),
	(139, 12, 2, 3, 189, '스페셜 경험치 +189', '2024-05-17 22:50:29', '172.226.95.43', '2024-05-17 22:50:29', '172.226.95.43'),
	(140, 10, 2, 4, 1, '일일 로그인으로 경험치 +1', '2024-05-18 01:47:19', '211.194.200.29', '2024-05-18 01:47:19', '211.194.200.29'),
	(141, 81, 2, 4, 1, '일일 로그인으로 경험치 +1', '2024-05-18 10:03:46', '122.43.138.244', '2024-05-18 10:03:46', '122.43.138.244'),
	(142, 1, 2, 4, 5, '스토리 작성으로 경험치 +5', '2024-05-18 12:11:24', '210.105.105.199', '2024-05-18 12:11:24', '210.105.105.199'),
	(143, 10, 2, 4, 5, '스토리 작성으로 경험치 +5', '2024-05-18 12:12:08', '211.194.200.29', '2024-05-18 12:12:08', '211.194.200.29'),
	(145, 10, 44, 1, 5, '스토리 작성으로 경험치 +5', '2024-05-18 16:21:44', '223.62.147.158', '2024-05-18 16:21:44', '223.62.147.158'),
	(146, 10, 44, 1, 5, '스토리 작성으로 경험치 +5', '2024-05-18 16:22:03', '223.62.147.158', '2024-05-18 16:22:03', '223.62.147.158'),
	(147, 10, 44, 1, 5, '스토리 작성으로 경험치 +5', '2024-05-18 16:22:14', '223.62.147.158', '2024-05-18 16:22:14', '223.62.147.158'),
	(148, 10, 44, 1, 5, '스토리 작성으로 경험치 +5', '2024-05-18 16:22:22', '223.62.147.158', '2024-05-18 16:22:22', '223.62.147.158'),
	(149, 10, 45, 1, 5, '스토리 작성으로 경험치 +5', '2024-05-18 16:25:08', '223.62.148.84', '2024-05-18 16:25:08', '223.62.148.84'),
	(150, 10, 45, 1, 5, '스토리 작성으로 경험치 +5', '2024-05-18 16:25:17', '223.62.148.84', '2024-05-18 16:25:17', '223.62.148.84'),
	(151, 10, 45, 1, 5, '스토리 작성으로 경험치 +5', '2024-05-18 16:25:26', '223.62.148.135', '2024-05-18 16:25:26', '223.62.148.135'),
	(152, 10, 45, 1, 5, '스토리 작성으로 경험치 +5', '2024-05-18 16:25:34', '223.62.147.169', '2024-05-18 16:25:34', '223.62.147.169'),
	(153, 1, 2, 4, 5, '스토리 작성으로 경험치 +5', '2024-05-18 21:19:30', '39.7.28.193', '2024-05-18 21:19:30', '39.7.28.193'),
	(154, 69, 37, 1, 1, '일일 로그인으로 경험치 +1', '2024-05-18 21:35:14', '106.101.129.149', '2024-05-18 21:35:14', '106.101.129.149'),
	(155, 10, 2, 4, 1, '일일 로그인으로 경험치 +1', '2024-05-19 01:17:28', '223.62.147.169', '2024-05-19 01:17:28', '223.62.147.169'),
	(156, 3, 2, 4, 5, '스토리 작성으로 경험치 +5', '2024-05-19 01:30:53', '118.235.82.229', '2024-05-19 01:30:53', '118.235.82.229'),
	(157, 10, 47, 1, 5, '스토리 작성으로 경험치 +5', '2024-05-19 13:35:31', '211.194.200.29', '2024-05-19 13:35:31', '211.194.200.29'),
	(158, 81, 47, 1, 5, '스토리 작성으로 경험치 +5', '2024-05-19 13:36:52', '106.101.129.74', '2024-05-19 13:36:52', '106.101.129.74'),
	(159, 1, 2, 4, 1, '일일 로그인으로 경험치 +1', '2024-05-19 16:07:45', '118.235.11.92', '2024-05-19 16:07:45', '118.235.11.92'),
	(160, 19, 17, 2, 3, '정성스러운 편지 작성으로 경험치 +3', '2024-05-19 17:53:19', '121.129.157.72', '2024-05-19 17:53:19', '121.129.157.72'),
	(161, 19, 17, 2, 1, '일일 로그인으로 경험치 +1', '2024-05-19 17:54:16', '121.129.157.72', '2024-05-19 17:54:16', '121.129.157.72'),
	(162, 84, 46, 1, 1, '일일 로그인으로 경험치 +1', '2024-05-19 18:14:56', '118.235.82.190', '2024-05-19 18:14:56', '118.235.82.190'),
	(163, 10, 48, 1, 3, '정성스러운 편지 작성으로 경험치 +3', '2024-05-19 19:45:24', '223.62.148.153', '2024-05-19 19:45:24', '223.62.148.153'),
	(164, 4, 2, 4, 1, '일일 로그인으로 경험치 +1', '2024-05-19 20:37:55', '211.229.19.152', '2024-05-19 20:37:55', '211.229.19.152'),
	(165, 88, 2, 4, 1, '일일 로그인으로 경험치 +1', '2024-05-19 20:48:20', '118.235.83.192', '2024-05-19 20:48:20', '118.235.83.192'),
	(166, 12, 48, 1, 1, '일일 로그인으로 경험치 +1', '2024-05-19 21:15:01', '211.224.75.195', '2024-05-19 21:15:01', '211.224.75.195'),
	(167, 1, 48, 1, 5, '스토리 작성으로 경험치 +5', '2024-05-19 21:45:16', '118.235.11.92', '2024-05-19 21:45:16', '118.235.11.92'),
	(168, 81, 48, 1, 1, '일일 로그인으로 경험치 +1', '2024-05-19 21:59:25', '122.43.138.244', '2024-05-19 21:59:25', '122.43.138.244'),
	(169, 1, 2, 4, 5, '스토리 작성으로 경험치 +5', '2024-05-19 22:04:57', '118.235.11.92', '2024-05-19 22:04:57', '118.235.11.92'),
	(170, 1, 2, 4, 5, '스토리 작성으로 경험치 +5', '2024-05-19 22:16:03', '118.235.11.92', '2024-05-19 22:16:03', '118.235.11.92'),
	(171, 12, 2, 4, 5, '스토리 작성으로 경험치 +5', '2024-05-19 22:30:28', '172.225.52.219', '2024-05-19 22:30:28', '172.225.52.219'),
	(172, 1, 2, 4, 5, '스토리 작성으로 경험치 +5', '2024-05-19 22:40:06', '118.235.11.92', '2024-05-19 22:40:06', '118.235.11.92'),
	(173, 88, 2, 4, 3, '정성스러운 편지 작성으로 경험치 +3', '2024-05-19 22:40:15', '118.235.83.12', '2024-05-19 22:40:15', '118.235.83.12'),
	(174, 88, 2, 4, 3, '정성스러운 편지 작성으로 경험치 +3', '2024-05-19 22:43:19', '118.235.82.104', '2024-05-19 22:43:19', '118.235.82.104'),
	(175, 10, 2, 4, 1, '일일 로그인으로 경험치 +1', '2024-05-20 00:06:52', '211.194.200.29', '2024-05-20 00:06:52', '211.194.200.29');

-- 테이블 abbboo.family 구조 내보내기
CREATE TABLE IF NOT EXISTS `family` (
  `family_id` int NOT NULL AUTO_INCREMENT COMMENT '가족 id',
  `family_code` varchar(10) NOT NULL COMMENT '가족 초대용 구분 코드',
  `level` int NOT NULL DEFAULT '1' COMMENT '현재 민들레 레벨',
  `created_at` datetime NOT NULL COMMENT '생성 시각',
  `created_ip` varchar(15) NOT NULL COMMENT '생성 ip',
  `updated_at` datetime NOT NULL COMMENT '수정 시각',
  `updated_ip` varchar(15) NOT NULL COMMENT '수정 ip',
  PRIMARY KEY (`family_id`),
  UNIQUE KEY `family_code` (`family_code`)
) ENGINE=InnoDB AUTO_INCREMENT=49 DEFAULT CHARSET=utf8mb4 COLLATE=utf8mb4_0900_ai_ci;

-- 테이블 데이터 abbboo.family:~48 rows (대략적) 내보내기
INSERT INTO `family` (`family_id`, `family_code`, `level`, `created_at`, `created_ip`, `updated_at`, `updated_ip`) VALUES
	(1, 'e9af3cba', 1, '2024-05-14 16:50:50', '14.46.142.184', '2024-05-14 16:50:50', '14.46.142.184'),
	(2, '689734c1', 4, '2024-05-14 16:51:07', '118.235.14.87', '2024-05-17 22:51:57', '116.36.40.48'),
	(3, '5d9a5644', 1, '2024-05-14 16:54:14', '14.46.142.186', '2024-05-14 16:54:14', '14.46.142.186'),
	(4, 'e4a451bb', 1, '2024-05-14 16:58:48', '118.235.11.177', '2024-05-14 16:58:48', '118.235.11.177'),
	(5, 'c3b875f2', 1, '2024-05-14 17:05:35', '118.235.14.87', '2024-05-14 17:05:35', '118.235.14.87'),
	(6, 'bfae0940', 1, '2024-05-14 17:32:53', '106.101.129.210', '2024-05-14 17:32:53', '106.101.129.210'),
	(7, '65a258f2', 1, '2024-05-14 17:37:30', '106.101.129.210', '2024-05-14 17:37:30', '106.101.129.210'),
	(8, '2a9b18cb', 1, '2024-05-14 17:37:34', '106.101.129.210', '2024-05-14 17:37:34', '106.101.129.210'),
	(9, 'a3954813', 1, '2024-05-14 17:47:52', '14.46.142.184', '2024-05-14 17:47:52', '14.46.142.184'),
	(10, '34a52842', 1, '2024-05-14 18:35:59', '106.101.128.235', '2024-05-14 18:35:59', '106.101.128.235'),
	(11, '8f876e12', 1, '2024-05-14 18:45:38', '106.101.129.210', '2024-05-14 18:45:38', '106.101.129.210'),
	(12, 'df911ac1', 1, '2024-05-14 20:25:32', '58.237.156.68', '2024-05-14 20:25:32', '58.237.156.68'),
	(13, 'f895e8a5', 1, '2024-05-14 20:50:51', '106.101.129.210', '2024-05-14 20:50:51', '106.101.129.210'),
	(14, '0ab76337', 1, '2024-05-14 20:55:37', '58.237.156.68', '2024-05-14 20:55:37', '58.237.156.68'),
	(15, 'd9943950', 1, '2024-05-14 21:30:40', '106.101.129.210', '2024-05-14 21:30:40', '106.101.129.210'),
	(16, '569b0a0d', 1, '2024-05-15 10:56:17', '106.101.3.175', '2024-05-15 10:56:17', '106.101.3.175'),
	(17, '3eae517e', 2, '2024-05-15 15:25:52', '121.129.157.72', '2024-05-17 18:55:57', '118.235.66.192'),
	(18, 'dba325da', 2, '2024-05-16 12:18:42', '14.46.141.222', '2024-05-17 17:02:23', '14.46.141.222'),
	(19, '6a9199a6', 1, '2024-05-16 14:12:18', '14.46.141.228', '2024-05-16 14:12:18', '14.46.141.228'),
	(20, '69a5d04e', 1, '2024-05-16 14:16:15', '211.192.252.203', '2024-05-16 14:16:15', '211.192.252.203'),
	(21, '7f8c8642', 3, '2024-05-16 14:16:31', '14.46.142.171', '2024-05-16 16:30:15', '14.46.141.222'),
	(22, '54826057', 1, '2024-05-16 14:17:01', '211.192.252.144', '2024-05-16 14:17:01', '211.192.252.144'),
	(23, '5f940522', 1, '2024-05-16 14:17:09', '222.107.238.10', '2024-05-16 14:17:09', '222.107.238.10'),
	(24, '62a37423', 1, '2024-05-16 14:43:57', '14.50.47.143', '2024-05-16 14:43:57', '14.50.47.143'),
	(25, '4690beb1', 1, '2024-05-16 15:05:40', '14.46.141.192', '2024-05-16 15:05:40', '14.46.141.192'),
	(26, 'b6b8f90d', 1, '2024-05-16 15:06:52', '118.235.2.66', '2024-05-16 15:06:52', '118.235.2.66'),
	(27, '84a16b7f', 1, '2024-05-16 15:21:31', '14.46.142.153', '2024-05-16 15:21:31', '14.46.142.153'),
	(28, '9db5101b', 1, '2024-05-16 15:25:40', '14.46.142.184', '2024-05-16 15:25:40', '14.46.142.184'),
	(29, '49956b1a', 1, '2024-05-16 16:12:07', '14.46.141.222', '2024-05-16 16:12:07', '14.46.141.222'),
	(30, '4eac7ebd', 1, '2024-05-16 16:33:26', '211.192.210.226', '2024-05-16 16:33:26', '211.192.210.226'),
	(31, '1982b7c3', 1, '2024-05-16 16:35:26', '211.192.210.159', '2024-05-16 16:35:26', '211.192.210.159'),
	(32, '3694511e', 2, '2024-05-16 16:59:33', '39.7.28.184', '2024-05-17 00:16:56', '222.108.238.36'),
	(33, '228826d9', 1, '2024-05-16 17:17:59', '14.46.142.231', '2024-05-16 17:17:59', '14.46.142.231'),
	(34, 'a88bd35a', 2, '2024-05-16 18:02:15', '118.235.10.205', '2024-05-16 19:40:47', '118.235.10.205'),
	(35, '7885aca7', 1, '2024-05-16 18:14:50', '106.101.3.175', '2024-05-16 18:14:50', '106.101.3.175'),
	(36, '6d89c402', 1, '2024-05-16 18:27:49', '211.234.206.195', '2024-05-16 18:27:49', '211.234.206.195'),
	(37, '518dad65', 1, '2024-05-16 20:38:02', '106.101.128.61', '2024-05-16 20:38:02', '106.101.128.61'),
	(38, 'e1ae21bc', 1, '2024-05-17 09:34:46', '14.46.142.194', '2024-05-17 09:34:46', '14.46.142.194'),
	(39, '06ae506a', 1, '2024-05-17 09:54:22', '112.165.123.250', '2024-05-17 09:54:22', '112.165.123.250'),
	(40, 'f0a44e27', 1, '2024-05-17 13:40:37', '118.235.14.66', '2024-05-17 13:40:37', '118.235.14.66'),
	(41, '7d95b2bc', 1, '2024-05-17 15:39:24', '14.46.142.184', '2024-05-17 15:39:24', '14.46.142.184'),
	(42, 'eabfc2c2', 1, '2024-05-17 16:00:38', '113.36.109.194', '2024-05-17 16:00:38', '113.36.109.194'),
	(43, '16872d57', 1, '2024-05-17 20:39:00', '223.62.147.85', '2024-05-17 20:39:00', '223.62.147.85'),
	(44, '7892eee6', 2, '2024-05-18 15:30:03', '223.62.147.116', '2024-05-18 16:23:15', '127.0.0.1'),
	(45, '9ea74b82', 2, '2024-05-18 16:24:09', '223.62.148.8', '2024-05-18 16:25:52', '127.0.0.1'),
	(46, '248e5f17', 1, '2024-05-19 01:59:28', '116.36.40.7', '2024-05-19 01:59:28', '116.36.40.7'),
	(47, 'd7b78116', 1, '2024-05-19 06:56:38', '211.194.200.29', '2024-05-19 06:56:38', '211.194.200.29'),
	(48, 'd0923481', 1, '2024-05-19 16:06:12', '223.62.148.151', '2024-05-19 16:06:12', '223.62.148.151');

-- 테이블 abbboo.message 구조 내보내기
CREATE TABLE IF NOT EXISTS `message` (
  `message_id` bigint NOT NULL AUTO_INCREMENT COMMENT '메시지 id',
  `sender_id` int NOT NULL COMMENT '발신자 유저 id',
  `receiver_id` int NOT NULL COMMENT '수신자 유저 id',
  `is_read` tinyint(1) DEFAULT '0' COMMENT '메시지 읽었는지 여부',
  `content` varchar(100) COLLATE utf8mb4_unicode_ci NOT NULL COMMENT '메시지 내용',
  `tts_url` varchar(2000) COLLATE utf8mb4_unicode_ci NOT NULL COMMENT '메시지를 읽은 음성파일의 s3 url',
  `is_auto` tinyint(1) DEFAULT '0' COMMENT '자동인지 여부',
  `created_at` datetime NOT NULL COMMENT '생성 시각',
  `created_ip` varchar(15) COLLATE utf8mb4_unicode_ci NOT NULL COMMENT '생성 ip',
  `updated_at` datetime NOT NULL COMMENT '수정 시각',
  `updated_ip` varchar(15) COLLATE utf8mb4_unicode_ci NOT NULL COMMENT '수정 ip',
  PRIMARY KEY (`message_id`),
  KEY `sender_id` (`sender_id`),
  KEY `receiver_id` (`receiver_id`),
  CONSTRAINT `message_ibfk_1` FOREIGN KEY (`sender_id`) REFERENCES `user` (`user_id`),
  CONSTRAINT `message_ibfk_2` FOREIGN KEY (`receiver_id`) REFERENCES `user` (`user_id`)
) ENGINE=InnoDB AUTO_INCREMENT=457 DEFAULT CHARSET=utf8mb4 COLLATE=utf8mb4_unicode_ci;

-- 테이블 데이터 abbboo.message:~230 rows (대략적) 내보내기
INSERT INTO `message` (`message_id`, `sender_id`, `receiver_id`, `is_read`, `content`, `tts_url`, `is_auto`, `created_at`, `created_ip`, `updated_at`, `updated_ip`) VALUES
	(1, 4, 1, 1, '누하하 오늘도 수고 많으셨슴당 팀장님~~', 'https://abbboo-nearby.s3.ap-northeast-2.amazonaws.com/tts/782d2f4f-8c79-4c5c-8f1b-07bbbe8628b0-tts.mp3', 0, '2024-05-14 16:57:14', '118.235.11.177', '2024-05-14 16:57:56', '118.235.14.87'),
	(2, 1, 12, 1, '유하하', 'https://abbboo-nearby.s3.ap-northeast-2.amazonaws.com/tts/ef913b52-07cd-4564-bfe1-c00910217dfe-tts.mp3', 0, '2024-05-14 17:03:22', '118.235.14.87', '2024-05-14 18:19:20', '172.224.252.16'),
	(3, 1, 12, 1, '우하하 🍀', 'https://abbboo-nearby.s3.ap-northeast-2.amazonaws.com/tts/8286dbb9-87aa-4134-94b4-efab7e8a0696-tts.mp3', 0, '2024-05-14 17:03:34', '118.235.14.87', '2024-05-14 18:19:25', '172.224.252.16'),
	(4, 1, 10, 1, '🍀우하하', 'https://abbboo-nearby.s3.ap-northeast-2.amazonaws.com/tts/56548f17-2cf3-427d-a3bc-12923e402307-tts.mp3', 0, '2024-05-14 17:04:17', '118.235.14.87', '2024-05-14 20:58:45', '223.62.147.240'),
	(5, 1, 10, 1, '우하하 🍀 고생 많으셨습니다', 'https://abbboo-nearby.s3.ap-northeast-2.amazonaws.com/tts/7bff4c3d-72da-4ae3-876e-3f17c5954ffe-tts.mp3', 0, '2024-05-14 17:04:52', '118.235.14.87', '2024-05-14 20:58:58', '223.62.147.240'),
	(6, 1, 4, 1, '🐶💚ㅎㅎ', 'https://abbboo-nearby.s3.ap-northeast-2.amazonaws.com/tts/1e55c80b-d506-45df-996f-d9bc80605932-tts.mp3', 0, '2024-05-14 17:44:31', '118.235.14.87', '2024-05-15 16:05:13', '119.56.234.188'),
	(7, 12, 1, 1, '가족이 돼주라\n내 집이 돼주라\n나도 날 줄 테니 너도 널 주라\n평생의 연인이야\n네 말대로 말이야\n그래 별과 우주잖아', 'https://abbboo-nearby.s3.ap-northeast-2.amazonaws.com/tts/915f79dc-4a65-4e23-8375-9bb0dc7c9f8b-tts.mp3', 0, '2024-05-14 18:17:36', '172.224.252.16', '2024-05-14 18:53:38', '118.235.14.87'),
	(8, 12, 19, 1, '안뇽??', 'https://abbboo-nearby.s3.ap-northeast-2.amazonaws.com/tts/0005c345-83c1-4056-8b69-9e74b2da96c3-tts.mp3', 0, '2024-05-15 15:26:44', '172.226.95.44', '2024-05-15 15:28:32', '121.129.157.72'),
	(9, 19, 12, 1, '아따따 ~~ ㄸㅑ 는 안쳐지넹,, 이거넘귀엽다', 'https://abbboo-nearby.s3.ap-northeast-2.amazonaws.com/tts/04183e41-50d7-4963-84d0-55c475ce2edb-tts.mp3', 0, '2024-05-15 15:29:31', '121.129.157.72', '2024-05-15 15:30:43', '104.28.71.26'),
	(10, 20, 12, 1, '안녕 가족', 'https://abbboo-nearby.s3.ap-northeast-2.amazonaws.com/tts/e34aed4d-f24e-4203-b64f-afced62e760d-tts.mp3', 0, '2024-05-15 15:43:30', '211.235.72.51', '2024-05-15 15:44:44', '172.226.95.47'),
	(11, 12, 20, 0, '안뇽 온유얌', 'https://abbboo-nearby.s3.ap-northeast-2.amazonaws.com/tts/0340a223-da73-44a0-9fbb-39e3b5aa5706-tts.mp3', 0, '2024-05-15 15:43:59', '172.226.94.42', '2024-05-15 15:43:59', '172.226.94.42'),
	(12, 1, 12, 1, '가족이 돼주라\n내 집이 돼주라\n나도 날 줄 테니 너도 널 주라\n평생의 연인이야\n네 말대로 말이야\n그래 별과 우주잖아', 'https://abbboo-nearby.s3.ap-northeast-2.amazonaws.com/tts/8f334f5d-5941-4f90-a9af-23cf113eff35-tts.mp3', 0, '2024-05-16 11:20:47', '39.7.230.84', '2024-05-16 12:17:22', '14.46.141.222'),
	(125, 18, 21, 0, '123', 'https://abbboo-nearby.s3.ap-northeast-2.amazonaws.com/tts/e2fbea1f-6988-4954-a9e4-6d4474857474-tts.mp3', 0, '2024-05-16 12:16:32', '14.46.142.184', '2024-05-16 12:16:32', '14.46.142.184'),
	(126, 4, 1, 1, '테숫두', 'https://abbboo-nearby.s3.ap-northeast-2.amazonaws.com/tts/361b9cb4-e268-409d-b987-01533d2357ac-tts.mp3', 0, '2024-05-16 13:25:03', '14.46.141.244', '2024-05-16 13:35:36', '39.7.230.84'),
	(127, 23, 21, 0, '완전 럭키비키잖아', 'https://abbboo-nearby.s3.ap-northeast-2.amazonaws.com/tts/da62d6dc-ecce-4ea0-bcc6-3915019490f6-tts.mp3', 0, '2024-05-16 14:05:12', '118.235.84.155', '2024-05-16 14:05:12', '118.235.84.155'),
	(128, 26, 30, 1, '메롱메롱메롱', 'https://abbboo-nearby.s3.ap-northeast-2.amazonaws.com/tts/cef48347-507f-44ef-8641-e949d938de4b-tts.mp3', 0, '2024-05-16 14:29:12', '14.46.142.171', '2024-05-16 14:29:14', '223.39.174.230'),
	(129, 18, 3, 1, '메롱', 'https://abbboo-nearby.s3.ap-northeast-2.amazonaws.com/tts/f4da1e6b-07c3-4f95-b335-29a6ffb882f4-tts.mp3', 0, '2024-05-16 14:29:19', '106.101.3.175', '2024-05-16 14:37:23', '14.46.142.192'),
	(130, 30, 26, 1, 'ㅎㅇㄹ', 'https://abbboo-nearby.s3.ap-northeast-2.amazonaws.com/tts/fc8ddc45-7492-4bb7-8eaf-66ef53d5f6e9-tts.mp3', 0, '2024-05-16 14:30:09', '223.39.174.230', '2024-05-16 14:30:55', '14.46.142.171'),
	(131, 30, 26, 0, '꺄', 'https://abbboo-nearby.s3.ap-northeast-2.amazonaws.com/tts/6c77a239-405e-4f98-8735-a885256da1a0-tts.mp3', 0, '2024-05-16 14:43:14', '223.39.174.230', '2024-05-16 14:43:14', '223.39.174.230'),
	(132, 30, 26, 0, '땨', 'https://abbboo-nearby.s3.ap-northeast-2.amazonaws.com/tts/bcf568b6-3c43-4bec-b1ab-be23b906d3d6-tts.mp3', 0, '2024-05-16 14:43:24', '223.39.174.230', '2024-05-16 14:43:24', '223.39.174.230'),
	(133, 4, 10, 1, '땨', 'https://abbboo-nearby.s3.ap-northeast-2.amazonaws.com/tts/b80c7bf5-e867-4ea8-b8b8-90c6188b2aae-tts.mp3', 0, '2024-05-16 14:43:28', '39.7.46.246', '2024-05-16 20:28:54', '211.194.200.134'),
	(134, 30, 26, 0, 'ㅋㅋㅋ', 'https://abbboo-nearby.s3.ap-northeast-2.amazonaws.com/tts/3759dc18-dacc-448e-bb1a-90750efad62f-tts.mp3', 0, '2024-05-16 14:44:27', '223.39.174.230', '2024-05-16 14:44:27', '223.39.174.230'),
	(135, 30, 26, 0, 'ㅋ', 'https://abbboo-nearby.s3.ap-northeast-2.amazonaws.com/tts/d17c4990-3cb0-447f-a031-e853cdd074c3-tts.mp3', 0, '2024-05-16 14:49:30', '223.39.174.230', '2024-05-16 14:49:30', '223.39.174.230'),
	(136, 30, 26, 0, 'ㅋ', 'https://abbboo-nearby.s3.ap-northeast-2.amazonaws.com/tts/ff3e453a-dbfa-4326-be7e-7b410314431a-tts.mp3', 0, '2024-05-16 14:51:19', '223.39.174.230', '2024-05-16 14:51:19', '223.39.174.230'),
	(137, 30, 26, 0, 'ㅌ', 'https://abbboo-nearby.s3.ap-northeast-2.amazonaws.com/tts/4311cdb6-14bd-45b0-88a0-0d876aaf1cf5-tts.mp3', 0, '2024-05-16 14:51:23', '223.39.174.230', '2024-05-16 14:51:23', '223.39.174.230'),
	(138, 30, 26, 0, 'ㅍ', 'https://abbboo-nearby.s3.ap-northeast-2.amazonaws.com/tts/1f2bdba2-4498-4c56-8bbd-3a438eb5c411-tts.mp3', 0, '2024-05-16 14:51:27', '223.39.174.230', '2024-05-16 14:51:27', '223.39.174.230'),
	(139, 30, 26, 0, 'ㅍ', 'https://abbboo-nearby.s3.ap-northeast-2.amazonaws.com/tts/d1c5c4b9-dd7d-4822-ac72-64ee4b72a465-tts.mp3', 0, '2024-05-16 14:51:32', '223.39.174.230', '2024-05-16 14:51:32', '223.39.174.230'),
	(140, 30, 26, 0, 'ㅂ', 'https://abbboo-nearby.s3.ap-northeast-2.amazonaws.com/tts/26c2e908-21d1-4844-b60a-93d7bebbcacb-tts.mp3', 0, '2024-05-16 14:51:45', '223.39.174.230', '2024-05-16 14:51:45', '223.39.174.230'),
	(141, 30, 26, 0, 'ㄷ', 'https://abbboo-nearby.s3.ap-northeast-2.amazonaws.com/tts/d2966fd6-57ab-484e-b97f-305f73f6ad22-tts.mp3', 0, '2024-05-16 14:51:48', '223.39.174.230', '2024-05-16 14:51:48', '223.39.174.230'),
	(142, 30, 26, 0, 'ㅁ', 'https://abbboo-nearby.s3.ap-northeast-2.amazonaws.com/tts/5f284406-b102-4637-852e-618c8d1be956-tts.mp3', 0, '2024-05-16 14:51:55', '223.39.174.230', '2024-05-16 14:51:55', '223.39.174.230'),
	(143, 30, 26, 0, '가나다라마바사', 'https://abbboo-nearby.s3.ap-northeast-2.amazonaws.com/tts/bc6bd617-a8b1-475e-895f-f1c2d7273f91-tts.mp3', 0, '2024-05-16 14:52:27', '223.39.174.230', '2024-05-16 14:52:27', '223.39.174.230'),
	(144, 30, 26, 0, '가나다라마바사아자차', 'https://abbboo-nearby.s3.ap-northeast-2.amazonaws.com/tts/3df79b06-6cd6-4670-85c8-ae212740d414-tts.mp3', 0, '2024-05-16 14:52:59', '223.39.174.230', '2024-05-16 14:52:59', '223.39.174.230'),
	(145, 30, 26, 0, '111112222233333', 'https://abbboo-nearby.s3.ap-northeast-2.amazonaws.com/tts/542b0a32-5d00-4554-85c1-085802c04249-tts.mp3', 0, '2024-05-16 14:58:02', '223.39.174.230', '2024-05-16 14:58:02', '223.39.174.230'),
	(146, 30, 26, 0, '111112222233333', 'https://abbboo-nearby.s3.ap-northeast-2.amazonaws.com/tts/82cbf724-1941-421a-ae3a-4c90e25c4ce9-tts.mp3', 0, '2024-05-16 14:58:04', '223.39.174.230', '2024-05-16 14:58:04', '223.39.174.230'),
	(147, 30, 26, 0, '111112222233333', 'https://abbboo-nearby.s3.ap-northeast-2.amazonaws.com/tts/20f0eb23-5fe0-46b4-b56e-7493514d9170-tts.mp3', 0, '2024-05-16 14:58:04', '223.39.174.230', '2024-05-16 14:58:04', '223.39.174.230'),
	(148, 30, 26, 0, '111112222233333', 'https://abbboo-nearby.s3.ap-northeast-2.amazonaws.com/tts/093bc0c4-3a79-4d2d-83eb-75150b3c9f11-tts.mp3', 0, '2024-05-16 14:58:04', '223.39.174.230', '2024-05-16 14:58:04', '223.39.174.230'),
	(149, 30, 26, 0, '11111222223333344444', 'https://abbboo-nearby.s3.ap-northeast-2.amazonaws.com/tts/9c386366-3bad-45a1-8a1e-6d749e013bf9-tts.mp3', 0, '2024-05-16 14:59:05', '223.39.174.230', '2024-05-16 14:59:05', '223.39.174.230'),
	(150, 30, 26, 0, '11111222223333344444', 'https://abbboo-nearby.s3.ap-northeast-2.amazonaws.com/tts/c1ce2aea-a083-4a6a-8f83-895d3cb6b3d8-tts.mp3', 0, '2024-05-16 14:59:05', '223.39.174.230', '2024-05-16 14:59:05', '223.39.174.230'),
	(151, 30, 26, 0, '11111222223333344444', 'https://abbboo-nearby.s3.ap-northeast-2.amazonaws.com/tts/0ad7d43d-3377-45c5-a436-b43415f157ac-tts.mp3', 0, '2024-05-16 14:59:05', '223.39.174.230', '2024-05-16 14:59:05', '223.39.174.230'),
	(152, 30, 26, 0, '11111222223333344444', 'https://abbboo-nearby.s3.ap-northeast-2.amazonaws.com/tts/c7e1ede4-a300-45d6-8b10-f2022481959c-tts.mp3', 0, '2024-05-16 14:59:05', '223.39.174.230', '2024-05-16 14:59:05', '223.39.174.230'),
	(153, 30, 26, 0, '11111222223333344444', 'https://abbboo-nearby.s3.ap-northeast-2.amazonaws.com/tts/59a26c9c-1079-40e0-84ee-e9aec931be20-tts.mp3', 0, '2024-05-16 14:59:05', '223.39.174.230', '2024-05-16 14:59:05', '223.39.174.230'),
	(154, 30, 26, 0, '11111222223333344444', 'https://abbboo-nearby.s3.ap-northeast-2.amazonaws.com/tts/bc59acbf-54b7-41b9-903f-8419bbc37123-tts.mp3', 0, '2024-05-16 14:59:06', '223.39.174.230', '2024-05-16 14:59:06', '223.39.174.230'),
	(155, 30, 26, 0, '11111222223333344444', 'https://abbboo-nearby.s3.ap-northeast-2.amazonaws.com/tts/ef057430-dd7a-4bff-997b-0ac731ec8422-tts.mp3', 0, '2024-05-16 14:59:06', '223.39.174.230', '2024-05-16 14:59:06', '223.39.174.230'),
	(156, 30, 26, 0, '11111222223333344444', 'https://abbboo-nearby.s3.ap-northeast-2.amazonaws.com/tts/a70236bf-7035-4f3a-8677-3d45b860d33b-tts.mp3', 0, '2024-05-16 14:59:06', '223.39.174.230', '2024-05-16 14:59:06', '223.39.174.230'),
	(157, 30, 26, 0, '11111222223333344444', 'https://abbboo-nearby.s3.ap-northeast-2.amazonaws.com/tts/0a8d94ff-d4e2-4d33-83fa-f54c22d15302-tts.mp3', 0, '2024-05-16 14:59:06', '223.39.174.230', '2024-05-16 14:59:06', '223.39.174.230'),
	(158, 30, 26, 0, '11111222223333344444', 'https://abbboo-nearby.s3.ap-northeast-2.amazonaws.com/tts/ce43f0a8-8528-477c-9d80-270ae5aed8a5-tts.mp3', 0, '2024-05-16 14:59:06', '223.39.174.230', '2024-05-16 14:59:06', '223.39.174.230'),
	(159, 30, 26, 0, '11111222223333344444', 'https://abbboo-nearby.s3.ap-northeast-2.amazonaws.com/tts/8efdd913-e8d7-4c33-a2ce-4c3f553e5b2e-tts.mp3', 0, '2024-05-16 14:59:06', '223.39.174.230', '2024-05-16 14:59:06', '223.39.174.230'),
	(160, 30, 26, 0, '11111222223333344444', 'https://abbboo-nearby.s3.ap-northeast-2.amazonaws.com/tts/a0105fc7-fa6f-4f61-b968-b7794d210295-tts.mp3', 0, '2024-05-16 14:59:06', '223.39.174.230', '2024-05-16 14:59:06', '223.39.174.230'),
	(161, 30, 26, 0, '11111222223333344444', 'https://abbboo-nearby.s3.ap-northeast-2.amazonaws.com/tts/d87cac46-1390-4166-91b3-b12d39645499-tts.mp3', 0, '2024-05-16 14:59:06', '223.39.174.230', '2024-05-16 14:59:06', '223.39.174.230'),
	(162, 30, 26, 0, '11111222223333344444', 'https://abbboo-nearby.s3.ap-northeast-2.amazonaws.com/tts/a5b28a64-fcc0-4a41-a4c4-9344ca92716a-tts.mp3', 0, '2024-05-16 14:59:06', '223.39.174.230', '2024-05-16 14:59:06', '223.39.174.230'),
	(163, 30, 26, 0, '11111222223333344444', 'https://abbboo-nearby.s3.ap-northeast-2.amazonaws.com/tts/5b77f35f-4968-45aa-9f65-1a18c163fe97-tts.mp3', 0, '2024-05-16 14:59:07', '223.39.174.230', '2024-05-16 14:59:07', '223.39.174.230'),
	(164, 30, 26, 0, '1234612356173617362736173617361736173618362736173', 'https://abbboo-nearby.s3.ap-northeast-2.amazonaws.com/tts/717d0a31-3b33-4abc-ac3a-15aaeff8340d-tts.mp3', 0, '2024-05-16 15:00:05', '223.39.174.230', '2024-05-16 15:00:05', '223.39.174.230'),
	(165, 30, 26, 0, '1234612356173617362736173617361736173618362736173', 'https://abbboo-nearby.s3.ap-northeast-2.amazonaws.com/tts/f7679162-2ba1-4dbe-89a2-4394ea47195b-tts.mp3', 0, '2024-05-16 15:00:05', '223.39.174.230', '2024-05-16 15:00:05', '223.39.174.230'),
	(166, 30, 26, 0, '1234612356173617362736173617361736173618362736173', 'https://abbboo-nearby.s3.ap-northeast-2.amazonaws.com/tts/4b8aae0a-2042-4e97-89af-4ee8bedb24d3-tts.mp3', 0, '2024-05-16 15:00:06', '223.39.174.230', '2024-05-16 15:00:06', '223.39.174.230'),
	(167, 30, 26, 0, '1234612356173617362736173617361736173618362736173', 'https://abbboo-nearby.s3.ap-northeast-2.amazonaws.com/tts/f0e41e18-f164-4cfa-be82-5de7c77df34a-tts.mp3', 0, '2024-05-16 15:00:06', '223.39.174.230', '2024-05-16 15:00:06', '223.39.174.230'),
	(168, 30, 26, 0, '1234612356173617362736173617361736173618362736173', 'https://abbboo-nearby.s3.ap-northeast-2.amazonaws.com/tts/90a823e9-3e1d-4e36-b9de-b604f82a1ba3-tts.mp3', 0, '2024-05-16 15:00:06', '223.39.174.230', '2024-05-16 15:00:06', '223.39.174.230'),
	(169, 30, 26, 0, '1234612356173617362736173617361736173618362736173', 'https://abbboo-nearby.s3.ap-northeast-2.amazonaws.com/tts/20963f5a-035d-4f77-bbbb-96d7b2c9e52e-tts.mp3', 0, '2024-05-16 15:00:06', '223.39.174.230', '2024-05-16 15:00:06', '223.39.174.230'),
	(170, 30, 26, 0, '1234612356173617362736173617361736173618362736173', 'https://abbboo-nearby.s3.ap-northeast-2.amazonaws.com/tts/ac89e65f-9301-4179-a2ea-4ed92f5fa9c1-tts.mp3', 0, '2024-05-16 15:00:06', '223.39.174.230', '2024-05-16 15:00:06', '223.39.174.230'),
	(171, 30, 26, 0, '1234612356173617362736173617361736173618362736173', 'https://abbboo-nearby.s3.ap-northeast-2.amazonaws.com/tts/ded88a1c-ecf7-4e23-9e22-22b765e40960-tts.mp3', 0, '2024-05-16 15:00:06', '223.39.174.230', '2024-05-16 15:00:06', '223.39.174.230'),
	(172, 30, 26, 0, '1234612356173617362736173617361736173618362736173', 'https://abbboo-nearby.s3.ap-northeast-2.amazonaws.com/tts/3795a0fb-d90e-40b2-8294-471e795d95ed-tts.mp3', 0, '2024-05-16 15:00:06', '223.39.174.230', '2024-05-16 15:00:06', '223.39.174.230'),
	(173, 30, 26, 0, '1234612356173617362736173617361736173618362736173', 'https://abbboo-nearby.s3.ap-northeast-2.amazonaws.com/tts/0152a85b-e94d-4a14-9b06-0b5db870d01a-tts.mp3', 0, '2024-05-16 15:00:06', '223.39.174.230', '2024-05-16 15:00:06', '223.39.174.230'),
	(174, 30, 26, 0, '1234612356173617362736173617361736173618362736173', 'https://abbboo-nearby.s3.ap-northeast-2.amazonaws.com/tts/7a14bd54-cbc0-4cbe-bc07-bd0d9268a6fd-tts.mp3', 0, '2024-05-16 15:00:06', '223.39.174.230', '2024-05-16 15:00:06', '223.39.174.230'),
	(175, 30, 26, 0, '1234612356173617362736173617361736173618362736173', 'https://abbboo-nearby.s3.ap-northeast-2.amazonaws.com/tts/5f8aba93-8420-46e2-ae41-0e719ea4e0cf-tts.mp3', 0, '2024-05-16 15:00:06', '223.39.174.230', '2024-05-16 15:00:06', '223.39.174.230'),
	(176, 30, 26, 0, '1234612356173617362736173617361736173618362736173', 'https://abbboo-nearby.s3.ap-northeast-2.amazonaws.com/tts/704254b1-f037-43c6-a749-f9552124fdca-tts.mp3', 0, '2024-05-16 15:00:06', '223.39.174.230', '2024-05-16 15:00:06', '223.39.174.230'),
	(177, 30, 26, 0, '1234612356173617362736173617361736173618362736173', 'https://abbboo-nearby.s3.ap-northeast-2.amazonaws.com/tts/ee21aebc-6d34-4472-991b-76bd39e61fe4-tts.mp3', 0, '2024-05-16 15:00:06', '223.39.174.230', '2024-05-16 15:00:06', '223.39.174.230'),
	(178, 30, 26, 0, '1234612356173617362736173617361736173618362736173', 'https://abbboo-nearby.s3.ap-northeast-2.amazonaws.com/tts/dfc647ba-d957-412c-8f79-0e8632ed35e4-tts.mp3', 0, '2024-05-16 15:00:06', '223.39.174.230', '2024-05-16 15:00:06', '223.39.174.230'),
	(179, 30, 26, 0, '1234612356173617362736173617361736173618362736173', 'https://abbboo-nearby.s3.ap-northeast-2.amazonaws.com/tts/18daa8b8-e6ca-44a2-8853-df323f7e3d7f-tts.mp3', 0, '2024-05-16 15:00:06', '223.39.174.230', '2024-05-16 15:00:06', '223.39.174.230'),
	(180, 30, 26, 0, '1234612356173617362736173617361736173618362736173', 'https://abbboo-nearby.s3.ap-northeast-2.amazonaws.com/tts/779bb137-cb40-41fd-82f0-218d8780a8bf-tts.mp3', 0, '2024-05-16 15:00:06', '223.39.174.230', '2024-05-16 15:00:06', '223.39.174.230'),
	(181, 30, 26, 0, '1234612356173617362736173617361736173618362736173', 'https://abbboo-nearby.s3.ap-northeast-2.amazonaws.com/tts/847dd8c2-7636-425c-bf61-a71be8cb5b82-tts.mp3', 0, '2024-05-16 15:00:06', '223.39.174.230', '2024-05-16 15:00:06', '223.39.174.230'),
	(182, 30, 26, 0, '1234612356173617362736173617361736173618362736173', 'https://abbboo-nearby.s3.ap-northeast-2.amazonaws.com/tts/22c38a73-39e6-4274-8ddf-85a2e69888b0-tts.mp3', 0, '2024-05-16 15:00:06', '223.39.174.230', '2024-05-16 15:00:06', '223.39.174.230'),
	(183, 30, 26, 0, '1234612356173617362736173617361736173618362736173', 'https://abbboo-nearby.s3.ap-northeast-2.amazonaws.com/tts/a68084a1-65df-41d0-9a88-09b21abe80b6-tts.mp3', 0, '2024-05-16 15:00:06', '223.39.174.230', '2024-05-16 15:00:06', '223.39.174.230'),
	(184, 30, 26, 0, '1234612356173617362736173617361736173618362736173', 'https://abbboo-nearby.s3.ap-northeast-2.amazonaws.com/tts/b0891f06-8355-4f60-8eff-566acb06bf34-tts.mp3', 0, '2024-05-16 15:00:06', '223.39.174.230', '2024-05-16 15:00:06', '223.39.174.230'),
	(185, 30, 26, 0, '1234612356173617362736173617361736173618362736173', 'https://abbboo-nearby.s3.ap-northeast-2.amazonaws.com/tts/5aa088f4-089c-489e-b6b1-533955e039f4-tts.mp3', 0, '2024-05-16 15:00:06', '223.39.174.230', '2024-05-16 15:00:06', '223.39.174.230'),
	(186, 30, 26, 0, '1234612356173617362736173617361736173618362736173', 'https://abbboo-nearby.s3.ap-northeast-2.amazonaws.com/tts/ed87400d-5994-4a9d-bee9-9a5231fa1450-tts.mp3', 0, '2024-05-16 15:00:06', '223.39.174.230', '2024-05-16 15:00:06', '223.39.174.230'),
	(187, 30, 26, 0, '1234612356173617362736173617361736173618362736173', 'https://abbboo-nearby.s3.ap-northeast-2.amazonaws.com/tts/e561e781-0cf0-4972-a0cc-f89f739fec91-tts.mp3', 0, '2024-05-16 15:00:06', '223.39.174.230', '2024-05-16 15:00:06', '223.39.174.230'),
	(188, 30, 26, 0, '1234612356173617362736173617361736173618362736173', 'https://abbboo-nearby.s3.ap-northeast-2.amazonaws.com/tts/956966db-e73e-4554-847a-6a13e7435c20-tts.mp3', 0, '2024-05-16 15:00:06', '223.39.174.230', '2024-05-16 15:00:06', '223.39.174.230'),
	(189, 30, 26, 0, '1234612356173617362736173617361736173618362736173', 'https://abbboo-nearby.s3.ap-northeast-2.amazonaws.com/tts/dbc707f8-9e00-4a3c-b799-4dea8c75a6b4-tts.mp3', 0, '2024-05-16 15:00:06', '223.39.174.230', '2024-05-16 15:00:06', '223.39.174.230'),
	(190, 30, 26, 0, '1234612356173617362736173617361736173618362736173', 'https://abbboo-nearby.s3.ap-northeast-2.amazonaws.com/tts/1a9bd68d-1e94-4b3b-ad10-7ba457323315-tts.mp3', 0, '2024-05-16 15:00:07', '223.39.174.230', '2024-05-16 15:00:07', '223.39.174.230'),
	(191, 30, 26, 0, '1234612356173617362736173617361736173618362736173', 'https://abbboo-nearby.s3.ap-northeast-2.amazonaws.com/tts/5bf95aa9-25fc-4de8-9ee9-a59d2f2d85f4-tts.mp3', 0, '2024-05-16 15:00:07', '223.39.174.230', '2024-05-16 15:00:07', '223.39.174.230'),
	(192, 30, 26, 0, '1234612356173617362736173617361736173618362736173', 'https://abbboo-nearby.s3.ap-northeast-2.amazonaws.com/tts/1c7a3b83-0c9d-4c33-8f97-ce6ba44a6412-tts.mp3', 0, '2024-05-16 15:00:07', '223.39.174.230', '2024-05-16 15:00:07', '223.39.174.230'),
	(193, 30, 26, 0, '1234612356173617362736173617361736173618362736173', 'https://abbboo-nearby.s3.ap-northeast-2.amazonaws.com/tts/5e2b2fcb-2133-4830-bf9c-33927d40c730-tts.mp3', 0, '2024-05-16 15:00:07', '223.39.174.230', '2024-05-16 15:00:07', '223.39.174.230'),
	(194, 30, 26, 0, '1234612356173617362736173617361736173618362736173', 'https://abbboo-nearby.s3.ap-northeast-2.amazonaws.com/tts/94430f5e-b60f-4f1e-8b05-e249536044e4-tts.mp3', 0, '2024-05-16 15:00:07', '223.39.174.230', '2024-05-16 15:00:07', '223.39.174.230'),
	(195, 30, 26, 0, '1234612356173617362736173617361736173618362736173', 'https://abbboo-nearby.s3.ap-northeast-2.amazonaws.com/tts/b82f70df-5671-42c9-8815-c68c67d924a1-tts.mp3', 0, '2024-05-16 15:00:07', '223.39.174.230', '2024-05-16 15:00:07', '223.39.174.230'),
	(196, 30, 26, 0, '1234612356173617362736173617361736173618362736173', 'https://abbboo-nearby.s3.ap-northeast-2.amazonaws.com/tts/7fa5cce1-c21d-492a-b857-8f8627b38f3a-tts.mp3', 0, '2024-05-16 15:00:07', '223.39.174.230', '2024-05-16 15:00:07', '223.39.174.230'),
	(197, 30, 26, 0, '1234612356173617362736173617361736173618362736173', 'https://abbboo-nearby.s3.ap-northeast-2.amazonaws.com/tts/4dbab20c-ea4d-4938-8eb7-b314cc6220c8-tts.mp3', 0, '2024-05-16 15:00:07', '223.39.174.230', '2024-05-16 15:00:07', '223.39.174.230'),
	(198, 30, 26, 0, '1234612356173617362736173617361736173618362736173', 'https://abbboo-nearby.s3.ap-northeast-2.amazonaws.com/tts/a82f5f18-1c61-4ca1-9bf4-66b2732adcf4-tts.mp3', 0, '2024-05-16 15:00:08', '223.39.174.230', '2024-05-16 15:00:08', '223.39.174.230'),
	(199, 30, 26, 0, '183718371837188111111191818181991919과11111171817173828818811과1717171717172772727372771177', 'https://abbboo-nearby.s3.ap-northeast-2.amazonaws.com/tts/a4108522-1ae0-4f39-bd7f-b8f8b80fa6cb-tts.mp3', 0, '2024-05-16 15:01:53', '223.39.174.230', '2024-05-16 15:01:53', '223.39.174.230'),
	(200, 30, 26, 0, '183718371837188111111191818181991919과11111171817173828818811과1717171717172772727372771177', 'https://abbboo-nearby.s3.ap-northeast-2.amazonaws.com/tts/887b0ddd-24f4-458d-937a-f1d8f7ea31a8-tts.mp3', 0, '2024-05-16 15:01:53', '223.39.174.230', '2024-05-16 15:01:53', '223.39.174.230'),
	(201, 30, 26, 0, '183718371837188111111191818181991919과11111171817173828818811과1717171717172772727372771177', 'https://abbboo-nearby.s3.ap-northeast-2.amazonaws.com/tts/36457eee-1151-44e1-97ad-8f74aeeb80fd-tts.mp3', 0, '2024-05-16 15:01:53', '223.39.174.230', '2024-05-16 15:01:53', '223.39.174.230'),
	(202, 30, 26, 0, '183718371837188111111191818181991919과11111171817173828818811과1717171717172772727372771177', 'https://abbboo-nearby.s3.ap-northeast-2.amazonaws.com/tts/9637698e-9dc8-49e7-9f85-2020df9349fb-tts.mp3', 0, '2024-05-16 15:01:53', '223.39.174.230', '2024-05-16 15:01:53', '223.39.174.230'),
	(203, 30, 26, 0, '183718371837188111111191818181991919과11111171817173828818811과1717171717172772727372771177', 'https://abbboo-nearby.s3.ap-northeast-2.amazonaws.com/tts/510cc42f-2dc9-4427-b09c-9c746cb9dd15-tts.mp3', 0, '2024-05-16 15:01:53', '223.39.174.230', '2024-05-16 15:01:53', '223.39.174.230'),
	(204, 30, 26, 0, '183718371837188111111191818181991919과11111171817173828818811과1717171717172772727372771177', 'https://abbboo-nearby.s3.ap-northeast-2.amazonaws.com/tts/6cf7d975-e250-4ec3-addf-d22ca9e94b6e-tts.mp3', 0, '2024-05-16 15:01:53', '223.39.174.230', '2024-05-16 15:01:53', '223.39.174.230'),
	(205, 30, 26, 0, '183718371837188111111191818181991919과11111171817173828818811과1717171717172772727372771177', 'https://abbboo-nearby.s3.ap-northeast-2.amazonaws.com/tts/8b7f9fd9-65ce-4e57-a39c-150385bca961-tts.mp3', 0, '2024-05-16 15:01:53', '223.39.174.230', '2024-05-16 15:01:53', '223.39.174.230'),
	(206, 30, 26, 0, '183718371837188111111191818181991919과11111171817173828818811과1717171717172772727372771177', 'https://abbboo-nearby.s3.ap-northeast-2.amazonaws.com/tts/7afe1961-9c31-4fcb-928b-224ce7538de9-tts.mp3', 0, '2024-05-16 15:01:53', '223.39.174.230', '2024-05-16 15:01:53', '223.39.174.230'),
	(207, 30, 26, 0, '183718371837188111111191818181991919과11111171817173828818811과1717171717172772727372771177', 'https://abbboo-nearby.s3.ap-northeast-2.amazonaws.com/tts/7fea635a-d481-4f4b-bb72-03fa598c6bba-tts.mp3', 0, '2024-05-16 15:01:53', '223.39.174.230', '2024-05-16 15:01:53', '223.39.174.230'),
	(208, 30, 26, 0, '183718371837188111111191818181991919과11111171817173828818811과1717171717172772727372771177', 'https://abbboo-nearby.s3.ap-northeast-2.amazonaws.com/tts/2b93fe1f-f494-4434-a2e9-4d583a78ab7b-tts.mp3', 0, '2024-05-16 15:01:53', '223.39.174.230', '2024-05-16 15:01:53', '223.39.174.230'),
	(209, 30, 26, 0, '183718371837188111111191818181991919과11111171817173828818811과1717171717172772727372771177', 'https://abbboo-nearby.s3.ap-northeast-2.amazonaws.com/tts/7a0064c4-454b-466e-9640-bc772d505bda-tts.mp3', 0, '2024-05-16 15:01:54', '223.39.174.230', '2024-05-16 15:01:54', '223.39.174.230'),
	(210, 30, 26, 0, '183718371837188111111191818181991919과11111171817173828818811과1717171717172772727372771177', 'https://abbboo-nearby.s3.ap-northeast-2.amazonaws.com/tts/98228f17-d5bc-45fb-85ec-8f5119090f16-tts.mp3', 0, '2024-05-16 15:01:54', '223.39.174.230', '2024-05-16 15:01:54', '223.39.174.230'),
	(211, 30, 26, 0, '183718371837188111111191818181991919과11111171817173828818811과1717171717172772727372771177', 'https://abbboo-nearby.s3.ap-northeast-2.amazonaws.com/tts/739a8ba7-b8d0-4290-b41a-0a6676c33f50-tts.mp3', 0, '2024-05-16 15:01:54', '223.39.174.230', '2024-05-16 15:01:54', '223.39.174.230'),
	(212, 30, 26, 0, '183718371837188111111191818181991919과11111171817173828818811과1717171717172772727372771177', 'https://abbboo-nearby.s3.ap-northeast-2.amazonaws.com/tts/335e95c6-a6f6-4068-ba94-b415022cfead-tts.mp3', 0, '2024-05-16 15:01:54', '223.39.174.230', '2024-05-16 15:01:54', '223.39.174.230'),
	(213, 30, 26, 0, '183718371837188111111191818181991919과11111171817173828818811과1717171717172772727372771177', 'https://abbboo-nearby.s3.ap-northeast-2.amazonaws.com/tts/0af57ef7-020e-4c31-8333-a2162a982f84-tts.mp3', 0, '2024-05-16 15:01:54', '223.39.174.230', '2024-05-16 15:01:54', '223.39.174.230'),
	(214, 30, 26, 0, '183718371837188111111191818181991919과11111171817173828818811과1717171717172772727372771177', 'https://abbboo-nearby.s3.ap-northeast-2.amazonaws.com/tts/32bb5c0d-6848-42a2-b772-57e136e5c901-tts.mp3', 0, '2024-05-16 15:01:54', '223.39.174.230', '2024-05-16 15:01:54', '223.39.174.230'),
	(215, 30, 26, 0, '183718371837188111111191818181991919과11111171817173828818811과1717171717172772727372771177', 'https://abbboo-nearby.s3.ap-northeast-2.amazonaws.com/tts/c295aa6f-7907-4742-a60f-b73ec9af4516-tts.mp3', 0, '2024-05-16 15:01:54', '223.39.174.230', '2024-05-16 15:01:54', '223.39.174.230'),
	(216, 30, 26, 0, '183718371837188111111191818181991919과11111171817173828818811과1717171717172772727372771177', 'https://abbboo-nearby.s3.ap-northeast-2.amazonaws.com/tts/5b908c52-a7ce-43c8-a47b-128f60cdf87e-tts.mp3', 0, '2024-05-16 15:01:54', '223.39.174.230', '2024-05-16 15:01:54', '223.39.174.230'),
	(217, 30, 26, 0, '183718371837188111111191818181991919과11111171817173828818811과1717171717172772727372771177', 'https://abbboo-nearby.s3.ap-northeast-2.amazonaws.com/tts/43d0414f-6910-46de-8b59-d797b3baae1b-tts.mp3', 0, '2024-05-16 15:01:54', '223.39.174.230', '2024-05-16 15:01:54', '223.39.174.230'),
	(218, 30, 26, 0, '183718371837188111111191818181991919과11111171817173828818811과1717171717172772727372771177', 'https://abbboo-nearby.s3.ap-northeast-2.amazonaws.com/tts/0eaa7199-2144-4f46-9db6-e43c385fa7b7-tts.mp3', 0, '2024-05-16 15:01:54', '223.39.174.230', '2024-05-16 15:01:54', '223.39.174.230'),
	(219, 30, 26, 0, '183718371837188111111191818181991919과11111171817173828818811과1717171717172772727372771177', 'https://abbboo-nearby.s3.ap-northeast-2.amazonaws.com/tts/295421c5-14fe-48be-8795-56644d6b0df3-tts.mp3', 0, '2024-05-16 15:01:54', '223.39.174.230', '2024-05-16 15:01:54', '223.39.174.230'),
	(220, 30, 26, 0, '183718371837188111111191818181991919과11111171817173828818811과1717171717172772727372771177', 'https://abbboo-nearby.s3.ap-northeast-2.amazonaws.com/tts/9b30962d-3044-4630-8123-3b2b7ce85e6c-tts.mp3', 0, '2024-05-16 15:01:54', '223.39.174.230', '2024-05-16 15:01:54', '223.39.174.230'),
	(221, 30, 26, 0, '183718371837188111111191818181991919과11111171817173828818811과1717171717172772727372771177', 'https://abbboo-nearby.s3.ap-northeast-2.amazonaws.com/tts/2db75e91-e355-42f3-8308-4eb9071c7a49-tts.mp3', 0, '2024-05-16 15:01:54', '223.39.174.230', '2024-05-16 15:01:54', '223.39.174.230'),
	(222, 30, 26, 0, '183718371837188111111191818181991919과11111171817173828818811과1717171717172772727372771177', 'https://abbboo-nearby.s3.ap-northeast-2.amazonaws.com/tts/62efd697-a3ce-46b8-b03f-7c55d1ab3121-tts.mp3', 0, '2024-05-16 15:01:54', '223.39.174.230', '2024-05-16 15:01:54', '223.39.174.230'),
	(223, 30, 26, 0, '183718371837188111111191818181991919과11111171817173828818811과1717171717172772727372771177', 'https://abbboo-nearby.s3.ap-northeast-2.amazonaws.com/tts/a8f9eacf-e16d-4aa4-9946-e2f5ce2bb9ad-tts.mp3', 0, '2024-05-16 15:01:54', '223.39.174.230', '2024-05-16 15:01:54', '223.39.174.230'),
	(224, 30, 26, 0, '183718371837188111111191818181991919과11111171817173828818811과1717171717172772727372771177', 'https://abbboo-nearby.s3.ap-northeast-2.amazonaws.com/tts/6efbb9a0-c034-4b9d-89b7-ce6f78fc732c-tts.mp3', 0, '2024-05-16 15:01:54', '223.39.174.230', '2024-05-16 15:01:54', '223.39.174.230'),
	(225, 30, 26, 0, '183718371837188111111191818181991919과11111171817173828818811과1717171717172772727372771177', 'https://abbboo-nearby.s3.ap-northeast-2.amazonaws.com/tts/6812f11d-6880-419c-9811-a87c6c7e8df6-tts.mp3', 0, '2024-05-16 15:01:54', '223.39.174.230', '2024-05-16 15:01:54', '223.39.174.230'),
	(226, 30, 26, 0, '183718371837188111111191818181991919과11111171817173828818811과1717171717172772727372771177', 'https://abbboo-nearby.s3.ap-northeast-2.amazonaws.com/tts/73c97921-5a28-43f4-9d0c-c1fb1476a833-tts.mp3', 0, '2024-05-16 15:01:54', '223.39.174.230', '2024-05-16 15:01:54', '223.39.174.230'),
	(227, 30, 26, 0, '183718371837188111111191818181991919과11111171817173828818811과1717171717172772727372771177', 'https://abbboo-nearby.s3.ap-northeast-2.amazonaws.com/tts/912ba1f4-be81-4a3c-99d2-ff29732763ea-tts.mp3', 0, '2024-05-16 15:01:54', '223.39.174.230', '2024-05-16 15:01:54', '223.39.174.230'),
	(228, 30, 26, 0, '183718371837188111111191818181991919과11111171817173828818811과1717171717172772727372771177', 'https://abbboo-nearby.s3.ap-northeast-2.amazonaws.com/tts/17345aa0-f543-4368-9a56-39b1da2e1d8a-tts.mp3', 0, '2024-05-16 15:01:54', '223.39.174.230', '2024-05-16 15:01:54', '223.39.174.230'),
	(229, 30, 26, 0, '183718371837188111111191818181991919과11111171817173828818811과1717171717172772727372771177', 'https://abbboo-nearby.s3.ap-northeast-2.amazonaws.com/tts/3694beca-8e0a-4853-be95-42e644bc4916-tts.mp3', 0, '2024-05-16 15:01:54', '223.39.174.230', '2024-05-16 15:01:54', '223.39.174.230'),
	(230, 30, 26, 0, '183718371837188111111191818181991919과11111171817173828818811과1717171717172772727372771177', 'https://abbboo-nearby.s3.ap-northeast-2.amazonaws.com/tts/106d5d04-8604-4bb0-b385-1b6d08e22257-tts.mp3', 0, '2024-05-16 15:01:54', '223.39.174.230', '2024-05-16 15:01:54', '223.39.174.230'),
	(231, 30, 26, 0, '183718371837188111111191818181991919과11111171817173828818811과1717171717172772727372771177', 'https://abbboo-nearby.s3.ap-northeast-2.amazonaws.com/tts/6729ff8f-b88a-46ce-af7e-bf769660c0ed-tts.mp3', 0, '2024-05-16 15:01:54', '223.39.174.230', '2024-05-16 15:01:54', '223.39.174.230'),
	(232, 30, 26, 0, '183718371837188111111191818181991919과11111171817173828818811과1717171717172772727372771177', 'https://abbboo-nearby.s3.ap-northeast-2.amazonaws.com/tts/9a2438ba-a574-4b88-bc06-0e908914880b-tts.mp3', 0, '2024-05-16 15:01:54', '223.39.174.230', '2024-05-16 15:01:54', '223.39.174.230'),
	(233, 30, 26, 0, '183718371837188111111191818181991919과11111171817173828818811과1717171717172772727372771177', 'https://abbboo-nearby.s3.ap-northeast-2.amazonaws.com/tts/f7411c91-9961-4c6c-a6f4-8b132f4af0c8-tts.mp3', 0, '2024-05-16 15:01:54', '223.39.174.230', '2024-05-16 15:01:54', '223.39.174.230'),
	(234, 30, 26, 0, '183718371837188111111191818181991919과11111171817173828818811과1717171717172772727372771177', 'https://abbboo-nearby.s3.ap-northeast-2.amazonaws.com/tts/3c1c1072-58af-449d-96e6-9eb5a912dfdd-tts.mp3', 0, '2024-05-16 15:01:54', '223.39.174.230', '2024-05-16 15:01:54', '223.39.174.230'),
	(235, 30, 26, 0, '183718371837188111111191818181991919과11111171817173828818811과1717171717172772727372771177', 'https://abbboo-nearby.s3.ap-northeast-2.amazonaws.com/tts/bcf56806-689a-4ff3-a0dc-0a5786f817a2-tts.mp3', 0, '2024-05-16 15:01:54', '223.39.174.230', '2024-05-16 15:01:54', '223.39.174.230'),
	(236, 30, 26, 0, '183718371837188111111191818181991919과11111171817173828818811과1717171717172772727372771177', 'https://abbboo-nearby.s3.ap-northeast-2.amazonaws.com/tts/aba3b340-8b55-4f60-b49a-5920f82c4f23-tts.mp3', 0, '2024-05-16 15:01:55', '223.39.174.230', '2024-05-16 15:01:55', '223.39.174.230'),
	(237, 30, 26, 0, '183718371837188111111191818181991919과11111171817173828818811과1717171717172772727372771177', 'https://abbboo-nearby.s3.ap-northeast-2.amazonaws.com/tts/1119da76-d3a3-4d02-a6b1-a93527b7aad2-tts.mp3', 0, '2024-05-16 15:01:55', '223.39.174.230', '2024-05-16 15:01:55', '223.39.174.230'),
	(238, 30, 26, 0, '183718371837188111111191818181991919과11111171817173828818811과1717171717172772727372771177', 'https://abbboo-nearby.s3.ap-northeast-2.amazonaws.com/tts/87cc9404-31bf-4322-b122-f9b36c0a5551-tts.mp3', 0, '2024-05-16 15:01:55', '223.39.174.230', '2024-05-16 15:01:55', '223.39.174.230'),
	(239, 30, 26, 0, '183718371837188111111191818181991919과11111171817173828818811과1717171717172772727372771177', 'https://abbboo-nearby.s3.ap-northeast-2.amazonaws.com/tts/5810e36f-c113-4cbf-b18a-5dfc235a81dd-tts.mp3', 0, '2024-05-16 15:01:55', '223.39.174.230', '2024-05-16 15:01:55', '223.39.174.230'),
	(240, 30, 26, 0, '183718371837188111111191818181991919과11111171817173828818811과1717171717172772727372771177', 'https://abbboo-nearby.s3.ap-northeast-2.amazonaws.com/tts/ae5841eb-2a41-49fe-aaa3-645e1fc10b79-tts.mp3', 0, '2024-05-16 15:01:55', '223.39.174.230', '2024-05-16 15:01:55', '223.39.174.230'),
	(241, 30, 26, 0, '183718371837188111111191818181991919과11111171817173828818811과1717171717172772727372771177', 'https://abbboo-nearby.s3.ap-northeast-2.amazonaws.com/tts/def19c30-6aa2-402a-8894-c5f01adfdbc1-tts.mp3', 0, '2024-05-16 15:01:55', '223.39.174.230', '2024-05-16 15:01:55', '223.39.174.230'),
	(242, 30, 26, 0, '183718371837188111111191818181991919과11111171817173828818811과1717171717172772727372771177', 'https://abbboo-nearby.s3.ap-northeast-2.amazonaws.com/tts/138ac909-b93b-4a01-a27e-784747916b27-tts.mp3', 0, '2024-05-16 15:01:55', '223.39.174.230', '2024-05-16 15:01:55', '223.39.174.230'),
	(243, 30, 26, 0, '183718371837188111111191818181991919과11111171817173828818811과1717171717172772727372771177', 'https://abbboo-nearby.s3.ap-northeast-2.amazonaws.com/tts/91c264eb-3755-4f7d-9414-1a636cd2756f-tts.mp3', 0, '2024-05-16 15:01:55', '223.39.174.230', '2024-05-16 15:01:55', '223.39.174.230'),
	(244, 30, 26, 0, '183718371837188111111191818181991919과11111171817173828818811과1717171717172772727372771177', 'https://abbboo-nearby.s3.ap-northeast-2.amazonaws.com/tts/dc25427f-4a71-4865-856f-31769bd20bbb-tts.mp3', 0, '2024-05-16 15:01:55', '223.39.174.230', '2024-05-16 15:01:55', '223.39.174.230'),
	(245, 30, 26, 0, '183718371837188111111191818181991919과11111171817173828818811과1717171717172772727372771177', 'https://abbboo-nearby.s3.ap-northeast-2.amazonaws.com/tts/f156dae6-0067-4066-be91-7545a655cfd3-tts.mp3', 0, '2024-05-16 15:01:55', '223.39.174.230', '2024-05-16 15:01:55', '223.39.174.230'),
	(246, 30, 26, 0, '183718371837188111111191818181991919과11111171817173828818811과1717171717172772727372771177', 'https://abbboo-nearby.s3.ap-northeast-2.amazonaws.com/tts/ebf0077f-6ba4-43a2-9f00-0a1e33ca236c-tts.mp3', 0, '2024-05-16 15:01:55', '223.39.174.230', '2024-05-16 15:01:55', '223.39.174.230'),
	(247, 30, 26, 0, '183718371837188111111191818181991919과11111171817173828818811과1717171717172772727372771177', 'https://abbboo-nearby.s3.ap-northeast-2.amazonaws.com/tts/d080b4f6-69e6-4656-b0a1-64426a32c5cb-tts.mp3', 0, '2024-05-16 15:01:55', '223.39.174.230', '2024-05-16 15:01:55', '223.39.174.230'),
	(248, 30, 26, 0, '183718371837188111111191818181991919과11111171817173828818811과1717171717172772727372771177', 'https://abbboo-nearby.s3.ap-northeast-2.amazonaws.com/tts/be6a85f8-55da-4963-93f7-a5823c3e185b-tts.mp3', 0, '2024-05-16 15:01:55', '223.39.174.230', '2024-05-16 15:01:55', '223.39.174.230'),
	(249, 12, 1, 1, 'ㅋㅋㅋ', 'https://abbboo-nearby.s3.ap-northeast-2.amazonaws.com/tts/3e8342d6-ac93-4456-8686-7eb7ed2fa5c6-tts.mp3', 0, '2024-05-16 15:05:26', '14.46.141.222', '2024-05-16 17:37:59', '39.7.230.84'),
	(250, 12, 3, 1, 'ㅋㅋㅇㅋㅇㅋㅇㅋㅇㅋㅇ', 'https://abbboo-nearby.s3.ap-northeast-2.amazonaws.com/tts/0285d710-676e-4386-9046-d60955646d9c-tts.mp3', 0, '2024-05-16 15:05:35', '14.46.141.222', '2024-05-16 16:04:38', '14.46.142.192'),
	(251, 12, 3, 1, 'ㅋㅋㅇㅋㅇㅋㅇㅋㅇㅋㅇ', 'https://abbboo-nearby.s3.ap-northeast-2.amazonaws.com/tts/4e44ebf1-8707-4066-9cb7-f43c4fcbef80-tts.mp3', 0, '2024-05-16 15:05:35', '14.46.141.222', '2024-05-16 16:04:40', '14.46.142.192'),
	(252, 12, 3, 1, 'ㅋㅋㅇㅋㅇㅋㅇㅋㅇㅋㅇ', 'https://abbboo-nearby.s3.ap-northeast-2.amazonaws.com/tts/2d13d4a4-340c-4445-94fd-0abdcb075cf9-tts.mp3', 0, '2024-05-16 15:05:35', '14.46.141.222', '2024-05-16 16:04:41', '14.46.142.192'),
	(253, 47, 45, 1, '안녕\n', 'https://abbboo-nearby.s3.ap-northeast-2.amazonaws.com/tts/a7c147c1-8d94-49bc-bb02-e9840ba567bd-tts.mp3', 0, '2024-05-16 15:06:35', '14.46.141.178', '2024-05-16 15:07:36', '14.46.141.192'),
	(254, 3, 12, 1, 'ㅋㅋㅋ', 'https://abbboo-nearby.s3.ap-northeast-2.amazonaws.com/tts/95825ecf-9f86-4e0d-ad27-6e4cec583a24-tts.mp3', 0, '2024-05-16 15:16:48', '14.46.142.192', '2024-05-16 15:23:17', '14.46.141.222'),
	(255, 3, 10, 1, 'ㅋㅋㅋ', 'https://abbboo-nearby.s3.ap-northeast-2.amazonaws.com/tts/09b13fdb-9ad8-4da1-9f92-2f9b5123cf7c-tts.mp3', 0, '2024-05-16 15:18:46', '14.46.142.192', '2024-05-16 20:28:55', '211.194.200.134'),
	(256, 49, 48, 1, '야!\n', 'https://abbboo-nearby.s3.ap-northeast-2.amazonaws.com/tts/66affea0-8134-4852-9c06-d32e1f3a62f7-tts.mp3', 0, '2024-05-16 15:24:02', '14.46.141.221', '2024-05-16 15:24:36', '14.46.142.153'),
	(257, 48, 49, 1, '귀여운나는 귀요미귀여우염ㄴ 귀요미 척척밗님게 물어봅시다 딩동댕동', 'https://abbboo-nearby.s3.ap-northeast-2.amazonaws.com/tts/89388520-79ca-4470-aeb0-659450125ec4-tts.mp3', 0, '2024-05-16 15:28:34', '14.46.142.153', '2024-05-16 15:30:50', '14.46.141.221'),
	(258, 48, 49, 1, '귀여운나는 귀요미귀여우염ㄴ 귀요미 척척밗님게 물어봅시다 딩동댕동', 'https://abbboo-nearby.s3.ap-northeast-2.amazonaws.com/tts/fd9a8435-2159-4e5e-8cae-b6a0d7b71be3-tts.mp3', 0, '2024-05-16 15:28:34', '14.46.142.153', '2024-05-16 15:31:00', '14.46.141.221'),
	(259, 48, 49, 1, '귀여운나는 귀요미귀여우염ㄴ 귀요미 척척밗님게 물어봅시다 딩동댕동', 'https://abbboo-nearby.s3.ap-northeast-2.amazonaws.com/tts/ef2f23d5-f316-4098-957a-3078488c25ff-tts.mp3', 0, '2024-05-16 15:28:35', '14.46.142.153', '2024-05-16 15:31:02', '14.46.141.221'),
	(260, 48, 49, 1, '귀여운나는 귀요미귀여우염ㄴ 귀요미 척척밗님게 물어봅시다 딩동댕동', 'https://abbboo-nearby.s3.ap-northeast-2.amazonaws.com/tts/9c04f3d7-3f20-4def-ac71-9e41995c9484-tts.mp3', 0, '2024-05-16 15:28:35', '14.46.142.153', '2024-05-16 15:31:02', '14.46.141.221'),
	(261, 59, 60, 1, '아', 'https://abbboo-nearby.s3.ap-northeast-2.amazonaws.com/tts/f290472f-e6da-43d4-b819-df12fb000744-tts.mp3', 0, '2024-05-16 16:34:44', '211.192.210.226', '2024-05-16 16:34:56', '211.192.252.221'),
	(262, 59, 60, 0, '안녕', 'https://abbboo-nearby.s3.ap-northeast-2.amazonaws.com/tts/f77f3ef5-b4b8-4405-87f1-6db832025c3e-tts.mp3', 0, '2024-05-16 16:38:28', '211.234.192.158', '2024-05-16 16:38:28', '211.234.192.158'),
	(263, 64, 66, 1, '안녕하세요~! 반가워요!', 'https://abbboo-nearby.s3.ap-northeast-2.amazonaws.com/tts/daa8c24d-2d1f-4364-8be6-6633f12ea95b-tts.mp3', 0, '2024-05-16 17:14:28', '39.7.28.184', '2024-05-16 17:14:49', '118.235.10.205'),
	(264, 66, 64, 1, '안녕하세요 혜영펭귄씨~', 'https://abbboo-nearby.s3.ap-northeast-2.amazonaws.com/tts/d0b58445-5aeb-41ed-95bb-670ea4c40da4-tts.mp3', 0, '2024-05-16 17:16:25', '118.235.10.205', '2024-05-16 17:47:44', '39.7.28.184'),
	(265, 67, 68, 1, '뿌엥', 'https://abbboo-nearby.s3.ap-northeast-2.amazonaws.com/tts/be812370-c945-466b-934f-8e5e9b53cf42-tts.mp3', 0, '2024-05-16 17:19:26', '14.46.142.231', '2024-05-16 17:20:16', '14.46.142.229'),
	(266, 68, 67, 0, '뿌엥', 'https://abbboo-nearby.s3.ap-northeast-2.amazonaws.com/tts/9ff857f5-7f17-4971-b607-5d47d186ee5f-tts.mp3', 0, '2024-05-16 17:20:33', '14.46.142.229', '2024-05-16 17:20:33', '14.46.142.229'),
	(267, 1, 64, 1, '언니 안뇽❤️', 'https://abbboo-nearby.s3.ap-northeast-2.amazonaws.com/tts/84959c8a-ef07-4fe1-865c-086b41001a66-tts.mp3', 0, '2024-05-16 17:39:18', '39.7.230.84', '2024-05-16 17:47:47', '39.7.28.184'),
	(268, 64, 41, 1, '혹시...우리 엄마에여...?ㅎㅎㅎㅎ', 'https://abbboo-nearby.s3.ap-northeast-2.amazonaws.com/tts/87a2d5ca-5f3b-492a-8655-14b66860e325-tts.mp3', 0, '2024-05-16 17:46:06', '39.7.28.184', '2024-05-17 08:16:44', '118.235.3.197'),
	(269, 64, 1, 1, '지유니 안녕~!!♡', 'https://abbboo-nearby.s3.ap-northeast-2.amazonaws.com/tts/c1eb3863-5b97-4e74-99ca-7734e57db24d-tts.mp3', 0, '2024-05-16 17:49:01', '39.7.28.184', '2024-05-16 18:57:17', '39.7.230.84'),
	(270, 22, 21, 0, '반갑습니다', 'https://abbboo-nearby.s3.ap-northeast-2.amazonaws.com/tts/faed0352-e11b-4d34-b5f9-290f095fec36-tts.mp3', 0, '2024-05-16 17:49:02', '14.46.142.208', '2024-05-16 17:49:02', '14.46.142.208'),
	(271, 22, 23, 0, '반갑습니다', 'https://abbboo-nearby.s3.ap-northeast-2.amazonaws.com/tts/2cc06b2b-2445-4db5-8aa5-dd9311a13ed5-tts.mp3', 0, '2024-05-16 17:49:15', '14.46.142.208', '2024-05-16 17:49:15', '14.46.142.208'),
	(272, 1, 41, 1, '엄마 안뇽~', 'https://abbboo-nearby.s3.ap-northeast-2.amazonaws.com/tts/35a2b921-2b94-472d-a178-bae402f391fd-tts.mp3', 0, '2024-05-16 18:57:34', '39.7.230.84', '2024-05-17 08:41:09', '118.235.3.197'),
	(273, 12, 4, 1, '몌옹이 안뇽??', 'https://abbboo-nearby.s3.ap-northeast-2.amazonaws.com/tts/0fc07979-a321-4237-a1fd-2a76126b0ddb-tts.mp3', 0, '2024-05-16 19:36:44', '172.226.95.33', '2024-05-17 09:28:13', '39.7.28.170'),
	(274, 3, 12, 1, '히원아 나 누구게 ㅎㅎㅎㅎ 히히 ', 'https://abbboo-nearby.s3.ap-northeast-2.amazonaws.com/tts/6d56e325-c330-4686-bd85-6d4a9737b19a-tts.mp3', 0, '2024-05-16 21:36:45', '118.235.83.131', '2024-05-16 21:48:20', '172.226.95.33'),
	(275, 3, 12, 1, '로딩 페이지 펭귄 뒷모습 뒤뚱뒤뚱으로 당장 바꿔라 개별로임 ㅋ 먼말알? ', 'https://abbboo-nearby.s3.ap-northeast-2.amazonaws.com/tts/38a757d9-0133-41da-a9e9-5d210cadf1c8-tts.mp3', 0, '2024-05-16 21:43:18', '118.235.83.221', '2024-05-16 21:48:21', '172.226.95.33'),
	(276, 3, 12, 1, '로딩 페이지 펭귄 뒷모습 뒤뚱뒤뚱으로 당장 바꿔라 개별로임 ㅋ 먼말알? ', 'https://abbboo-nearby.s3.ap-northeast-2.amazonaws.com/tts/af66d1b6-3e02-4175-86f9-f2affc5cea33-tts.mp3', 0, '2024-05-16 21:43:18', '118.235.83.221', '2024-05-16 21:48:21', '172.226.95.33'),
	(277, 3, 10, 1, '바보야', 'https://abbboo-nearby.s3.ap-northeast-2.amazonaws.com/tts/4bebf7a8-7a0e-4d5a-931c-1703af131ab5-tts.mp3', 0, '2024-05-16 21:48:48', '118.235.83.149', '2024-05-16 21:49:34', '223.62.147.185'),
	(278, 64, 1, 1, '콕찌르기!! 콕콕콕!!', 'https://abbboo-nearby.s3.ap-northeast-2.amazonaws.com/tts/56ed3709-e14a-4223-8806-0e61970429d6-tts.mp3', 0, '2024-05-16 22:14:30', '39.7.28.184', '2024-05-17 00:57:32', '210.105.105.199'),
	(279, 10, 3, 1, '아이스아메리카노', 'https://abbboo-nearby.s3.ap-northeast-2.amazonaws.com/tts/9ee592a2-f490-4855-8c80-94af27a212ce-tts.mp3', 0, '2024-05-16 22:40:21', '223.62.147.172', '2024-05-17 09:15:40', '14.46.142.192'),
	(280, 64, 1, 1, '왕 멋저요 당신💛', 'https://abbboo-nearby.s3.ap-northeast-2.amazonaws.com/tts/ac09a82e-82bf-4b61-bf92-abb259923f59-tts.mp3', 0, '2024-05-17 01:00:44', '222.108.238.36', '2024-05-17 01:42:10', '210.105.105.199'),
	(281, 34, 72, 1, 'ㅎㅇ', 'https://abbboo-nearby.s3.ap-northeast-2.amazonaws.com/tts/2ba1f23a-e1df-4474-8844-039ae8a0ea1b-tts.mp3', 0, '2024-05-17 09:41:11', '14.46.142.194', '2024-05-17 09:46:05', '14.46.142.203'),
	(282, 72, 34, 1, '하이', 'https://abbboo-nearby.s3.ap-northeast-2.amazonaws.com/tts/5a057076-bc36-401b-a683-5b6905ca49cb-tts.mp3', 0, '2024-05-17 09:41:54', '14.46.142.203', '2024-05-17 09:42:59', '14.46.142.194'),
	(283, 71, 72, 1, '할로할로', 'https://abbboo-nearby.s3.ap-northeast-2.amazonaws.com/tts/8af3156c-ea5c-4cea-9889-3fcecfceca0e-tts.mp3', 0, '2024-05-17 09:43:34', '14.46.141.199', '2024-05-17 09:46:07', '14.46.142.203'),
	(284, 71, 34, 1, '할로할로', 'https://abbboo-nearby.s3.ap-northeast-2.amazonaws.com/tts/a23b2387-66aa-4d9b-b28b-d96610dbb9de-tts.mp3', 0, '2024-05-17 09:43:41', '14.46.141.199', '2024-05-17 09:45:09', '14.46.142.194'),
	(285, 72, 71, 1, 'gd', 'https://abbboo-nearby.s3.ap-northeast-2.amazonaws.com/tts/c6ca9546-6b48-4ccf-b579-f5f806052def-tts.mp3', 0, '2024-05-17 09:44:02', '14.46.142.203', '2024-05-17 09:46:02', '14.46.141.199'),
	(286, 56, 56, 1, '하이루', 'https://abbboo-nearby.s3.ap-northeast-2.amazonaws.com/tts/cafdfd14-3426-43af-b253-f26a23e6e89b-tts.mp3', 0, '2024-05-17 13:26:20', '14.46.141.243', '2024-05-17 13:27:27', '223.39.174.229'),
	(287, 75, 68, 0, 'Fighting!!\n', 'https://abbboo-nearby.s3.ap-northeast-2.amazonaws.com/tts/203bc6b6-905d-4d7c-8b23-4a356fdefd39-tts.mp3', 0, '2024-05-17 15:42:44', '14.46.142.226', '2024-05-17 15:42:44', '14.46.142.226'),
	(288, 64, 41, 1, '엄마 파이팅💐', 'https://abbboo-nearby.s3.ap-northeast-2.amazonaws.com/tts/7a42b514-d60c-4e3b-86a1-e648331ab289-tts.mp3', 0, '2024-05-17 16:55:40', '39.7.230.254', '2024-05-18 09:59:39', '222.108.238.36'),
	(289, 3, 10, 1, '멀보노', 'https://abbboo-nearby.s3.ap-northeast-2.amazonaws.com/tts/3d880b40-20c5-4786-be8c-d5cc8c2d905e-tts.mp3', 0, '2024-05-17 17:04:11', '14.46.142.192', '2024-05-17 17:28:27', '223.62.148.29'),
	(290, 3, 10, 1, '멀보노', 'https://abbboo-nearby.s3.ap-northeast-2.amazonaws.com/tts/97741196-1eea-4c8f-8359-bdbb3a597866-tts.mp3', 0, '2024-05-17 17:04:18', '14.46.142.192', '2024-05-17 17:28:30', '223.62.148.29'),
	(291, 3, 10, 1, '멀보노', 'https://abbboo-nearby.s3.ap-northeast-2.amazonaws.com/tts/b65baad7-032e-4ee1-b795-8f077f6ae738-tts.mp3', 0, '2024-05-17 17:04:20', '14.46.142.192', '2024-05-17 18:09:41', '223.62.148.32'),
	(292, 3, 10, 1, '멀보노', 'https://abbboo-nearby.s3.ap-northeast-2.amazonaws.com/tts/000bd5af-09ab-4b85-8e3f-e7d794e8d6db-tts.mp3', 0, '2024-05-17 17:04:26', '14.46.142.192', '2024-05-17 18:09:46', '223.62.148.32'),
	(293, 4, 77, 1, '키키 바쁠텐테 체험 해줘서 고마워 혜주양 ㅎㅅㅎ', 'https://abbboo-nearby.s3.ap-northeast-2.amazonaws.com/tts/09185e41-879b-4b88-9cac-9f36b85fcbcc-tts.mp3', 0, '2024-05-17 17:26:50', '14.46.141.244', '2024-05-17 18:11:21', '126.255.118.99'),
	(294, 1, 64, 1, '친절하고 꼼꼼한 피드백 너무 감사감사!!', 'https://abbboo-nearby.s3.ap-northeast-2.amazonaws.com/tts/6d215f56-f968-4492-b7a4-04dce5872411-tts.mp3', 0, '2024-05-17 17:26:59', '118.235.14.66', '2024-05-17 22:12:27', '222.108.238.36'),
	(295, 64, 1, 1, '안녕안뇽~~~!', 'https://abbboo-nearby.s3.ap-northeast-2.amazonaws.com/tts/19dfd1c5-824b-45c1-bf3a-62a905981bb9-tts.mp3', 0, '2024-05-17 17:28:02', '39.7.230.254', '2024-05-17 17:31:03', '118.235.14.66'),
	(296, 12, 10, 1, '안뇽하세요 ', 'https://abbboo-nearby.s3.ap-northeast-2.amazonaws.com/tts/e0afbdfe-b315-41f3-a6a7-00ebc1cddf58-tts.mp3', 0, '2024-05-17 17:30:35', '172.226.95.32', '2024-05-17 18:09:51', '223.62.148.32'),
	(297, 77, 4, 1, '큐티빤수 짱 멋잇다', 'https://abbboo-nearby.s3.ap-northeast-2.amazonaws.com/tts/f9c395d9-ea16-4c2a-b586-d40663a00838-tts.mp3', 0, '2024-05-17 18:12:12', '126.255.118.99', '2024-05-19 20:39:16', '211.229.19.152'),
	(298, 19, 20, 0, '너가 누군데요?', 'https://abbboo-nearby.s3.ap-northeast-2.amazonaws.com/tts/0596278d-b0c2-431f-9ac2-8cadeb983a78-tts.mp3', 0, '2024-05-17 18:21:20', '118.235.65.232', '2024-05-17 18:21:20', '118.235.65.232'),
	(299, 12, 19, 1, '쭈서누 바보', 'https://abbboo-nearby.s3.ap-northeast-2.amazonaws.com/tts/e087903c-350c-4943-ac05-39ef34d3e1c0-tts.mp3', 0, '2024-05-17 18:22:01', '172.226.95.46', '2024-05-17 18:31:56', '118.235.66.144'),
	(300, 19, 12, 1, '오늘은 왜 울고있어 자기야', 'https://abbboo-nearby.s3.ap-northeast-2.amazonaws.com/tts/0b58ab72-0a42-41da-9911-94c2f01415a1-tts.mp3', 0, '2024-05-17 18:33:03', '118.235.66.144', '2024-05-17 18:34:10', '172.226.95.47'),
	(301, 19, 12, 1, '콧수염 언제 뗄거야\n언제까지 박완규일꺼야', 'https://abbboo-nearby.s3.ap-northeast-2.amazonaws.com/tts/16d0842b-d9e7-4772-a165-762614e9dd09-tts.mp3', 0, '2024-05-17 18:33:21', '118.235.66.144', '2024-05-17 18:34:18', '172.226.95.47'),
	(302, 19, 20, 0, '펭귄이 되.....', 'https://abbboo-nearby.s3.ap-northeast-2.amazonaws.com/tts/bce7545c-21f1-4007-b3e6-f793ffd094ae-tts.mp3', 0, '2024-05-17 18:40:45', '118.235.66.167', '2024-05-17 18:40:45', '118.235.66.167'),
	(303, 12, 19, 1, '나 저녁 먹어볼꼬야~\n나 참치마요 만들어 볼꺼야~', 'https://abbboo-nearby.s3.ap-northeast-2.amazonaws.com/tts/ab73faac-2e89-4532-90ad-94a18fd4b29a-tts.mp3', 0, '2024-05-17 18:41:10', '172.226.95.43', '2024-05-17 18:41:42', '118.235.66.191'),
	(304, 19, 12, 1, '그새끼보다 못한게 모야', 'https://abbboo-nearby.s3.ap-northeast-2.amazonaws.com/tts/b3df4230-0329-4820-b0ac-d7ed66f427a2-tts.mp3', 0, '2024-05-17 18:43:21', '118.235.65.116', '2024-05-17 18:52:14', '172.225.52.227'),
	(305, 81, 3, 1, '안녕 승현아.', 'https://abbboo-nearby.s3.ap-northeast-2.amazonaws.com/tts/88eb4d7f-6d2d-43d8-bc80-88f1e08dc84d-tts.mp3', 0, '2024-05-17 21:53:36', '116.36.40.48', '2024-05-18 19:02:38', '59.24.182.111'),
	(306, 10, 12, 1, '메시지 이벤트 이거 되는 거야?', 'https://abbboo-nearby.s3.ap-northeast-2.amazonaws.com/tts/115cd4aa-2502-487f-b2da-1bf98af33fe3-tts.mp3', 0, '2024-05-17 22:47:46', '127.0.0.1', '2024-05-17 22:48:46', '172.226.95.46'),
	(307, 81, 10, 1, '잘 지내고 있어?', 'https://abbboo-nearby.s3.ap-northeast-2.amazonaws.com/tts/8ae701e1-a33e-4ac5-ac8f-645c14ff959f-tts.mp3', 0, '2024-05-17 23:02:35', '116.36.40.48', '2024-05-17 23:11:49', '223.62.148.160'),
	(308, 10, 12, 1, '어느덧 11시 3분', 'https://abbboo-nearby.s3.ap-northeast-2.amazonaws.com/tts/1a81dbff-dbea-4915-9774-dadf80ffcb13-tts.mp3', 0, '2024-05-17 23:03:58', '127.0.0.1', '2024-05-17 23:11:38', '172.226.95.41'),
	(309, 10, 1, 1, '어느덧 11시 3분', 'https://abbboo-nearby.s3.ap-northeast-2.amazonaws.com/tts/e0cd9c4d-b8ad-4d9f-a05c-aeacd55a12f2-tts.mp3', 0, '2024-05-17 23:04:34', '127.0.0.1', '2024-05-17 23:05:38', '116.36.40.48'),
	(310, 10, 1, 1, '어느덧 11시 3분', 'https://abbboo-nearby.s3.ap-northeast-2.amazonaws.com/tts/96e6feee-1914-49f6-9c01-82cfa35b6472-tts.mp3', 0, '2024-05-17 23:04:42', '127.0.0.1', '2024-05-17 23:05:45', '116.36.40.48'),
	(311, 10, 1, 1, '어느덧 11시 3분', 'https://abbboo-nearby.s3.ap-northeast-2.amazonaws.com/tts/6705cf68-fccd-482d-ba08-7b8982ac1d6f-tts.mp3', 0, '2024-05-17 23:05:27', '127.0.0.1', '2024-05-17 23:06:11', '116.36.40.48'),
	(312, 10, 12, 1, '어느덧 11시 3분', 'https://abbboo-nearby.s3.ap-northeast-2.amazonaws.com/tts/dc00cc1e-8175-4ee7-b481-fd94de19aab3-tts.mp3', 0, '2024-05-17 23:05:31', '127.0.0.1', '2024-05-17 23:11:40', '172.226.95.41'),
	(313, 10, 12, 1, '어느덧 11시 3분', 'https://abbboo-nearby.s3.ap-northeast-2.amazonaws.com/tts/c4c1911e-19bd-49b6-832f-8d7e11848d0e-tts.mp3', 0, '2024-05-17 23:05:47', '127.0.0.1', '2024-05-17 23:11:42', '172.226.95.41'),
	(314, 10, 1, 1, '어느덧 11시 3분', 'https://abbboo-nearby.s3.ap-northeast-2.amazonaws.com/tts/2f70e87c-27ea-4ca0-b620-d55dff7009fd-tts.mp3', 0, '2024-05-17 23:05:56', '127.0.0.1', '2024-05-17 23:06:13', '116.36.40.48'),
	(315, 12, 10, 1, '어이 어이 어이 오이', 'https://abbboo-nearby.s3.ap-northeast-2.amazonaws.com/tts/d2740146-fb20-4902-b690-31013efe0294-tts.mp3', 0, '2024-05-17 23:11:24', '172.226.95.41', '2024-05-17 23:11:51', '223.62.148.160'),
	(316, 10, 12, 1, '따단!', 'https://abbboo-nearby.s3.ap-northeast-2.amazonaws.com/tts/165221d2-b20e-4ebf-aa10-959072220c0a-tts.mp3', 0, '2024-05-17 23:12:18', '223.62.147.201', '2024-05-17 23:12:43', '172.226.94.47'),
	(317, 10, 81, 1, '유씨씨 작업은 어떤가 휘웅', 'https://abbboo-nearby.s3.ap-northeast-2.amazonaws.com/tts/bbbd4bc3-839e-4c04-9cad-b884c27912b0-tts.mp3', 0, '2024-05-17 23:28:04', '223.62.147.230', '2024-05-17 23:32:01', '116.36.40.48'),
	(318, 10, 81, 1, '안녕 희웅아!!', 'https://abbboo-nearby.s3.ap-northeast-2.amazonaws.com/tts/d68ac9f1-7c98-4dea-af1e-42073cbb0715-tts.mp3', 0, '2024-05-17 23:31:15', '223.62.147.45', '2024-05-17 23:32:03', '116.36.40.48'),
	(319, 10, 81, 1, '또이이이잉!', 'https://abbboo-nearby.s3.ap-northeast-2.amazonaws.com/tts/71cd281a-79fb-4d4e-bea6-159f389f097f-tts.mp3', 0, '2024-05-17 23:32:08', '223.62.147.88', '2024-05-18 10:07:59', '122.43.138.244'),
	(320, 10, 81, 1, '찌루기 받으라고!!', 'https://abbboo-nearby.s3.ap-northeast-2.amazonaws.com/tts/886d326b-932a-470c-a961-ce2f1278999c-tts.mp3', 0, '2024-05-18 00:14:40', '223.62.147.205', '2024-05-18 10:07:59', '122.43.138.244'),
	(321, 10, 81, 1, '휘웅 언제갈까', 'https://abbboo-nearby.s3.ap-northeast-2.amazonaws.com/tts/dc7d4857-8cdf-4789-8023-a77588bc665f-tts.mp3', 0, '2024-05-18 11:45:05', '211.194.200.29', '2024-05-18 11:45:17', '122.43.138.244'),
	(322, 81, 10, 1, '형 내가 에바갈게', 'https://abbboo-nearby.s3.ap-northeast-2.amazonaws.com/tts/ffecc444-7f11-4029-9bed-82fed8795ba4-tts.mp3', 0, '2024-05-18 11:46:36', '122.43.138.244', '2024-05-18 11:48:34', '211.194.200.29'),
	(323, 10, 81, 1, '오호 언제?', 'https://abbboo-nearby.s3.ap-northeast-2.amazonaws.com/tts/741f5baa-1365-4ca0-bbf9-1e30346c465f-tts.mp3', 0, '2024-05-18 11:49:00', '211.194.200.29', '2024-05-18 19:57:14', '116.43.141.67'),
	(324, 1, 12, 1, '이얍 아뾰아뾰 화이팅이닷', 'https://abbboo-nearby.s3.ap-northeast-2.amazonaws.com/tts/1a5bd0b3-7a47-4f5f-a6bb-be3ac88ca4f3-tts.mp3', 0, '2024-05-18 12:10:55', '210.105.105.199', '2024-05-18 13:08:46', '104.28.71.27'),
	(325, 81, 10, 1, '잘 지내고 있어?', 'https://abbboo-nearby.s3.ap-northeast-2.amazonaws.com/tts/9e16ca09-a276-427e-807a-16d772d69180-tts.mp3', 0, '2024-05-18 16:45:16', '116.36.40.48', '2024-05-18 17:26:19', '223.62.148.208'),
	(326, 81, 10, 1, '잘 지내고 있어?', 'https://abbboo-nearby.s3.ap-northeast-2.amazonaws.com/tts/59308004-2afa-44e3-a64a-ef5afea998bc-tts.mp3', 0, '2024-05-18 16:45:36', '116.36.40.48', '2024-05-18 17:26:19', '223.62.148.208'),
	(327, 10, 81, 1, '후에엥', 'https://abbboo-nearby.s3.ap-northeast-2.amazonaws.com/tts/953c8416-1a0c-4a17-a4aa-8416b9546ddb-tts.mp3', 0, '2024-05-18 20:12:38', '223.62.147.153', '2024-05-19 01:07:45', '122.43.138.244'),
	(328, 81, 10, 1, '안녕 형', 'https://abbboo-nearby.s3.ap-northeast-2.amazonaws.com/tts/f16ea35b-aa79-4870-ad46-c03e175a0b33-tts.mp3', 0, '2024-05-19 01:07:33', '122.43.138.244', '2024-05-19 01:08:50', '211.194.200.29'),
	(329, 10, 81, 1, '안자고 뭐해', 'https://abbboo-nearby.s3.ap-northeast-2.amazonaws.com/tts/ab08b569-1d53-4f33-84b0-84e9c21b71a7-tts.mp3', 0, '2024-05-19 01:09:27', '211.194.200.29', '2024-05-19 01:31:52', '122.43.138.244'),
	(330, 81, 10, 1, '각자 위치로!', 'https://abbboo-nearby.s3.ap-northeast-2.amazonaws.com/tts/714ac9e9-2c36-4d88-8c32-85ea8fbe4ab8-tts.mp3', 0, '2024-05-19 10:27:12', '122.43.138.244', '2024-05-19 12:30:49', '211.194.200.29'),
	(331, 10, 81, 1, '희웅 알림 가?', 'https://abbboo-nearby.s3.ap-northeast-2.amazonaws.com/tts/a3ed3b6e-d1d0-4455-ad06-380bff14ed04-tts.mp3', 0, '2024-05-19 12:34:28', '211.194.200.29', '2024-05-19 14:35:14', '122.43.138.244'),
	(332, 81, 10, 1, '이거는 테스트입니다', 'https://abbboo-nearby.s3.ap-northeast-2.amazonaws.com/tts/a0d61ac6-6f03-4430-8585-6844f4f0646f-tts.mp3', 0, '2024-05-19 13:37:12', '106.101.129.74', '2024-05-19 13:39:03', '211.194.200.29'),
	(339, 1, 10, 1, '안뇽?', 'https://abbboo-nearby.s3.ap-northeast-2.amazonaws.com/tts/5f3330f2-3ccd-42c6-a90b-f95a7802bb5b-tts.mp3', 0, '2024-05-19 17:44:36', '118.235.11.92', '2024-05-19 19:09:38', '223.62.148.153'),
	(342, 19, 12, 1, '니 쯔앙나하나~\n선배! 저랑 말라아탕!! 머그러가요\n선배! 저 땡후루? 탕탕 후루루루루루', 'https://abbboo-nearby.s3.ap-northeast-2.amazonaws.com/tts/0fd32266-71f5-4361-8dbe-4ce9478b9d70-tts.mp3', 0, '2024-05-19 17:53:19', '121.129.157.72', '2024-05-19 17:54:01', '172.225.52.219'),
	(343, 12, 81, 1, '하이하이', 'https://abbboo-nearby.s3.ap-northeast-2.amazonaws.com/tts/dc92a58f-ed1a-4fed-b2ba-056e6cc2f465-tts.mp3', 0, '2024-05-19 18:44:01', '211.224.75.195', '2024-05-19 18:44:13', '122.43.138.244'),
	(350, 4, 88, 1, '승현이!  기몌옹는 항상 승현이 생각뿐인거 알지? 오늘도 좋은 하루 보내 ~ (●\'◡\'●)', 'https://abbboo-nearby.s3.ap-northeast-2.amazonaws.com/tts/da825d67-d3ca-469c-8185-94f70170557e-tts.mp3', 1, '2024-05-19 19:00:00', 'system', '2024-05-19 20:50:39', '211.224.75.195'),
	(351, 12, 81, 1, '매 끼니 잘 챙겨먹고 있지? 이희웅의 건강이 제일 중요해! 아무리 바빠도 건강 챙기자~', 'https://abbboo-nearby.s3.ap-northeast-2.amazonaws.com/tts/49ff6599-8bf2-49ff-a5ab-beaa243afd7f-tts.mp3', 1, '2024-05-19 19:00:01', 'system', '2024-05-19 19:04:11', '122.43.138.244'),
	(352, 4, 88, 1, '나의 가족 승현이♥에게! 항상 고맙고 사랑합니다. 오늘 하루도 언제나처럼 웃음 가득하시길 바라요.', 'https://abbboo-nearby.s3.ap-northeast-2.amazonaws.com/tts/06cb8987-35cb-435a-b850-918b3f1c51ef-tts.mp3', 1, '2024-05-19 19:00:01', 'system', '2024-05-19 20:50:42', '211.224.75.195'),
	(353, 12, 81, 1, '나의 가족 이희웅♥에게! 항상 고맙고 사랑합니다. 오늘 하루도 언제나처럼 웃음 가득하시길 바라요.', 'https://abbboo-nearby.s3.ap-northeast-2.amazonaws.com/tts/1043a858-4b05-4217-9070-36a17f60ab0d-tts.mp3', 1, '2024-05-19 19:00:02', 'system', '2024-05-19 19:04:16', '122.43.138.244'),
	(354, 4, 88, 1, '사랑하는 승현이, 우리가 함께한 모든 순간은 제 인생에서 가장 빛나는 보석과 같아. 오늘도 행복한 하루!♥', 'https://abbboo-nearby.s3.ap-northeast-2.amazonaws.com/tts/1b8c2cd8-0915-4b75-8a0c-f8797811e288-tts.mp3', 1, '2024-05-19 19:05:02', 'system', '2024-05-19 20:50:45', '211.224.75.195'),
	(355, 12, 81, 1, '나의 가족 이희웅♥에게! 항상 고맙고 사랑합니다. 오늘 하루도 언제나처럼 웃음 가득하시길 바라요.', 'https://abbboo-nearby.s3.ap-northeast-2.amazonaws.com/tts/e9f36f0d-542e-4d94-b6c2-ff185a7a9ee9-tts.mp3', 1, '2024-05-19 19:05:03', 'system', '2024-05-19 19:21:40', '122.43.138.244'),
	(356, 4, 88, 1, '승현이!  기몌옹는 항상 승현이 생각뿐인거 알지? 오늘도 좋은 하루 보내 ~ (●\'◡\'●)', 'https://abbboo-nearby.s3.ap-northeast-2.amazonaws.com/tts/75f3e78f-1fb1-406a-be06-fbd16ef99625-tts.mp3', 1, '2024-05-19 19:10:01', 'system', '2024-05-19 20:50:47', '211.224.75.195'),
	(357, 12, 81, 1, '힝… 이희웅 보고싶다. 이희웅 사랑해!', 'https://abbboo-nearby.s3.ap-northeast-2.amazonaws.com/tts/12b14f08-00b8-4c5b-8e89-d90cd8eb9ee7-tts.mp3', 1, '2024-05-19 19:10:02', 'system', '2024-05-19 19:21:40', '122.43.138.244'),
	(358, 10, 1, 1, '마지막까지 아자아잣 화이팅이닷!!\n끝나고 회식 가보자고~!!', 'https://abbboo-nearby.s3.ap-northeast-2.amazonaws.com/tts/64f302fe-97ce-4936-8980-b3f0ba90b46d-tts.mp3', 0, '2024-05-19 19:45:24', '223.62.148.153', '2024-05-19 21:02:24', '211.224.75.195'),
	(359, 4, 88, 1, '매 끼니 잘 챙겨먹고 있지? 승현이의 건강이 제일 중요해! 아무리 바빠도 건강 챙기자~', 'https://abbboo-nearby.s3.ap-northeast-2.amazonaws.com/tts/b5986317-e54b-4ea2-b84d-dc6950ca04ac-tts.mp3', 1, '2024-05-19 20:52:55', 'system', '2024-05-19 20:54:58', '211.224.75.195'),
	(360, 12, 4, 1, '기몌옹은 마법 같아. (o゜▽゜)o☆ 기몌옹이 있어서 매일이 특별해! 사랑하는 마음을 담아 보내. 사랑해, 기몌옹!', 'https://abbboo-nearby.s3.ap-northeast-2.amazonaws.com/tts/1663a814-2626-4b95-8625-c046424891f8-tts.mp3', 1, '2024-05-19 20:52:56', 'system', '2024-05-19 20:58:28', '211.229.19.152'),
	(361, 4, 88, 1, '사랑하는 승현이, 우리가 함께한 모든 순간은 제 인생에서 가장 빛나는 보석과 같아. 오늘도 행복한 하루!♥', 'https://abbboo-nearby.s3.ap-northeast-2.amazonaws.com/tts/13ab23d5-0d96-49f8-879f-f26872a6eb4f-tts.mp3', 1, '2024-05-19 20:53:04', 'system', '2024-05-19 20:55:00', '211.224.75.195'),
	(362, 12, 88, 1, '힝… 승현이 보고싶다. 승현이 사랑해!', 'https://abbboo-nearby.s3.ap-northeast-2.amazonaws.com/tts/f9a2b0f6-a095-45bf-862d-e6d41b81fda2-tts.mp3', 1, '2024-05-19 20:53:05', 'system', '2024-05-19 20:55:03', '211.224.75.195'),
	(363, 1, 10, 1, '힝… 신영한 보고싶다. 신영한 사랑해!', 'https://abbboo-nearby.s3.ap-northeast-2.amazonaws.com/tts/f0123e54-6c2c-4243-aa82-347bacb0ec25-tts.mp3', 1, '2024-05-19 20:56:29', 'system', '2024-05-19 21:00:32', '223.62.148.153'),
	(364, 1, 10, 1, '매 끼니 잘 챙겨먹고 있지? 신영한의 건강이 제일 중요해! 아무리 바빠도 건강 챙기자~', 'https://abbboo-nearby.s3.ap-northeast-2.amazonaws.com/tts/19a7411d-75dc-4637-aaaf-e6b7b51f4ae5-tts.mp3', 1, '2024-05-19 21:00:51', 'system', '2024-05-19 21:56:21', '223.62.148.153'),
	(365, 1, 12, 1, '히원이얌!  지윤이다는 항상 히원이얌 생각뿐인거 알지? 오늘도 좋은 하루 보내 ~ (●\'◡\'●)', 'https://abbboo-nearby.s3.ap-northeast-2.amazonaws.com/tts/a90de4b7-da2f-42b0-a645-a081fa4b44c4-tts.mp3', 1, '2024-05-19 21:08:47', 'system', '2024-05-19 21:08:54', '211.224.75.195'),
	(366, 1, 12, 1, '힝… 히원이얌 보고싶다. 히원이얌 사랑해!', 'https://abbboo-nearby.s3.ap-northeast-2.amazonaws.com/tts/79ec596f-44e8-4878-a3a9-d323218638f3-tts.mp3', 1, '2024-05-19 21:09:19', 'system', '2024-05-19 21:11:59', '211.224.75.195'),
	(367, 1, 12, 1, '히원이얌은 마법 같아. (o゜▽゜)o☆ 히원이얌이 있어서 매일이 특별해! 사랑하는 마음을 담아 보내. 사랑해, 히원이얌!', 'https://abbboo-nearby.s3.ap-northeast-2.amazonaws.com/tts/093f40bc-b7ee-45f6-b423-6ba7f9dc4f21-tts.mp3', 1, '2024-05-19 21:09:29', 'system', '2024-05-19 21:11:59', '211.224.75.195'),
	(368, 1, 12, 1, '사랑하는 히원이얌, 우리가 함께한 모든 순간은 제 인생에서 가장 빛나는 보석과 같아. 오늘도 행복한 하루!♥', 'https://abbboo-nearby.s3.ap-northeast-2.amazonaws.com/tts/f8c38fec-c629-4e9b-ae0c-425ada1666df-tts.mp3', 1, '2024-05-19 21:10:03', 'system', '2024-05-19 21:11:59', '211.224.75.195'),
	(372, 1, 12, 1, '쯔앙난하나? 말라탕!!', 'https://abbboo-nearby.s3.ap-northeast-2.amazonaws.com/tts/e818cff7-21b7-42c1-835e-49eaa5b5306f-tts.mp3', 0, '2024-05-19 21:15:22', '118.235.11.92', '2024-05-19 21:17:15', '211.224.75.195'),
	(374, 1, 12, 1, '힝… 히원이얌 보고싶다. 히원이얌 사랑해!', 'https://abbboo-nearby.s3.ap-northeast-2.amazonaws.com/tts/45572c4e-5ed8-41f4-94ac-df19a66eb39e-tts.mp3', 1, '2024-05-19 21:19:23', 'system', '2024-05-19 21:21:51', '104.28.84.41'),
	(375, 12, 1, 1, '사랑하는 지윤이다, 우리가 함께한 모든 순간은 제 인생에서 가장 빛나는 보석과 같아. 오늘도 행복한 하루!♥', 'https://abbboo-nearby.s3.ap-northeast-2.amazonaws.com/tts/98843a50-eea4-44c6-aba0-90954faa620b-tts.mp3', 1, '2024-05-19 21:21:27', 'system', '2024-05-19 21:43:11', '118.235.11.92'),
	(425, 1, 81, 1, '안뇽', 'https://abbboo-nearby.s3.ap-northeast-2.amazonaws.com/tts/95c17579-06e3-4914-92af-b3414ce0430c-tts.mp3', 0, '2024-05-19 21:47:23', '118.235.11.92', '2024-05-19 21:49:29', '122.43.138.244'),
	(426, 1, 88, 1, '승현이은 마법 같아. (o゜▽゜)o☆ 승현이이 있어서 매일이 특별해! 사랑하는 마음을 담아 보내. 사랑해, 승현이!', 'https://abbboo-nearby.s3.ap-northeast-2.amazonaws.com/tts/be796249-f704-4a79-927f-56758469520d-tts.mp3', 1, '2024-05-19 21:53:02', 'system', '2024-05-19 22:11:03', '211.224.75.195'),
	(427, 1, 88, 1, '매 끼니 잘 챙겨먹고 있지? 승현이의 건강이 제일 중요해! 아무리 바빠도 건강 챙기자~', 'https://abbboo-nearby.s3.ap-northeast-2.amazonaws.com/tts/f63ac226-a18a-4a47-b984-1159c1d987b1-tts.mp3', 1, '2024-05-19 21:53:03', 'system', '2024-05-19 22:11:02', '211.224.75.195'),
	(428, 1, 88, 1, '승현이은 마법 같아. (o゜▽゜)o☆ 승현이이 있어서 매일이 특별해! 사랑하는 마음을 담아 보내. 사랑해, 승현이!', 'https://abbboo-nearby.s3.ap-northeast-2.amazonaws.com/tts/6dd4ffaf-013e-4c77-8247-e16be6bb9c10-tts.mp3', 1, '2024-05-19 21:53:03', 'system', '2024-05-19 22:11:02', '211.224.75.195'),
	(429, 1, 4, 1, '나의 가족 기몌옹♥에게! 항상 고맙고 사랑합니다. 오늘 하루도 언제나처럼 웃음 가득하시길 바라요.', 'https://abbboo-nearby.s3.ap-northeast-2.amazonaws.com/tts/26f40f90-b50c-4d1d-a7f7-c804b915e4e2-tts.mp3', 1, '2024-05-19 21:53:05', 'system', '2024-05-19 21:54:18', '118.45.109.139'),
	(430, 1, 88, 1, '매 끼니 잘 챙겨먹고 있지? 승현이의 건강이 제일 중요해! 아무리 바빠도 건강 챙기자~', 'https://abbboo-nearby.s3.ap-northeast-2.amazonaws.com/tts/202384e9-4cf4-4d2c-852c-0801fbb3992e-tts.mp3', 1, '2024-05-19 21:53:05', 'system', '2024-05-19 22:11:02', '211.224.75.195'),
	(431, 1, 88, 1, '승현이은 마법 같아. (o゜▽゜)o☆ 승현이이 있어서 매일이 특별해! 사랑하는 마음을 담아 보내. 사랑해, 승현이!', 'https://abbboo-nearby.s3.ap-northeast-2.amazonaws.com/tts/232ba696-1190-42c9-b34f-2390bf07180b-tts.mp3', 1, '2024-05-19 21:53:06', 'system', '2024-05-19 22:11:02', '211.224.75.195'),
	(432, 1, 12, 1, '사랑하는 히원이얌, 우리가 함께한 모든 순간은 내 인생에서 가장 빛나는 보석과 같아. 오늘도 행복한 하루!♥', 'https://abbboo-nearby.s3.ap-northeast-2.amazonaws.com/tts/b09865fe-d47f-4ba5-8a88-121aa5779c3f-tts.mp3', 1, '2024-05-19 21:53:08', 'system', '2024-05-19 21:53:40', '211.224.75.195'),
	(433, 1, 4, 1, '힝… 기몌옹 보고싶다. 기몌옹 사랑해!', 'https://abbboo-nearby.s3.ap-northeast-2.amazonaws.com/tts/1f66307f-7926-4397-8adf-4a79f60da650-tts.mp3', 1, '2024-05-19 21:53:08', 'system', '2024-05-19 21:54:18', '118.45.109.139'),
	(434, 1, 4, 1, '기몌옹!  지윤이다는 항상 기몌옹 생각뿐인거 알지? 오늘도 좋은 하루 보내 ~ (●\'◡\'●)', 'https://abbboo-nearby.s3.ap-northeast-2.amazonaws.com/tts/b181c7c5-128e-4d71-9b39-7a2772c3902e-tts.mp3', 1, '2024-05-19 21:53:10', 'system', '2024-05-19 21:54:18', '118.45.109.139'),
	(435, 1, 88, 1, '나의 가족 승현이♥에게! 항상 고맙고 사랑합니다. 오늘 하루도 언제나처럼 웃음 가득하시길 바라요.', 'https://abbboo-nearby.s3.ap-northeast-2.amazonaws.com/tts/4e1d22f0-7122-4a08-8956-ae3b86ba2537-tts.mp3', 1, '2024-05-19 21:53:10', 'system', '2024-05-19 22:11:02', '211.224.75.195'),
	(436, 1, 12, 1, '지윤이다의 원동력은 히원이얌! 고마워 ヽ(✿ﾟ▽ﾟ)ノ', 'https://abbboo-nearby.s3.ap-northeast-2.amazonaws.com/tts/957c778d-4b9f-4b57-a698-61e25995cf66-tts.mp3', 1, '2024-05-19 21:53:11', 'system', '2024-05-19 21:53:41', '211.224.75.195'),
	(437, 1, 12, 1, '힝… 히원이얌 보고싶다. 히원이얌 사랑해!', 'https://abbboo-nearby.s3.ap-northeast-2.amazonaws.com/tts/847bf824-bb39-451c-a8e5-2ac2a8bd054b-tts.mp3', 1, '2024-05-19 21:53:11', 'system', '2024-05-19 21:53:42', '211.224.75.195'),
	(438, 1, 88, 1, '사랑하는 승현이, 우리가 함께한 모든 순간은 내 인생에서 가장 빛나는 보석과 같아. 오늘도 행복한 하루!♥', 'https://abbboo-nearby.s3.ap-northeast-2.amazonaws.com/tts/da2baf9c-5e4f-46e3-b1cf-7638f5ad92d6-tts.mp3', 1, '2024-05-19 22:00:02', 'system', '2024-05-19 22:10:59', '211.224.75.195'),
	(439, 1, 88, 1, '사랑하는 승현이, 우리가 함께한 모든 순간은 내 인생에서 가장 빛나는 보석과 같아. 오늘도 행복한 하루!♥', 'https://abbboo-nearby.s3.ap-northeast-2.amazonaws.com/tts/0b398679-f8f0-4916-a3ac-e03546f507cf-tts.mp3', 1, '2024-05-19 22:00:03', 'system', '2024-05-19 22:10:59', '211.224.75.195'),
	(440, 1, 12, 1, '힝… 히원이얌 보고싶다. 히원이얌 사랑해!', 'https://abbboo-nearby.s3.ap-northeast-2.amazonaws.com/tts/8753db7e-51be-48d4-b0e6-6d30d9d49a4e-tts.mp3', 1, '2024-05-19 22:00:04', 'system', '2024-05-19 22:12:41', '172.226.95.32'),
	(441, 1, 12, 1, '지윤이다의 원동력은 히원이얌! 고마워 ヽ(✿ﾟ▽ﾟ)ノ', 'https://abbboo-nearby.s3.ap-northeast-2.amazonaws.com/tts/8d4b9851-be0d-4906-9fc4-49f48941a444-tts.mp3', 1, '2024-05-19 22:00:04', 'system', '2024-05-19 22:12:41', '172.226.95.32'),
	(442, 1, 4, 1, '지윤이다의 원동력은 기몌옹! 고마워 ヽ(✿ﾟ▽ﾟ)ノ', 'https://abbboo-nearby.s3.ap-northeast-2.amazonaws.com/tts/d8ea11b2-d68a-4d53-9c18-39045fac475c-tts.mp3', 1, '2024-05-19 22:00:06', 'system', '2024-05-19 22:03:10', '119.56.234.188'),
	(443, 1, 4, 1, '나의 가족 기몌옹♥에게! 항상 고맙고 사랑합니다. 오늘 하루도 언제나처럼 웃음 가득하시길 바라요.', 'https://abbboo-nearby.s3.ap-northeast-2.amazonaws.com/tts/078bc6f3-3fe8-48a9-a447-9fc512b2096c-tts.mp3', 1, '2024-05-19 22:00:06', 'system', '2024-05-19 22:03:10', '119.56.234.188'),
	(444, 1, 12, 1, '히원이얌!  지윤이다는 항상 히원이얌 생각뿐인거 알지? 오늘도 좋은 하루 보내 ~ (●\'◡\'●)', 'https://abbboo-nearby.s3.ap-northeast-2.amazonaws.com/tts/b5e2b8f4-2213-4d55-b021-38ed0b92ae6a-tts.mp3', 1, '2024-05-19 22:00:07', 'system', '2024-05-19 22:12:41', '172.226.95.32'),
	(445, 1, 4, 1, '사랑하는 기몌옹, 우리가 함께한 모든 순간은 내 인생에서 가장 빛나는 보석과 같아. 오늘도 행복한 하루!♥', 'https://abbboo-nearby.s3.ap-northeast-2.amazonaws.com/tts/4c4d529c-7644-49da-a6e6-c84b505b8e4d-tts.mp3', 1, '2024-05-19 22:00:08', 'system', '2024-05-19 22:03:10', '119.56.234.188'),
	(446, 1, 88, 1, '승현이은 마법 같아. (o゜▽゜)o☆ 승현이이 있어서 매일이 특별해! 사랑하는 마음을 담아 보내. 사랑해, 승현이!', 'https://abbboo-nearby.s3.ap-northeast-2.amazonaws.com/tts/3d8c84cc-999b-4ce9-89f2-3b164827a4a0-tts.mp3', 1, '2024-05-19 22:00:09', 'system', '2024-05-19 22:10:59', '211.224.75.195'),
	(447, 1, 88, 1, '힝… 승현이 보고싶다. 승현이 사랑해!', 'https://abbboo-nearby.s3.ap-northeast-2.amazonaws.com/tts/0e604fa2-8ce7-4cbe-92bc-231f61ec9b72-tts.mp3', 1, '2024-05-19 22:00:10', 'system', '2024-05-19 22:10:59', '211.224.75.195'),
	(448, 1, 12, 1, '힝… 히원이얌 보고싶다. 히원이얌 사랑해!', 'https://abbboo-nearby.s3.ap-northeast-2.amazonaws.com/tts/eb1579bc-b623-47af-aa1e-913091b72445-tts.mp3', 1, '2024-05-19 22:00:10', 'system', '2024-05-19 22:12:41', '172.226.95.32'),
	(449, 1, 88, 1, '승현이!  지윤이다는 항상 승현이 생각뿐인거 알지? 오늘도 좋은 하루 보내 ~ (●\'◡\'●)', 'https://abbboo-nearby.s3.ap-northeast-2.amazonaws.com/tts/97e9099f-a581-47f2-89f3-d1221ebc5f5a-tts.mp3', 1, '2024-05-19 22:00:12', 'system', '2024-05-19 22:10:59', '211.224.75.195'),
	(450, 12, 1, 1, '아앙', 'https://abbboo-nearby.s3.ap-northeast-2.amazonaws.com/tts/17017b35-0eca-4b2f-a13c-bf5d27d9b85e-tts.mp3', 0, '2024-05-19 22:12:15', '172.226.95.32', '2024-05-19 22:12:21', '118.235.11.92'),
	(451, 12, 1, 1, '아앙뇽', 'https://abbboo-nearby.s3.ap-northeast-2.amazonaws.com/tts/b9f5eeb3-cf11-415f-89ed-54072929d5df-tts.mp3', 0, '2024-05-19 22:13:36', '172.226.95.32', '2024-05-19 22:14:52', '118.235.11.92'),
	(452, 10, 88, 1, '우아아아아', 'https://abbboo-nearby.s3.ap-northeast-2.amazonaws.com/tts/ecf7a08b-d5fc-434e-8c5c-dd42ef7d58c0-tts.mp3', 0, '2024-05-19 22:33:54', '223.62.148.153', '2024-05-19 22:35:03', '211.224.75.195'),
	(453, 10, 88, 1, '에에에엥', 'https://abbboo-nearby.s3.ap-northeast-2.amazonaws.com/tts/4ce49d65-17d9-416b-9a8e-06fa7048413d-tts.mp3', 0, '2024-05-19 22:34:01', '223.62.148.153', '2024-05-19 22:35:03', '211.224.75.195'),
	(454, 10, 88, 1, '호걱', 'https://abbboo-nearby.s3.ap-northeast-2.amazonaws.com/tts/493268db-59ed-4681-bedd-786cf0621fcf-tts.mp3', 0, '2024-05-19 22:34:08', '223.62.148.153', '2024-05-19 22:35:03', '211.224.75.195'),
	(455, 88, 1, 1, '마지막까지 아자아잣 화이팅이닷!!! 끝나고 회식 가보자고~!!', 'https://abbboo-nearby.s3.ap-northeast-2.amazonaws.com/tts/0997950c-a042-4e09-8b3b-90ede7dfb34a-tts.mp3', 0, '2024-05-19 22:40:15', '118.235.83.12', '2024-05-19 22:43:39', '118.235.11.92'),
	(456, 88, 1, 1, '마지막까지 아자아잣 화이팅이닷!!! 끝나고 회식 가보자고~!!', 'https://abbboo-nearby.s3.ap-northeast-2.amazonaws.com/tts/947cbca1-2f88-491a-84fb-424e612368fa-tts.mp3', 0, '2024-05-19 22:43:19', '118.235.82.104', '2024-05-19 22:44:02', '118.235.11.92');

-- 테이블 abbboo.message_template 구조 내보내기
CREATE TABLE IF NOT EXISTS `message_template` (
  `message_template_id` int NOT NULL AUTO_INCREMENT COMMENT '템플릿 id',
  `content` varchar(100) COLLATE utf8mb4_unicode_ci NOT NULL COMMENT '템플릿 내용',
  `is_deleted` tinyint(1) DEFAULT '0' COMMENT '템플릿 삭제 여부',
  `created_at` datetime NOT NULL COMMENT '생성 시각',
  `created_ip` varchar(15) COLLATE utf8mb4_unicode_ci NOT NULL COMMENT '생성 ip',
  `updated_at` datetime NOT NULL COMMENT '수정 시각',
  `updated_ip` varchar(15) COLLATE utf8mb4_unicode_ci NOT NULL COMMENT '수정 ip',
  PRIMARY KEY (`message_template_id`)
) ENGINE=InnoDB AUTO_INCREMENT=8 DEFAULT CHARSET=utf8mb4 COLLATE=utf8mb4_unicode_ci;

-- 테이블 데이터 abbboo.message_template:~7 rows (대략적) 내보내기
INSERT INTO `message_template` (`message_template_id`, `content`, `is_deleted`, `created_at`, `created_ip`, `updated_at`, `updated_ip`) VALUES
	(1, '{receiver}!  {sender}는 항상 {receiver} 생각뿐인거 알지? 오늘도 좋은 하루 보내 ~ (●\'◡\'●)', 0, '2024-05-16 15:52:14', '127.0.0.1', '2024-05-16 15:52:14', '127.0.0.1'),
	(2, '{sender}의 원동력은 {receiver}! 고마워 ヽ(✿ﾟ▽ﾟ)ノ', 0, '2024-05-16 15:52:14', '127.0.0.1', '2024-05-16 15:52:14', '127.0.0.1'),
	(3, '매 끼니 잘 챙겨먹고 있지? {receiver}의 건강이 제일 중요해! 아무리 바빠도 건강 챙기자~', 0, '2024-05-19 17:24:24', '127.0.0.1', '2024-05-19 17:24:24', '127.0.0.1'),
	(4, '힝… {receiver} 보고싶다. {receiver} 사랑해!', 0, '2024-05-19 17:24:24', '127.0.0.1', '2024-05-19 17:24:24', '127.0.0.1'),
	(5, '사랑하는 {receiver}, 우리가 함께한 모든 순간은 내 인생에서 가장 빛나는 보석과 같아. 오늘도 행복한 하루!♥', 0, '2024-05-19 17:26:49', '127.0.0.1', '2024-05-19 17:26:49', '127.0.0.1'),
	(6, '{receiver}은 마법 같아. (o゜▽゜)o☆ {receiver}이 있어서 매일이 특별해! 사랑하는 마음을 담아 보내. 사랑해, {receiver}!', 0, '2024-05-19 17:26:49', '127.0.0.1', '2024-05-19 17:26:49', '127.0.0.1'),
	(7, '나의 가족 {receiver}♥에게! 항상 고맙고 사랑합니다. 오늘 하루도 언제나처럼 웃음 가득하시길 바라요.', 0, '2024-05-19 17:26:49', '127.0.0.1', '2024-05-19 17:26:49', '127.0.0.1');

-- 테이블 abbboo.mood 구조 내보내기
CREATE TABLE IF NOT EXISTS `mood` (
  `mood_id` int NOT NULL AUTO_INCREMENT COMMENT '감정 상태 id',
  `expression` varchar(20) DEFAULT NULL COMMENT '등록된 감정 상태 내용(e.g. PASSION, SAD)',
  `is_deleted` tinyint(1) DEFAULT '0' COMMENT '삭제된 상태 여부',
  `created_at` datetime NOT NULL COMMENT '생성 시각',
  `created_ip` varchar(15) NOT NULL COMMENT '생성 ip',
  `updated_at` datetime NOT NULL COMMENT '수정 시각',
  `updated_ip` varchar(15) NOT NULL COMMENT '수정 ip',
  PRIMARY KEY (`mood_id`)
) ENGINE=InnoDB AUTO_INCREMENT=9 DEFAULT CHARSET=utf8mb4 COLLATE=utf8mb4_0900_ai_ci;

-- 테이블 데이터 abbboo.mood:~8 rows (대략적) 내보내기
INSERT INTO `mood` (`mood_id`, `expression`, `is_deleted`, `created_at`, `created_ip`, `updated_at`, `updated_ip`) VALUES
	(1, 'NORMAL', 0, '2024-05-14 16:49:28', '127.0.0.1', '2024-05-14 16:49:28', '127.0.0.1'),
	(2, 'ANGRY', 0, '2024-05-14 16:49:29', '127.0.0.1', '2024-05-14 16:49:29', '127.0.0.1'),
	(3, 'CHEERUP', 0, '2024-05-14 16:49:29', '127.0.0.1', '2024-05-14 16:49:29', '127.0.0.1'),
	(4, 'TIRED', 0, '2024-05-14 16:49:29', '127.0.0.1', '2024-05-14 16:49:29', '127.0.0.1'),
	(5, 'WORRY', 0, '2024-05-14 16:49:29', '127.0.0.1', '2024-05-14 16:49:29', '127.0.0.1'),
	(6, 'SAD', 0, '2024-05-14 16:49:29', '127.0.0.1', '2024-05-14 16:49:29', '127.0.0.1'),
	(7, 'THINK', 0, '2024-05-14 16:49:29', '127.0.0.1', '2024-05-14 16:49:29', '127.0.0.1'),
	(8, 'PASSION', 0, '2024-05-14 16:49:29', '127.0.0.1', '2024-05-14 16:49:29', '127.0.0.1');

-- 테이블 abbboo.mood_history 구조 내보내기
CREATE TABLE IF NOT EXISTS `mood_history` (
  `mood_history_id` bigint NOT NULL AUTO_INCREMENT COMMENT '유저가 남긴 상태 id',
  `user_id` int NOT NULL COMMENT '상태를 등록한 유저 id',
  `mood_id` int NOT NULL COMMENT '감정 상태의 id',
  `created_at` datetime NOT NULL COMMENT '생성 시각',
  `created_ip` varchar(15) NOT NULL COMMENT '생성 ip',
  `updated_at` datetime NOT NULL COMMENT '수정 시각',
  `updated_ip` varchar(15) NOT NULL COMMENT '수정 ip',
  PRIMARY KEY (`mood_history_id`),
  KEY `user_id` (`user_id`),
  KEY `mood_id` (`mood_id`),
  CONSTRAINT `mood_history_ibfk_1` FOREIGN KEY (`user_id`) REFERENCES `user` (`user_id`),
  CONSTRAINT `mood_history_ibfk_2` FOREIGN KEY (`mood_id`) REFERENCES `mood` (`mood_id`)
) ENGINE=InnoDB AUTO_INCREMENT=200 DEFAULT CHARSET=utf8mb4 COLLATE=utf8mb4_0900_ai_ci;

-- 테이블 데이터 abbboo.mood_history:~180 rows (대략적) 내보내기
INSERT INTO `mood_history` (`mood_history_id`, `user_id`, `mood_id`, `created_at`, `created_ip`, `updated_at`, `updated_ip`) VALUES
	(1, 3, 7, '2024-05-14 16:52:07', '14.46.142.192', '2024-05-14 16:52:07', '14.46.142.192'),
	(2, 3, 3, '2024-05-14 16:52:47', '14.46.142.192', '2024-05-14 16:52:47', '14.46.142.192'),
	(3, 3, 2, '2024-05-14 16:52:50', '14.46.142.192', '2024-05-14 16:52:50', '14.46.142.192'),
	(4, 7, 3, '2024-05-14 16:54:54', '14.46.142.186', '2024-05-14 16:54:54', '14.46.142.186'),
	(5, 4, 2, '2024-05-14 16:56:04', '118.235.11.177', '2024-05-14 16:56:04', '118.235.11.177'),
	(6, 4, 3, '2024-05-14 16:56:07', '118.235.11.177', '2024-05-14 16:56:07', '118.235.11.177'),
	(7, 4, 8, '2024-05-14 16:56:12', '118.235.11.177', '2024-05-14 16:56:12', '118.235.11.177'),
	(8, 1, 6, '2024-05-14 16:56:47', '118.235.14.87', '2024-05-14 16:56:47', '118.235.14.87'),
	(9, 1, 4, '2024-05-14 16:56:49', '118.235.14.87', '2024-05-14 16:56:49', '118.235.14.87'),
	(10, 1, 5, '2024-05-14 16:56:52', '118.235.14.87', '2024-05-14 16:56:52', '118.235.14.87'),
	(11, 1, 7, '2024-05-14 16:56:58', '118.235.14.87', '2024-05-14 16:56:58', '118.235.14.87'),
	(12, 12, 4, '2024-05-14 17:03:08', '172.226.94.44', '2024-05-14 17:03:08', '172.226.94.44'),
	(13, 1, 5, '2024-05-14 17:12:38', '118.235.14.87', '2024-05-14 17:12:38', '118.235.14.87'),
	(14, 1, 6, '2024-05-14 17:12:46', '118.235.14.87', '2024-05-14 17:12:46', '118.235.14.87'),
	(15, 1, 7, '2024-05-14 17:12:48', '118.235.14.87', '2024-05-14 17:12:48', '118.235.14.87'),
	(16, 1, 8, '2024-05-14 17:12:50', '118.235.14.87', '2024-05-14 17:12:50', '118.235.14.87'),
	(17, 1, 4, '2024-05-14 17:12:52', '118.235.14.87', '2024-05-14 17:12:52', '118.235.14.87'),
	(18, 1, 1, '2024-05-14 17:12:54', '118.235.14.87', '2024-05-14 17:12:54', '118.235.14.87'),
	(19, 1, 5, '2024-05-14 17:12:55', '118.235.14.87', '2024-05-14 17:12:55', '118.235.14.87'),
	(20, 15, 7, '2024-05-14 18:26:18', '106.101.129.210', '2024-05-14 18:26:18', '106.101.129.210'),
	(21, 16, 2, '2024-05-14 18:46:02', '106.101.129.210', '2024-05-14 18:46:02', '106.101.129.210'),
	(22, 16, 4, '2024-05-14 18:46:03', '106.101.129.210', '2024-05-14 18:46:03', '106.101.129.210'),
	(23, 1, 5, '2024-05-14 18:55:42', '118.235.14.87', '2024-05-14 18:55:42', '118.235.14.87'),
	(24, 10, 3, '2024-05-14 21:31:05', '223.62.148.135', '2024-05-14 21:31:05', '223.62.148.135'),
	(25, 18, 8, '2024-05-14 22:24:00', '106.101.129.210', '2024-05-14 22:24:00', '106.101.129.210'),
	(26, 19, 3, '2024-05-15 15:31:20', '121.129.157.72', '2024-05-15 15:31:20', '121.129.157.72'),
	(27, 19, 2, '2024-05-15 15:31:22', '121.129.157.72', '2024-05-15 15:31:22', '121.129.157.72'),
	(28, 19, 7, '2024-05-15 15:31:24', '121.129.157.72', '2024-05-15 15:31:24', '121.129.157.72'),
	(29, 19, 8, '2024-05-15 15:31:26', '121.129.157.72', '2024-05-15 15:31:26', '121.129.157.72'),
	(30, 19, 6, '2024-05-15 15:31:27', '121.129.157.72', '2024-05-15 15:31:27', '121.129.157.72'),
	(31, 19, 3, '2024-05-15 15:31:29', '121.129.157.72', '2024-05-15 15:31:29', '121.129.157.72'),
	(32, 10, 3, '2024-05-15 17:42:33', '223.62.148.156', '2024-05-15 17:42:33', '223.62.148.156'),
	(33, 10, 3, '2024-05-15 17:42:35', '223.62.148.156', '2024-05-15 17:42:35', '223.62.148.156'),
	(34, 21, 2, '2024-05-16 11:58:26', '117.111.28.83', '2024-05-16 11:58:26', '117.111.28.83'),
	(35, 21, 7, '2024-05-16 11:58:35', '117.111.28.83', '2024-05-16 11:58:35', '117.111.28.83'),
	(36, 18, 3, '2024-05-16 12:07:03', '14.46.142.184', '2024-05-16 12:07:03', '14.46.142.184'),
	(37, 23, 4, '2024-05-16 14:01:01', '118.235.84.155', '2024-05-16 14:01:01', '118.235.84.155'),
	(38, 28, 3, '2024-05-16 14:18:21', '211.192.252.203', '2024-05-16 14:18:21', '211.192.252.203'),
	(39, 28, 7, '2024-05-16 14:18:26', '211.192.252.203', '2024-05-16 14:18:26', '211.192.252.203'),
	(40, 28, 3, '2024-05-16 14:18:27', '211.192.252.203', '2024-05-16 14:18:27', '211.192.252.203'),
	(41, 28, 3, '2024-05-16 14:18:39', '211.192.252.203', '2024-05-16 14:18:39', '211.192.252.203'),
	(42, 28, 1, '2024-05-16 14:18:41', '211.192.252.203', '2024-05-16 14:18:41', '211.192.252.203'),
	(43, 26, 2, '2024-05-16 14:18:45', '14.46.142.171', '2024-05-16 14:18:45', '14.46.142.171'),
	(44, 28, 3, '2024-05-16 14:18:48', '211.192.252.203', '2024-05-16 14:18:48', '211.192.252.203'),
	(45, 26, 4, '2024-05-16 14:18:49', '14.46.142.171', '2024-05-16 14:18:49', '14.46.142.171'),
	(46, 30, 3, '2024-05-16 14:21:34', '223.39.174.230', '2024-05-16 14:21:34', '223.39.174.230'),
	(47, 30, 4, '2024-05-16 14:26:52', '223.39.174.230', '2024-05-16 14:26:52', '223.39.174.230'),
	(48, 26, 3, '2024-05-16 14:33:21', '14.46.142.171', '2024-05-16 14:33:21', '14.46.142.171'),
	(49, 38, 2, '2024-05-16 14:39:43', '14.46.142.185', '2024-05-16 14:39:43', '14.46.142.185'),
	(50, 38, 8, '2024-05-16 14:39:45', '14.46.142.185', '2024-05-16 14:39:45', '14.46.142.185'),
	(51, 12, 2, '2024-05-16 14:41:58', '14.46.141.222', '2024-05-16 14:41:58', '14.46.141.222'),
	(52, 12, 7, '2024-05-16 14:44:27', '172.226.94.41', '2024-05-16 14:44:27', '172.226.94.41'),
	(53, 12, 2, '2024-05-16 14:44:45', '172.226.94.41', '2024-05-16 14:44:45', '172.226.94.41'),
	(54, 12, 3, '2024-05-16 14:44:46', '172.226.94.41', '2024-05-16 14:44:46', '172.226.94.41'),
	(55, 12, 1, '2024-05-16 14:44:52', '172.226.94.41', '2024-05-16 14:44:52', '172.226.94.41'),
	(56, 12, 4, '2024-05-16 14:44:56', '172.226.94.41', '2024-05-16 14:44:56', '172.226.94.41'),
	(57, 30, 2, '2024-05-16 14:46:37', '223.39.174.230', '2024-05-16 14:46:37', '223.39.174.230'),
	(58, 30, 5, '2024-05-16 14:46:40', '223.39.174.230', '2024-05-16 14:46:40', '223.39.174.230'),
	(59, 30, 6, '2024-05-16 14:46:43', '223.39.174.230', '2024-05-16 14:46:43', '223.39.174.230'),
	(60, 30, 7, '2024-05-16 14:46:43', '223.39.174.230', '2024-05-16 14:46:43', '223.39.174.230'),
	(61, 30, 8, '2024-05-16 14:46:44', '223.39.174.230', '2024-05-16 14:46:44', '223.39.174.230'),
	(62, 30, 7, '2024-05-16 14:46:46', '223.39.174.230', '2024-05-16 14:46:46', '223.39.174.230'),
	(63, 30, 1, '2024-05-16 14:46:49', '223.39.174.230', '2024-05-16 14:46:49', '223.39.174.230'),
	(64, 30, 2, '2024-05-16 14:47:07', '223.39.174.230', '2024-05-16 14:47:07', '223.39.174.230'),
	(65, 12, 1, '2024-05-16 14:47:08', '172.226.95.45', '2024-05-16 14:47:08', '172.226.95.45'),
	(66, 30, 1, '2024-05-16 14:47:09', '223.39.174.230', '2024-05-16 14:47:09', '223.39.174.230'),
	(67, 30, 2, '2024-05-16 14:47:11', '223.39.174.230', '2024-05-16 14:47:11', '223.39.174.230'),
	(68, 30, 3, '2024-05-16 14:47:12', '223.39.174.230', '2024-05-16 14:47:12', '223.39.174.230'),
	(69, 30, 4, '2024-05-16 14:47:13', '223.39.174.230', '2024-05-16 14:47:13', '223.39.174.230'),
	(70, 30, 5, '2024-05-16 14:47:14', '223.39.174.230', '2024-05-16 14:47:14', '223.39.174.230'),
	(71, 30, 6, '2024-05-16 14:47:16', '223.39.174.230', '2024-05-16 14:47:16', '223.39.174.230'),
	(72, 30, 7, '2024-05-16 14:47:17', '223.39.174.230', '2024-05-16 14:47:17', '223.39.174.230'),
	(73, 30, 8, '2024-05-16 14:47:19', '223.39.174.230', '2024-05-16 14:47:19', '223.39.174.230'),
	(74, 12, 4, '2024-05-16 14:47:32', '172.226.95.45', '2024-05-16 14:47:32', '172.226.95.45'),
	(75, 46, 7, '2024-05-16 15:08:23', '118.235.2.66', '2024-05-16 15:08:23', '118.235.2.66'),
	(76, 46, 4, '2024-05-16 15:08:29', '118.235.2.66', '2024-05-16 15:08:29', '118.235.2.66'),
	(77, 46, 7, '2024-05-16 15:08:31', '118.235.2.66', '2024-05-16 15:08:31', '118.235.2.66'),
	(78, 49, 7, '2024-05-16 15:27:07', '14.46.141.221', '2024-05-16 15:27:07', '14.46.141.221'),
	(79, 49, 4, '2024-05-16 15:27:10', '14.46.141.221', '2024-05-16 15:27:10', '14.46.141.221'),
	(80, 49, 3, '2024-05-16 15:27:13', '14.46.141.221', '2024-05-16 15:27:13', '14.46.141.221'),
	(81, 64, 7, '2024-05-16 17:01:52', '39.7.28.184', '2024-05-16 17:01:52', '39.7.28.184'),
	(82, 64, 3, '2024-05-16 17:02:17', '39.7.28.184', '2024-05-16 17:02:17', '39.7.28.184'),
	(83, 64, 7, '2024-05-16 17:02:23', '39.7.28.184', '2024-05-16 17:02:23', '39.7.28.184'),
	(84, 64, 8, '2024-05-16 17:12:35', '39.7.28.184', '2024-05-16 17:12:35', '39.7.28.184'),
	(85, 64, 7, '2024-05-16 17:12:42', '39.7.28.184', '2024-05-16 17:12:42', '39.7.28.184'),
	(86, 67, 7, '2024-05-16 17:18:59', '14.46.142.231', '2024-05-16 17:18:59', '14.46.142.231'),
	(87, 66, 7, '2024-05-16 17:20:22', '118.235.10.205', '2024-05-16 17:20:22', '118.235.10.205'),
	(88, 66, 6, '2024-05-16 18:02:10', '118.235.10.205', '2024-05-16 18:02:10', '118.235.10.205'),
	(89, 1, 8, '2024-05-16 18:57:50', '39.7.230.84', '2024-05-16 18:57:50', '39.7.230.84'),
	(90, 1, 3, '2024-05-16 18:57:53', '39.7.230.84', '2024-05-16 18:57:53', '39.7.230.84'),
	(91, 12, 8, '2024-05-16 19:26:12', '172.226.95.32', '2024-05-16 19:26:12', '172.226.95.32'),
	(92, 12, 1, '2024-05-16 19:26:18', '172.226.95.32', '2024-05-16 19:26:18', '172.226.95.32'),
	(93, 3, 4, '2024-05-16 21:34:19', '118.235.83.163', '2024-05-16 21:34:19', '118.235.83.163'),
	(94, 3, 2, '2024-05-16 21:34:33', '118.235.82.53', '2024-05-16 21:34:33', '118.235.82.53'),
	(95, 3, 8, '2024-05-16 21:35:11', '118.235.83.117', '2024-05-16 21:35:11', '118.235.83.117'),
	(96, 3, 2, '2024-05-16 21:35:16', '118.235.83.91', '2024-05-16 21:35:16', '118.235.83.91'),
	(97, 3, 7, '2024-05-16 21:35:33', '118.235.82.27', '2024-05-16 21:35:33', '118.235.82.27'),
	(98, 3, 2, '2024-05-16 21:41:50', '118.235.83.221', '2024-05-16 21:41:50', '118.235.83.221'),
	(99, 3, 4, '2024-05-16 21:41:58', '118.235.83.221', '2024-05-16 21:41:58', '118.235.83.221'),
	(100, 3, 6, '2024-05-16 21:46:00', '118.235.83.75', '2024-05-16 21:46:00', '118.235.83.75'),
	(101, 3, 7, '2024-05-16 21:46:02', '118.235.83.75', '2024-05-16 21:46:02', '118.235.83.75'),
	(102, 3, 2, '2024-05-16 21:46:04', '118.235.83.75', '2024-05-16 21:46:04', '118.235.83.75'),
	(103, 3, 3, '2024-05-16 21:46:06', '118.235.83.75', '2024-05-16 21:46:06', '118.235.83.75'),
	(104, 3, 4, '2024-05-16 21:46:08', '118.235.83.75', '2024-05-16 21:46:08', '118.235.83.75'),
	(105, 3, 1, '2024-05-16 21:46:10', '118.235.83.75', '2024-05-16 21:46:10', '118.235.83.75'),
	(106, 3, 2, '2024-05-16 21:46:13', '118.235.83.75', '2024-05-16 21:46:13', '118.235.83.75'),
	(107, 3, 7, '2024-05-16 21:46:18', '118.235.82.5', '2024-05-16 21:46:18', '118.235.82.5'),
	(108, 3, 2, '2024-05-16 21:53:08', '118.235.83.151', '2024-05-16 21:53:08', '118.235.83.151'),
	(109, 3, 8, '2024-05-16 21:53:32', '118.235.83.151', '2024-05-16 21:53:32', '118.235.83.151'),
	(110, 12, 4, '2024-05-16 23:47:17', '172.226.95.44', '2024-05-16 23:47:17', '172.226.95.44'),
	(111, 34, 2, '2024-05-17 09:45:13', '14.46.142.194', '2024-05-17 09:45:13', '14.46.142.194'),
	(112, 34, 8, '2024-05-17 09:45:15', '14.46.142.194', '2024-05-17 09:45:15', '14.46.142.194'),
	(113, 34, 5, '2024-05-17 09:46:01', '14.46.142.194', '2024-05-17 09:46:01', '14.46.142.194'),
	(114, 71, 2, '2024-05-17 09:46:09', '14.46.141.199', '2024-05-17 09:46:09', '14.46.141.199'),
	(115, 71, 4, '2024-05-17 09:46:11', '14.46.141.199', '2024-05-17 09:46:11', '14.46.141.199'),
	(116, 72, 3, '2024-05-17 09:46:13', '14.46.142.203', '2024-05-17 09:46:13', '14.46.142.203'),
	(117, 34, 6, '2024-05-17 09:46:15', '14.46.142.194', '2024-05-17 09:46:15', '14.46.142.194'),
	(118, 34, 3, '2024-05-17 09:46:28', '14.46.142.194', '2024-05-17 09:46:28', '14.46.142.194'),
	(119, 34, 7, '2024-05-17 09:46:36', '14.46.142.194', '2024-05-17 09:46:36', '14.46.142.194'),
	(120, 73, 1, '2024-05-17 09:55:44', '112.165.123.250', '2024-05-17 09:55:44', '112.165.123.250'),
	(121, 70, 2, '2024-05-17 15:38:21', '14.46.142.184', '2024-05-17 15:38:21', '14.46.142.184'),
	(122, 70, 3, '2024-05-17 15:38:23', '14.46.142.184', '2024-05-17 15:38:23', '14.46.142.184'),
	(123, 70, 4, '2024-05-17 15:38:25', '14.46.142.184', '2024-05-17 15:38:25', '14.46.142.184'),
	(124, 70, 5, '2024-05-17 15:38:28', '14.46.142.184', '2024-05-17 15:38:28', '14.46.142.184'),
	(125, 70, 7, '2024-05-17 15:38:34', '14.46.142.184', '2024-05-17 15:38:34', '14.46.142.184'),
	(126, 70, 8, '2024-05-17 15:38:38', '14.46.142.184', '2024-05-17 15:38:38', '14.46.142.184'),
	(127, 1, 1, '2024-05-17 15:40:33', '118.235.14.66', '2024-05-17 15:40:33', '118.235.14.66'),
	(128, 1, 7, '2024-05-17 15:40:35', '118.235.14.66', '2024-05-17 15:40:35', '118.235.14.66'),
	(129, 1, 8, '2024-05-17 15:40:37', '118.235.14.66', '2024-05-17 15:40:37', '118.235.14.66'),
	(130, 75, 8, '2024-05-17 15:41:40', '14.46.142.226', '2024-05-17 15:41:40', '14.46.142.226'),
	(131, 70, 2, '2024-05-17 15:42:11', '14.46.142.184', '2024-05-17 15:42:11', '14.46.142.184'),
	(132, 70, 4, '2024-05-17 15:42:14', '14.46.142.184', '2024-05-17 15:42:14', '14.46.142.184'),
	(133, 76, 2, '2024-05-17 15:44:02', '118.235.16.242', '2024-05-17 15:44:02', '118.235.16.242'),
	(134, 76, 7, '2024-05-17 15:44:09', '118.235.16.242', '2024-05-17 15:44:09', '118.235.16.242'),
	(135, 76, 8, '2024-05-17 15:44:10', '118.235.16.242', '2024-05-17 15:44:10', '118.235.16.242'),
	(136, 77, 4, '2024-05-17 16:01:27', '113.36.109.194', '2024-05-17 16:01:27', '113.36.109.194'),
	(137, 77, 5, '2024-05-17 16:01:34', '113.36.109.194', '2024-05-17 16:01:34', '113.36.109.194'),
	(138, 64, 4, '2024-05-17 16:53:30', '39.7.230.254', '2024-05-17 16:53:30', '39.7.230.254'),
	(139, 64, 2, '2024-05-17 16:53:48', '39.7.230.254', '2024-05-17 16:53:48', '39.7.230.254'),
	(140, 64, 4, '2024-05-17 16:53:57', '39.7.230.254', '2024-05-17 16:53:57', '39.7.230.254'),
	(141, 64, 2, '2024-05-17 17:01:49', '39.7.230.254', '2024-05-17 17:01:49', '39.7.230.254'),
	(142, 64, 3, '2024-05-17 17:02:04', '39.7.230.254', '2024-05-17 17:02:04', '39.7.230.254'),
	(143, 77, 3, '2024-05-17 18:11:30', '126.255.118.99', '2024-05-17 18:11:30', '126.255.118.99'),
	(144, 12, 3, '2024-05-17 18:18:34', '172.226.94.42', '2024-05-17 18:18:34', '172.226.94.42'),
	(145, 12, 2, '2024-05-17 18:18:35', '172.226.94.42', '2024-05-17 18:18:35', '172.226.94.42'),
	(146, 12, 4, '2024-05-17 18:18:37', '172.226.94.42', '2024-05-17 18:18:37', '172.226.94.42'),
	(147, 12, 5, '2024-05-17 18:18:39', '172.226.94.42', '2024-05-17 18:18:39', '172.226.94.42'),
	(148, 12, 6, '2024-05-17 18:18:40', '172.226.94.42', '2024-05-17 18:18:40', '172.226.94.42'),
	(149, 12, 7, '2024-05-17 18:18:41', '172.226.94.42', '2024-05-17 18:18:41', '172.226.94.42'),
	(150, 12, 6, '2024-05-17 18:18:43', '172.226.94.42', '2024-05-17 18:18:43', '172.226.94.42'),
	(151, 1, 7, '2024-05-17 20:45:38', '116.36.40.48', '2024-05-17 20:45:38', '116.36.40.48'),
	(152, 81, 7, '2024-05-17 23:32:09', '116.36.40.48', '2024-05-17 23:32:09', '116.36.40.48'),
	(153, 81, 3, '2024-05-17 23:32:10', '116.36.40.48', '2024-05-17 23:32:10', '116.36.40.48'),
	(154, 81, 8, '2024-05-17 23:32:14', '116.36.40.48', '2024-05-17 23:32:14', '116.36.40.48'),
	(155, 1, 7, '2024-05-18 15:14:46', '210.105.105.199', '2024-05-18 15:14:46', '210.105.105.199'),
	(156, 1, 7, '2024-05-18 15:30:41', '210.105.105.199', '2024-05-18 15:30:41', '210.105.105.199'),
	(157, 1, 7, '2024-05-18 15:30:43', '210.105.105.199', '2024-05-18 15:30:43', '210.105.105.199'),
	(158, 1, 1, '2024-05-18 15:30:46', '210.105.105.199', '2024-05-18 15:30:46', '210.105.105.199'),
	(159, 1, 7, '2024-05-18 15:30:50', '210.105.105.199', '2024-05-18 15:30:50', '210.105.105.199'),
	(160, 10, 6, '2024-05-18 17:54:41', '223.62.147.152', '2024-05-18 17:54:41', '223.62.147.152'),
	(161, 10, 7, '2024-05-18 17:54:44', '223.62.147.152', '2024-05-18 17:54:44', '223.62.147.152'),
	(162, 10, 5, '2024-05-18 17:54:48', '223.62.147.152', '2024-05-18 17:54:48', '223.62.147.152'),
	(163, 10, 3, '2024-05-18 17:54:49', '223.62.147.152', '2024-05-18 17:54:49', '223.62.147.152'),
	(164, 1, 4, '2024-05-18 21:18:58', '39.7.28.193', '2024-05-18 21:18:58', '39.7.28.193'),
	(165, 1, 5, '2024-05-18 21:19:00', '39.7.28.193', '2024-05-18 21:19:00', '39.7.28.193'),
	(166, 1, 1, '2024-05-18 21:19:04', '39.7.28.193', '2024-05-18 21:19:04', '39.7.28.193'),
	(167, 1, 5, '2024-05-18 21:52:31', '39.7.28.193', '2024-05-18 21:52:31', '39.7.28.193'),
	(168, 12, 4, '2024-05-18 23:27:17', '104.28.71.42', '2024-05-18 23:27:17', '104.28.71.42'),
	(169, 12, 3, '2024-05-18 23:27:20', '104.28.71.42', '2024-05-18 23:27:20', '104.28.71.42'),
	(170, 12, 5, '2024-05-18 23:27:22', '104.28.71.42', '2024-05-18 23:27:22', '104.28.71.42'),
	(171, 3, 3, '2024-05-19 00:12:31', '116.36.40.7', '2024-05-19 00:12:31', '116.36.40.7'),
	(172, 3, 7, '2024-05-19 00:12:33', '116.36.40.7', '2024-05-19 00:12:33', '116.36.40.7'),
	(173, 3, 3, '2024-05-19 00:12:37', '116.36.40.7', '2024-05-19 00:12:37', '116.36.40.7'),
	(174, 3, 7, '2024-05-19 00:12:39', '116.36.40.7', '2024-05-19 00:12:39', '116.36.40.7'),
	(175, 81, 6, '2024-05-19 01:07:49', '122.43.138.244', '2024-05-19 01:07:49', '122.43.138.244'),
	(176, 81, 5, '2024-05-19 10:26:42', '122.43.138.244', '2024-05-19 10:26:42', '122.43.138.244'),
	(177, 81, 6, '2024-05-19 10:26:48', '122.43.138.244', '2024-05-19 10:26:48', '122.43.138.244'),
	(178, 81, 7, '2024-05-19 10:26:50', '122.43.138.244', '2024-05-19 10:26:50', '122.43.138.244'),
	(179, 81, 8, '2024-05-19 10:26:52', '122.43.138.244', '2024-05-19 10:26:52', '122.43.138.244'),
	(180, 81, 4, '2024-05-19 10:26:54', '122.43.138.244', '2024-05-19 10:26:54', '122.43.138.244'),
	(181, 19, 5, '2024-05-19 17:56:06', '121.129.157.72', '2024-05-19 17:56:06', '121.129.157.72'),
	(182, 88, 7, '2024-05-19 20:50:59', '211.224.75.195', '2024-05-19 20:50:59', '211.224.75.195'),
	(183, 12, 8, '2024-05-19 21:35:14', '211.224.75.195', '2024-05-19 21:35:14', '211.224.75.195'),
	(184, 12, 7, '2024-05-19 21:35:18', '211.224.75.195', '2024-05-19 21:35:18', '211.224.75.195'),
	(185, 1, 7, '2024-05-19 21:44:53', '118.235.11.92', '2024-05-19 21:44:53', '118.235.11.92'),
	(186, 1, 7, '2024-05-19 22:04:13', '118.235.11.92', '2024-05-19 22:04:13', '118.235.11.92'),
	(187, 1, 7, '2024-05-19 22:04:18', '118.235.11.92', '2024-05-19 22:04:18', '118.235.11.92'),
	(188, 1, 4, '2024-05-19 22:36:09', '118.235.11.92', '2024-05-19 22:36:09', '118.235.11.92'),
	(189, 1, 7, '2024-05-19 22:39:47', '118.235.11.92', '2024-05-19 22:39:47', '118.235.11.92'),
	(190, 1, 4, '2024-05-19 22:44:28', '118.235.11.92', '2024-05-19 22:44:28', '118.235.11.92'),
	(191, 88, 8, '2024-05-19 22:44:39', '118.235.83.30', '2024-05-19 22:44:39', '118.235.83.30'),
	(192, 88, 5, '2024-05-19 22:44:48', '118.235.82.90', '2024-05-19 22:44:48', '118.235.82.90'),
	(193, 88, 2, '2024-05-19 22:44:51', '118.235.82.90', '2024-05-19 22:44:51', '118.235.82.90'),
	(194, 88, 4, '2024-05-19 22:44:53', '118.235.82.90', '2024-05-19 22:44:53', '118.235.82.90'),
	(195, 88, 5, '2024-05-19 22:44:54', '118.235.82.90', '2024-05-19 22:44:54', '118.235.82.90'),
	(196, 88, 6, '2024-05-19 22:44:57', '118.235.82.90', '2024-05-19 22:44:57', '118.235.82.90'),
	(197, 88, 5, '2024-05-19 22:45:00', '118.235.82.90', '2024-05-19 22:45:00', '118.235.82.90'),
	(198, 64, 1, '2024-05-19 22:49:40', '222.108.238.36', '2024-05-19 22:49:40', '222.108.238.36'),
	(199, 64, 8, '2024-05-19 22:49:42', '222.108.238.36', '2024-05-19 22:49:42', '222.108.238.36');

-- 테이블 abbboo.notification 구조 내보내기
CREATE TABLE IF NOT EXISTS `notification` (
  `notification_id` bigint NOT NULL AUTO_INCREMENT COMMENT '알림 id',
  `receiver_id` int NOT NULL COMMENT '수신자 유저 id',
  `title` varchar(20) NOT NULL COMMENT '알림 제목',
  `content` varchar(300) NOT NULL COMMENT '알림 내용',
  `is_read` tinyint(1) DEFAULT '0' COMMENT '알림을 읽었는지 여부',
  `created_at` datetime NOT NULL COMMENT '생성 시각',
  `created_ip` varchar(15) NOT NULL COMMENT '생성 ip',
  `updated_at` datetime NOT NULL COMMENT '수정 시각',
  `updated_ip` varchar(15) NOT NULL COMMENT '수정 ip',
  `sender_id` int NOT NULL COMMENT '발신자 유저 id',
  PRIMARY KEY (`notification_id`),
  KEY `user_id` (`receiver_id`),
  KEY `sender_id` (`sender_id`),
  CONSTRAINT `notification_ibfk_1` FOREIGN KEY (`receiver_id`) REFERENCES `user` (`user_id`),
  CONSTRAINT `notification_ibfk_2` FOREIGN KEY (`sender_id`) REFERENCES `user` (`user_id`)
) ENGINE=InnoDB AUTO_INCREMENT=957 DEFAULT CHARSET=utf8mb4 COLLATE=utf8mb4_0900_ai_ci;

-- 테이블 데이터 abbboo.notification:~588 rows (대략적) 내보내기
INSERT INTO `notification` (`notification_id`, `receiver_id`, `title`, `content`, `is_read`, `created_at`, `created_ip`, `updated_at`, `updated_ip`, `sender_id`) VALUES
	(4, 56, '지윤이다펭귄', '"꾸욱" 당신의 소식을 궁금해하는 펭귄이 있어요!', 0, '2024-05-17 13:41:23', '118.235.14.66', '2024-05-17 13:41:23', '118.235.14.66', 1),
	(5, 56, '지윤이다펭귄', '"꾸욱" 당신의 소식을 궁금해하는 펭귄이 있어요!', 0, '2024-05-17 13:41:30', '118.235.14.66', '2024-05-17 13:41:30', '118.235.14.66', 1),
	(6, 56, '지윤이다펭귄', '"꾸욱" 당신의 소식을 궁금해하는 펭귄이 있어요!', 0, '2024-05-17 13:41:37', '118.235.14.66', '2024-05-17 13:41:37', '118.235.14.66', 1),
	(7, 56, '지윤이다펭귄', '"꾸욱" 당신의 소식을 궁금해하는 펭귄이 있어요!', 0, '2024-05-17 13:41:44', '118.235.14.66', '2024-05-17 13:41:44', '118.235.14.66', 1),
	(8, 56, '지윤이다펭귄', '"꾸욱" 당신의 소식을 궁금해하는 펭귄이 있어요!', 0, '2024-05-17 13:41:51', '118.235.14.66', '2024-05-17 13:41:51', '118.235.14.66', 1),
	(9, 56, '지윤이다펭귄', '"꾸욱" 당신의 소식을 궁금해하는 펭귄이 있어요!', 0, '2024-05-17 13:41:55', '118.235.14.66', '2024-05-17 13:41:55', '118.235.14.66', 1),
	(10, 56, '지윤이다펭귄', '"꾸욱" 당신의 소식을 궁금해하는 펭귄이 있어요!', 0, '2024-05-17 13:42:30', '118.235.14.66', '2024-05-17 13:42:30', '118.235.14.66', 1),
	(11, 56, '지윤이다펭귄', '"꾸욱" 당신의 소식을 궁금해하는 펭귄이 있어요!', 0, '2024-05-17 13:43:05', '118.235.14.66', '2024-05-17 13:43:05', '118.235.14.66', 1),
	(12, 56, '지윤이다펭귄', '"꾸욱" 당신의 소식을 궁금해하는 펭귄이 있어요!', 0, '2024-05-17 13:43:16', '118.235.14.66', '2024-05-17 13:43:16', '118.235.14.66', 1),
	(13, 56, '지윤이다펭귄', '"꾸욱" 당신의 소식을 궁금해하는 펭귄이 있어요!', 0, '2024-05-17 13:43:28', '118.235.14.66', '2024-05-17 13:43:28', '118.235.14.66', 1),
	(14, 1, '하이루펭귄', '"꾸욱" 당신의 소식을 궁금해하는 펭귄이 있어요!', 1, '2024-05-17 13:43:49', '223.39.174.229', '2024-05-19 22:02:19', '118.235.11.92', 56),
	(17, 3, '영펭귄', '"꾸욱" 당신의 소식을 궁금해하는 펭귄이 있어요!', 0, '2024-05-17 15:17:23', '14.46.142.182', '2024-05-17 15:17:23', '14.46.142.182', 10),
	(18, 3, '영펭귄', '"꾸욱" 당신의 소식을 궁금해하는 펭귄이 있어요!', 0, '2024-05-17 15:17:33', '14.46.142.182', '2024-05-17 15:17:33', '14.46.142.182', 10),
	(19, 3, '영펭귄', '"꾸욱" 당신의 소식을 궁금해하는 펭귄이 있어요!', 0, '2024-05-17 15:17:38', '14.46.142.182', '2024-05-17 15:17:38', '14.46.142.182', 10),
	(20, 3, '영펭귄', '"꾸욱" 당신의 소식을 궁금해하는 펭귄이 있어요!', 0, '2024-05-17 15:17:45', '14.46.142.182', '2024-05-17 15:17:45', '14.46.142.182', 10),
	(21, 4, '영펭귄', '"꾸욱" 당신의 소식을 궁금해하는 펭귄이 있어요!', 0, '2024-05-17 15:17:55', '14.46.142.182', '2024-05-17 15:17:55', '14.46.142.182', 10),
	(22, 1, '영펭귄', '"꾸욱" 당신의 소식을 궁금해하는 펭귄이 있어요!', 1, '2024-05-17 15:18:02', '14.46.142.182', '2024-05-19 22:02:19', '118.235.11.92', 10),
	(23, 10, '승현이펭귄', '"꾸욱" 당신의 소식을 궁금해하는 펭귄이 있어요!', 1, '2024-05-17 15:19:05', '14.46.142.192', '2024-05-19 04:04:47', '127.0.0.1', 3),
	(24, 56, '히옹펭귄', '"꾸욱" 당신의 소식을 궁금해하는 펭귄이 있어요!', 0, '2024-05-17 15:30:21', '172.226.95.43', '2024-05-17 15:30:21', '172.226.95.43', 12),
	(25, 56, '히옹펭귄', '"꾸욱" 당신의 소식을 궁금해하는 펭귄이 있어요!', 0, '2024-05-17 15:30:39', '172.226.95.43', '2024-05-17 15:30:39', '172.226.95.43', 12),
	(26, 56, '히옹펭귄', '"꾸욱" 당신의 소식을 궁금해하는 펭귄이 있어요!', 0, '2024-05-17 15:30:40', '172.226.95.43', '2024-05-17 15:30:40', '172.226.95.43', 12),
	(27, 56, '히옹펭귄', '"꾸욱" 당신의 소식을 궁금해하는 펭귄이 있어요!', 0, '2024-05-17 15:30:41', '172.226.95.43', '2024-05-17 15:30:41', '172.226.95.43', 12),
	(28, 56, '히옹펭귄', '"꾸욱" 당신의 소식을 궁금해하는 펭귄이 있어요!', 0, '2024-05-17 15:30:41', '172.226.95.43', '2024-05-17 15:30:41', '172.226.95.43', 12),
	(29, 3, '영펭귄', '"꾸욱" 당신의 소식을 궁금해하는 펭귄이 있어요!', 0, '2024-05-17 15:38:11', '223.62.148.230', '2024-05-17 15:38:11', '223.62.148.230', 10),
	(30, 3, '영펭귄', '"꾸욱" 당신의 소식을 궁금해하는 펭귄이 있어요!', 0, '2024-05-17 15:38:16', '223.62.148.4', '2024-05-17 15:38:16', '223.62.148.4', 10),
	(33, 3, '지윤이다펭귄', '"꾸욱" 당신의 소식을 궁금해하는 펭귄이 있어요!', 0, '2024-05-17 15:38:49', '118.235.14.66', '2024-05-17 15:38:49', '118.235.14.66', 1),
	(34, 12, '지윤이다펭귄', '"꾸욱" 당신의 소식을 궁금해하는 펭귄이 있어요!', 1, '2024-05-17 15:38:53', '118.235.14.66', '2024-05-19 21:55:24', '211.224.75.195', 1),
	(35, 12, '지윤이다펭귄', '"꾸욱" 당신의 소식을 궁금해하는 펭귄이 있어요!', 1, '2024-05-17 15:38:56', '118.235.14.66', '2024-05-19 21:55:24', '211.224.75.195', 1),
	(36, 56, '지윤이다펭귄', '"꾸욱" 당신의 소식을 궁금해하는 펭귄이 있어요!', 0, '2024-05-17 15:39:01', '118.235.14.66', '2024-05-17 15:39:01', '118.235.14.66', 1),
	(37, 4, '지윤이다펭귄', '"꾸욱" 당신의 소식을 궁금해하는 펭귄이 있어요!', 0, '2024-05-17 15:39:04', '118.235.14.66', '2024-05-17 15:39:04', '118.235.14.66', 1),
	(38, 56, '지윤이다펭귄', '"꾸욱" 당신의 소식을 궁금해하는 펭귄이 있어요!', 0, '2024-05-17 15:39:56', '118.235.14.66', '2024-05-17 15:39:56', '118.235.14.66', 1),
	(39, 1, '하이루펭귄', '"꾸욱" 당신의 소식을 궁금해하는 펭귄이 있어요!', 1, '2024-05-17 15:40:34', '223.39.174.229', '2024-05-19 22:02:19', '118.235.11.92', 56),
	(40, 1, '하이루펭귄', '"꾸욱" 당신의 소식을 궁금해하는 펭귄이 있어요!', 1, '2024-05-17 15:40:35', '223.39.174.229', '2024-05-19 22:02:19', '118.235.11.92', 56),
	(41, 1, '하이루펭귄', '"꾸욱" 당신의 소식을 궁금해하는 펭귄이 있어요!', 1, '2024-05-17 15:40:36', '223.39.174.229', '2024-05-19 22:02:18', '118.235.11.92', 56),
	(42, 1, '하이루펭귄', '"꾸욱" 당신의 소식을 궁금해하는 펭귄이 있어요!', 1, '2024-05-17 15:40:37', '223.39.174.229', '2024-05-19 22:02:18', '118.235.11.92', 56),
	(43, 1, '하이루펭귄', '"꾸욱" 당신의 소식을 궁금해하는 펭귄이 있어요!', 1, '2024-05-17 15:40:37', '223.39.174.229', '2024-05-19 22:02:18', '118.235.11.92', 56),
	(44, 1, '하이루펭귄', '"꾸욱" 당신의 소식을 궁금해하는 펭귄이 있어요!', 1, '2024-05-17 15:40:38', '223.39.174.229', '2024-05-19 22:02:18', '118.235.11.92', 56),
	(45, 1, '하이루펭귄', '"꾸욱" 당신의 소식을 궁금해하는 펭귄이 있어요!', 1, '2024-05-17 15:40:39', '223.39.174.229', '2024-05-19 22:02:18', '118.235.11.92', 56),
	(46, 1, '하이루펭귄', '"꾸욱" 당신의 소식을 궁금해하는 펭귄이 있어요!', 1, '2024-05-17 15:40:39', '223.39.174.229', '2024-05-19 22:02:18', '118.235.11.92', 56),
	(47, 1, '하이루펭귄', '"꾸욱" 당신의 소식을 궁금해하는 펭귄이 있어요!', 1, '2024-05-17 15:40:40', '223.39.174.229', '2024-05-19 22:02:18', '118.235.11.92', 56),
	(48, 1, '하이루펭귄', '"꾸욱" 당신의 소식을 궁금해하는 펭귄이 있어요!', 1, '2024-05-17 15:40:40', '223.39.174.229', '2024-05-19 22:02:18', '118.235.11.92', 56),
	(49, 1, '하이루펭귄', '"꾸욱" 당신의 소식을 궁금해하는 펭귄이 있어요!', 1, '2024-05-17 15:40:40', '223.39.174.229', '2024-05-19 22:02:18', '118.235.11.92', 56),
	(50, 1, '하이루펭귄', '"꾸욱" 당신의 소식을 궁금해하는 펭귄이 있어요!', 1, '2024-05-17 15:40:41', '223.39.174.229', '2024-05-19 22:02:17', '118.235.11.92', 56),
	(51, 1, '하이루펭귄', '"꾸욱" 당신의 소식을 궁금해하는 펭귄이 있어요!', 1, '2024-05-17 15:40:41', '223.39.174.229', '2024-05-19 22:02:17', '118.235.11.92', 56),
	(52, 1, '하이루펭귄', '"꾸욱" 당신의 소식을 궁금해하는 펭귄이 있어요!', 1, '2024-05-17 15:40:41', '223.39.174.229', '2024-05-19 22:02:18', '118.235.11.92', 56),
	(53, 1, '하이루펭귄', '"꾸욱" 당신의 소식을 궁금해하는 펭귄이 있어요!', 1, '2024-05-17 15:40:42', '223.39.174.229', '2024-05-19 22:02:17', '118.235.11.92', 56),
	(54, 1, '하이루펭귄', '"꾸욱" 당신의 소식을 궁금해하는 펭귄이 있어요!', 1, '2024-05-17 15:40:42', '223.39.174.229', '2024-05-19 22:02:17', '118.235.11.92', 56),
	(55, 1, '하이루펭귄', '"꾸욱" 당신의 소식을 궁금해하는 펭귄이 있어요!', 1, '2024-05-17 15:40:43', '223.39.174.229', '2024-05-19 22:02:16', '118.235.11.92', 56),
	(56, 1, '하이루펭귄', '"꾸욱" 당신의 소식을 궁금해하는 펭귄이 있어요!', 1, '2024-05-17 15:40:43', '223.39.174.229', '2024-05-19 22:02:17', '118.235.11.92', 56),
	(57, 1, '하이루펭귄', '"꾸욱" 당신의 소식을 궁금해하는 펭귄이 있어요!', 1, '2024-05-17 15:40:44', '223.39.174.229', '2024-05-19 22:02:16', '118.235.11.92', 56),
	(58, 1, '하이루펭귄', '"꾸욱" 당신의 소식을 궁금해하는 펭귄이 있어요!', 1, '2024-05-17 15:40:44', '223.39.174.229', '2024-05-19 22:02:16', '118.235.11.92', 56),
	(59, 1, '하이루펭귄', '"꾸욱" 당신의 소식을 궁금해하는 펭귄이 있어요!', 1, '2024-05-17 15:40:44', '223.39.174.229', '2024-05-19 22:02:16', '118.235.11.92', 56),
	(60, 1, '하이루펭귄', '"꾸욱" 당신의 소식을 궁금해하는 펭귄이 있어요!', 1, '2024-05-17 15:40:45', '223.39.174.229', '2024-05-19 22:02:15', '118.235.11.92', 56),
	(61, 1, '하이루펭귄', '"꾸욱" 당신의 소식을 궁금해하는 펭귄이 있어요!', 1, '2024-05-17 15:40:45', '223.39.174.229', '2024-05-19 22:02:15', '118.235.11.92', 56),
	(62, 1, '하이루펭귄', '"꾸욱" 당신의 소식을 궁금해하는 펭귄이 있어요!', 1, '2024-05-17 15:40:45', '223.39.174.229', '2024-05-19 22:02:15', '118.235.11.92', 56),
	(63, 1, '하이루펭귄', '"꾸욱" 당신의 소식을 궁금해하는 펭귄이 있어요!', 1, '2024-05-17 15:40:45', '223.39.174.229', '2024-05-19 22:02:16', '118.235.11.92', 56),
	(64, 1, '하이루펭귄', '"꾸욱" 당신의 소식을 궁금해하는 펭귄이 있어요!', 1, '2024-05-17 15:41:04', '223.39.174.229', '2024-05-19 22:02:15', '118.235.11.92', 56),
	(65, 3, '하이루펭귄', '"꾸욱" 당신의 소식을 궁금해하는 펭귄이 있어요!', 0, '2024-05-17 15:41:13', '223.39.174.229', '2024-05-17 15:41:13', '223.39.174.229', 56),
	(66, 3, '하이루펭귄', '"꾸욱" 당신의 소식을 궁금해하는 펭귄이 있어요!', 0, '2024-05-17 15:41:14', '223.39.174.229', '2024-05-17 15:41:14', '223.39.174.229', 56),
	(67, 12, '하이루펭귄', '"꾸욱" 당신의 소식을 궁금해하는 펭귄이 있어요!', 1, '2024-05-17 15:41:33', '223.39.174.229', '2024-05-19 21:55:24', '211.224.75.195', 56),
	(68, 12, '하이루펭귄', '"꾸욱" 당신의 소식을 궁금해하는 펭귄이 있어요!', 1, '2024-05-17 15:41:34', '223.39.174.229', '2024-05-19 21:55:24', '211.224.75.195', 56),
	(69, 12, '하이루펭귄', '"꾸욱" 당신의 소식을 궁금해하는 펭귄이 있어요!', 1, '2024-05-17 15:41:35', '223.39.174.229', '2024-05-19 21:55:24', '211.224.75.195', 56),
	(76, 3, '하이루펭귄', '"꾸욱" 당신의 소식을 궁금해하는 펭귄이 있어요!', 0, '2024-05-17 15:41:48', '223.39.174.229', '2024-05-17 15:41:48', '223.39.174.229', 56),
	(79, 12, '하이루펭귄', '"꾸욱" 당신의 소식을 궁금해하는 펭귄이 있어요!', 1, '2024-05-17 15:42:01', '223.39.174.229', '2024-05-19 21:55:24', '211.224.75.195', 56),
	(83, 3, '지윤이다펭귄', '"꾸욱" 당신의 소식을 궁금해하는 펭귄이 있어요!', 0, '2024-05-17 15:42:19', '118.235.14.66', '2024-05-17 15:42:19', '118.235.14.66', 1),
	(88, 56, '영펭귄', '"꾸욱" 당신의 소식을 궁금해하는 펭귄이 있어요!', 0, '2024-05-17 15:43:16', '223.62.148.28', '2024-05-17 15:43:16', '223.62.148.28', 10),
	(89, 4, '영펭귄', '"꾸욱" 당신의 소식을 궁금해하는 펭귄이 있어요!', 0, '2024-05-17 15:43:49', '223.62.148.28', '2024-05-17 15:43:49', '223.62.148.28', 10),
	(90, 4, '영펭귄', '"꾸욱" 당신의 소식을 궁금해하는 펭귄이 있어요!', 0, '2024-05-17 15:43:50', '223.62.148.28', '2024-05-17 15:43:50', '223.62.148.28', 10),
	(91, 4, '영펭귄', '"꾸욱" 당신의 소식을 궁금해하는 펭귄이 있어요!', 0, '2024-05-17 15:43:51', '223.62.148.28', '2024-05-17 15:43:51', '223.62.148.28', 10),
	(92, 4, '영펭귄', '"꾸욱" 당신의 소식을 궁금해하는 펭귄이 있어요!', 0, '2024-05-17 15:43:53', '223.62.148.28', '2024-05-17 15:43:53', '223.62.148.28', 10),
	(93, 4, '영펭귄', '"꾸욱" 당신의 소식을 궁금해하는 펭귄이 있어요!', 0, '2024-05-17 15:43:54', '223.62.148.28', '2024-05-17 15:43:54', '223.62.148.28', 10),
	(94, 4, '영펭귄', '"꾸욱" 당신의 소식을 궁금해하는 펭귄이 있어요!', 0, '2024-05-17 15:43:55', '223.62.148.28', '2024-05-17 15:43:55', '223.62.148.28', 10),
	(95, 4, '영펭귄', '"꾸욱" 당신의 소식을 궁금해하는 펭귄이 있어요!', 0, '2024-05-17 15:43:56', '223.62.148.28', '2024-05-17 15:43:56', '223.62.148.28', 10),
	(96, 10, '승현이펭귄', '"꾸욱" 당신의 소식을 궁금해하는 펭귄이 있어요!', 1, '2024-05-17 15:50:36', '14.46.142.192', '2024-05-19 03:58:18', '127.0.0.1', 3),
	(97, 10, '승현이펭귄', '"꾸욱" 당신의 소식을 궁금해하는 펭귄이 있어요!', 1, '2024-05-17 15:50:44', '14.46.142.192', '2024-05-19 03:58:31', '127.0.0.1', 3),
	(98, 10, '승현이펭귄', '"꾸욱" 당신의 소식을 궁금해하는 펭귄이 있어요!', 1, '2024-05-17 15:54:13', '14.46.142.192', '2024-05-19 22:38:09', '223.62.148.236', 3),
	(99, 1, '영펭귄', '"꾸욱" 당신의 소식을 궁금해하는 펭귄이 있어요!', 1, '2024-05-17 15:58:16', '223.62.148.108', '2024-05-19 22:02:15', '118.235.11.92', 10),
	(100, 3, '영펭귄', '"꾸욱" 당신의 소식을 궁금해하는 펭귄이 있어요!', 0, '2024-05-17 15:58:19', '223.62.147.191', '2024-05-17 15:58:19', '223.62.147.191', 10),
	(101, 4, '영펭귄', '"꾸욱" 당신의 소식을 궁금해하는 펭귄이 있어요!', 0, '2024-05-17 15:58:22', '223.62.147.191', '2024-05-17 15:58:22', '223.62.147.191', 10),
	(102, 12, '영펭귄', '"꾸욱" 당신의 소식을 궁금해하는 펭귄이 있어요!', 1, '2024-05-17 15:58:37', '223.62.147.199', '2024-05-19 21:55:24', '211.224.75.195', 10),
	(103, 56, '영펭귄', '"꾸욱" 당신의 소식을 궁금해하는 펭귄이 있어요!', 0, '2024-05-17 15:58:41', '223.62.147.199', '2024-05-17 15:58:41', '223.62.147.199', 10),
	(112, 4, '하이루펭귄', '"꾸욱" 당신의 소식을 궁금해하는 펭귄이 있어요!', 0, '2024-05-17 16:02:32', '223.39.174.229', '2024-05-17 16:02:32', '223.39.174.229', 56),
	(113, 56, '히옹펭귄', '"꾸욱" 당신의 소식을 궁금해하는 펭귄이 있어요!', 0, '2024-05-17 16:02:46', '172.226.94.44', '2024-05-17 16:02:46', '172.226.94.44', 12),
	(114, 4, '하이루펭귄', '"꾸욱" 당신의 소식을 궁금해하는 펭귄이 있어요!', 0, '2024-05-17 16:02:50', '223.39.174.229', '2024-05-17 16:02:50', '223.39.174.229', 56),
	(118, 12, '영펭귄', '"꾸욱" 당신의 소식을 궁금해하는 펭귄이 있어요!', 1, '2024-05-17 16:03:38', '223.62.148.144', '2024-05-19 21:55:24', '211.224.75.195', 10),
	(119, 12, '하이루펭귄', '"꾸욱" 당신의 소식을 궁금해하는 펭귄이 있어요!', 1, '2024-05-17 16:04:12', '223.39.174.229', '2024-05-19 21:55:24', '211.224.75.195', 56),
	(120, 12, '영펭귄', '"꾸욱" 당신의 소식을 궁금해하는 펭귄이 있어요!', 1, '2024-05-17 16:04:14', '223.62.148.18', '2024-05-19 21:55:24', '211.224.75.195', 10),
	(121, 3, '영펭귄', '"꾸욱" 당신의 소식을 궁금해하는 펭귄이 있어요!', 0, '2024-05-17 16:05:50', '223.62.147.23', '2024-05-17 16:05:50', '223.62.147.23', 10),
	(122, 3, '영펭귄', '"꾸욱" 당신의 소식을 궁금해하는 펭귄이 있어요!', 0, '2024-05-17 16:05:54', '223.62.147.23', '2024-05-17 16:05:54', '223.62.147.23', 10),
	(123, 3, '영펭귄', '"꾸욱" 당신의 소식을 궁금해하는 펭귄이 있어요!', 0, '2024-05-17 16:05:55', '223.62.147.23', '2024-05-17 16:05:55', '223.62.147.23', 10),
	(124, 3, '영펭귄', '"꾸욱" 당신의 소식을 궁금해하는 펭귄이 있어요!', 0, '2024-05-17 16:06:36', '223.62.147.240', '2024-05-17 16:06:36', '223.62.147.240', 10),
	(125, 3, '영펭귄', '"꾸욱" 당신의 소식을 궁금해하는 펭귄이 있어요!', 0, '2024-05-17 16:07:21', '223.62.147.241', '2024-05-17 16:07:21', '223.62.147.241', 10),
	(126, 10, '기몌옹펭귄', '"꾸욱" 당신의 소식을 궁금해하는 펭귄이 있어요!', 1, '2024-05-17 16:10:01', '39.7.28.170', '2024-05-19 22:38:09', '223.62.148.236', 4),
	(127, 4, '영펭귄', '"꾸욱" 당신의 소식을 궁금해하는 펭귄이 있어요!', 0, '2024-05-17 16:11:47', '223.62.147.219', '2024-05-17 16:11:47', '223.62.147.219', 10),
	(128, 3, '영펭귄', '"꾸욱" 당신의 소식을 궁금해하는 펭귄이 있어요!', 0, '2024-05-17 16:12:57', '223.62.147.86', '2024-05-17 16:12:57', '223.62.147.86', 10),
	(129, 3, '영펭귄', '"꾸욱" 당신의 소식을 궁금해하는 펭귄이 있어요!', 0, '2024-05-17 16:13:03', '223.62.148.28', '2024-05-17 16:13:03', '223.62.148.28', 10),
	(130, 4, '승현이펭귄', '"꾸욱" 당신의 소식을 궁금해하는 펭귄이 있어요!', 0, '2024-05-17 17:03:23', '14.46.142.192', '2024-05-17 17:03:23', '14.46.142.192', 3),
	(131, 10, '승현이펭귄', '"꾸욱" 당신의 소식을 궁금해하는 펭귄이 있어요!', 1, '2024-05-17 17:03:28', '14.46.142.192', '2024-05-19 22:38:09', '223.62.148.236', 3),
	(132, 10, '승현이펭귄', '"꾸욱" 당신의 소식을 궁금해하는 펭귄이 있어요!', 1, '2024-05-17 17:03:32', '14.46.142.192', '2024-05-19 22:38:08', '223.62.148.236', 3),
	(133, 56, '승현이펭귄', '"꾸욱" 당신의 소식을 궁금해하는 펭귄이 있어요!', 0, '2024-05-17 17:03:36', '14.46.142.192', '2024-05-17 17:03:36', '14.46.142.192', 3),
	(134, 4, '승현이펭귄', '"꾸욱" 당신의 소식을 궁금해하는 펭귄이 있어요!', 0, '2024-05-17 17:03:38', '14.46.142.192', '2024-05-17 17:03:38', '14.46.142.192', 3),
	(135, 4, '승현이펭귄', '"꾸욱" 당신의 소식을 궁금해하는 펭귄이 있어요!', 0, '2024-05-17 17:05:02', '14.46.142.192', '2024-05-17 17:05:02', '14.46.142.192', 3),
	(136, 56, '승현이펭귄', '"꾸욱" 당신의 소식을 궁금해하는 펭귄이 있어요!', 0, '2024-05-17 17:05:05', '14.46.142.192', '2024-05-17 17:05:05', '14.46.142.192', 3),
	(137, 10, '승현이펭귄', '"꾸욱" 당신의 소식을 궁금해하는 펭귄이 있어요!', 1, '2024-05-17 17:05:08', '14.46.142.192', '2024-05-19 22:38:08', '223.62.148.236', 3),
	(138, 1, '승현이펭귄', '"꾸욱" 당신의 소식을 궁금해하는 펭귄이 있어요!', 1, '2024-05-17 17:05:10', '14.46.142.192', '2024-05-19 22:02:15', '118.235.11.92', 3),
	(139, 3, '하이루펭귄', '"꾸욱" 당신의 소식을 궁금해하는 펭귄이 있어요!', 0, '2024-05-17 17:07:54', '223.39.174.229', '2024-05-17 17:07:54', '223.39.174.229', 56),
	(140, 3, '하이루펭귄', '"꾸욱" 당신의 소식을 궁금해하는 펭귄이 있어요!', 0, '2024-05-17 17:07:55', '223.39.174.229', '2024-05-17 17:07:55', '223.39.174.229', 56),
	(141, 3, '하이루펭귄', '"꾸욱" 당신의 소식을 궁금해하는 펭귄이 있어요!', 0, '2024-05-17 17:07:55', '223.39.174.229', '2024-05-17 17:07:55', '223.39.174.229', 56),
	(142, 3, '하이루펭귄', '"꾸욱" 당신의 소식을 궁금해하는 펭귄이 있어요!', 0, '2024-05-17 17:07:55', '223.39.174.229', '2024-05-17 17:07:55', '223.39.174.229', 56),
	(143, 3, '하이루펭귄', '"꾸욱" 당신의 소식을 궁금해하는 펭귄이 있어요!', 0, '2024-05-17 17:07:55', '223.39.174.229', '2024-05-17 17:07:55', '223.39.174.229', 56),
	(144, 3, '하이루펭귄', '"꾸욱" 당신의 소식을 궁금해하는 펭귄이 있어요!', 0, '2024-05-17 17:07:56', '223.39.174.229', '2024-05-17 17:07:56', '223.39.174.229', 56),
	(145, 3, '하이루펭귄', '"꾸욱" 당신의 소식을 궁금해하는 펭귄이 있어요!', 0, '2024-05-17 17:07:56', '223.39.174.229', '2024-05-17 17:07:56', '223.39.174.229', 56),
	(146, 3, '하이루펭귄', '"꾸욱" 당신의 소식을 궁금해하는 펭귄이 있어요!', 0, '2024-05-17 17:07:56', '223.39.174.229', '2024-05-17 17:07:56', '223.39.174.229', 56),
	(147, 3, '하이루펭귄', '"꾸욱" 당신의 소식을 궁금해하는 펭귄이 있어요!', 0, '2024-05-17 17:07:56', '223.39.174.229', '2024-05-17 17:07:56', '223.39.174.229', 56),
	(148, 3, '하이루펭귄', '"꾸욱" 당신의 소식을 궁금해하는 펭귄이 있어요!', 0, '2024-05-17 17:07:57', '223.39.174.229', '2024-05-17 17:07:57', '223.39.174.229', 56),
	(149, 3, '하이루펭귄', '"꾸욱" 당신의 소식을 궁금해하는 펭귄이 있어요!', 0, '2024-05-17 17:07:59', '223.39.174.229', '2024-05-17 17:07:59', '223.39.174.229', 56),
	(150, 3, '하이루펭귄', '"꾸욱" 당신의 소식을 궁금해하는 펭귄이 있어요!', 0, '2024-05-17 17:07:59', '223.39.174.229', '2024-05-17 17:07:59', '223.39.174.229', 56),
	(151, 3, '하이루펭귄', '"꾸욱" 당신의 소식을 궁금해하는 펭귄이 있어요!', 0, '2024-05-17 17:07:59', '223.39.174.229', '2024-05-17 17:07:59', '223.39.174.229', 56),
	(152, 3, '하이루펭귄', '"꾸욱" 당신의 소식을 궁금해하는 펭귄이 있어요!', 0, '2024-05-17 17:08:00', '223.39.174.229', '2024-05-17 17:08:00', '223.39.174.229', 56),
	(153, 3, '하이루펭귄', '"꾸욱" 당신의 소식을 궁금해하는 펭귄이 있어요!', 0, '2024-05-17 17:08:00', '223.39.174.229', '2024-05-17 17:08:00', '223.39.174.229', 56),
	(154, 3, '하이루펭귄', '"꾸욱" 당신의 소식을 궁금해하는 펭귄이 있어요!', 0, '2024-05-17 17:08:00', '223.39.174.229', '2024-05-17 17:08:00', '223.39.174.229', 56),
	(155, 3, '하이루펭귄', '"꾸욱" 당신의 소식을 궁금해하는 펭귄이 있어요!', 0, '2024-05-17 17:08:00', '223.39.174.229', '2024-05-17 17:08:00', '223.39.174.229', 56),
	(156, 1, '😛혜영💛돌펭귄', '"꾸욱" 당신의 소식을 궁금해하는 펭귄이 있어요!', 1, '2024-05-17 17:23:44', '39.7.230.254', '2024-05-19 22:02:15', '118.235.11.92', 64),
	(157, 1, '😛혜영💛돌펭귄', '"꾸욱" 당신의 소식을 궁금해하는 펭귄이 있어요!', 1, '2024-05-17 17:23:49', '39.7.230.254', '2024-05-19 22:02:15', '118.235.11.92', 64),
	(161, 3, '하이루펭귄', '"꾸욱" 당신의 소식을 궁금해하는 펭귄이 있어요!', 0, '2024-05-17 17:24:54', '223.39.174.229', '2024-05-17 17:24:54', '223.39.174.229', 56),
	(162, 10, '하이루펭귄', '"꾸욱" 당신의 소식을 궁금해하는 펭귄이 있어요!', 1, '2024-05-17 17:24:56', '223.39.174.229', '2024-05-19 22:38:08', '223.62.148.236', 56),
	(163, 1, '😛혜영💛돌펭귄', '"꾸욱" 당신의 소식을 궁금해하는 펭귄이 있어요!', 1, '2024-05-17 17:24:59', '39.7.230.254', '2024-05-19 22:02:15', '118.235.11.92', 64),
	(164, 64, '지윤이다펭귄', '"꾸욱" 당신의 소식을 궁금해하는 펭귄이 있어요!', 0, '2024-05-17 17:25:05', '118.235.14.66', '2024-05-17 17:25:05', '118.235.14.66', 1),
	(165, 64, '지윤이다펭귄', '"꾸욱" 당신의 소식을 궁금해하는 펭귄이 있어요!', 0, '2024-05-17 17:25:14', '118.235.14.66', '2024-05-17 17:25:14', '118.235.14.66', 1),
	(166, 64, '지윤이다펭귄', '"꾸욱" 당신의 소식을 궁금해하는 펭귄이 있어요!', 0, '2024-05-17 17:25:30', '118.235.14.66', '2024-05-17 17:25:30', '118.235.14.66', 1),
	(167, 64, '지윤이다펭귄', '"꾸욱" 당신의 소식을 궁금해하는 펭귄이 있어요!', 0, '2024-05-17 17:25:37', '118.235.14.66', '2024-05-17 17:25:37', '118.235.14.66', 1),
	(168, 64, '지윤이다펭귄', '"꾸욱" 당신의 소식을 궁금해하는 펭귄이 있어요!', 0, '2024-05-17 17:25:43', '118.235.14.66', '2024-05-17 17:25:43', '118.235.14.66', 1),
	(169, 64, '지윤이다펭귄', '"꾸욱" 당신의 소식을 궁금해하는 펭귄이 있어요!', 0, '2024-05-17 17:25:49', '118.235.14.66', '2024-05-17 17:25:49', '118.235.14.66', 1),
	(170, 64, '지윤이다펭귄', '"꾸욱" 당신의 소식을 궁금해하는 펭귄이 있어요!', 0, '2024-05-17 17:25:50', '118.235.14.66', '2024-05-17 17:25:50', '118.235.14.66', 1),
	(171, 64, '지윤이다펭귄', '"꾸욱" 당신의 소식을 궁금해하는 펭귄이 있어요!', 0, '2024-05-17 17:25:55', '118.235.14.66', '2024-05-17 17:25:55', '118.235.14.66', 1),
	(172, 64, '지윤이다펭귄', '"꾸욱" 당신의 소식을 궁금해하는 펭귄이 있어요!', 0, '2024-05-17 17:25:56', '118.235.14.66', '2024-05-17 17:25:56', '118.235.14.66', 1),
	(173, 64, '지윤이다펭귄', '"꾸욱" 당신의 소식을 궁금해하는 펭귄이 있어요!', 0, '2024-05-17 17:25:57', '118.235.14.66', '2024-05-17 17:25:57', '118.235.14.66', 1),
	(174, 64, '지윤이다펭귄', '"꾸욱" 당신의 소식을 궁금해하는 펭귄이 있어요!', 0, '2024-05-17 17:25:58', '118.235.14.66', '2024-05-17 17:25:58', '118.235.14.66', 1),
	(175, 64, '지윤이다펭귄', '"꾸욱" 당신의 소식을 궁금해하는 펭귄이 있어요!', 0, '2024-05-17 17:25:59', '118.235.14.66', '2024-05-17 17:25:59', '118.235.14.66', 1),
	(176, 64, '지윤이다펭귄', '"꾸욱" 당신의 소식을 궁금해하는 펭귄이 있어요!', 0, '2024-05-17 17:25:59', '118.235.14.66', '2024-05-17 17:25:59', '118.235.14.66', 1),
	(177, 64, '지윤이다펭귄', '"꾸욱" 당신의 소식을 궁금해하는 펭귄이 있어요!', 0, '2024-05-17 17:26:00', '118.235.14.66', '2024-05-17 17:26:00', '118.235.14.66', 1),
	(178, 64, '지윤이다펭귄', '"꾸욱" 당신의 소식을 궁금해하는 펭귄이 있어요!', 0, '2024-05-17 17:26:01', '118.235.14.66', '2024-05-17 17:26:01', '118.235.14.66', 1),
	(179, 64, '지윤이다펭귄', '"꾸욱" 당신의 소식을 궁금해하는 펭귄이 있어요!', 0, '2024-05-17 17:26:02', '118.235.14.66', '2024-05-17 17:26:02', '118.235.14.66', 1),
	(180, 64, '지윤이다펭귄', '"꾸욱" 당신의 소식을 궁금해하는 펭귄이 있어요!', 1, '2024-05-17 17:26:02', '118.235.14.66', '2024-05-19 22:37:28', '222.108.238.36', 1),
	(181, 64, '지윤이다펭귄', '"꾸욱" 당신의 소식을 궁금해하는 펭귄이 있어요!', 1, '2024-05-17 17:26:03', '118.235.14.66', '2024-05-19 22:37:28', '222.108.238.36', 1),
	(182, 64, '지윤이다펭귄', '"꾸욱" 당신의 소식을 궁금해하는 펭귄이 있어요!', 1, '2024-05-17 17:26:03', '118.235.14.66', '2024-05-19 22:37:28', '222.108.238.36', 1),
	(183, 64, '지윤이다펭귄', '"꾸욱" 당신의 소식을 궁금해하는 펭귄이 있어요!', 1, '2024-05-17 17:26:04', '118.235.14.66', '2024-05-19 22:37:28', '222.108.238.36', 1),
	(184, 64, '지윤이다펭귄', '"꾸욱" 당신의 소식을 궁금해하는 펭귄이 있어요!', 1, '2024-05-17 17:26:05', '118.235.14.66', '2024-05-19 22:37:28', '222.108.238.36', 1),
	(185, 10, '히원이얌펭귄', '"꾸욱" 당신의 소식을 궁금해하는 펭귄이 있어요!', 1, '2024-05-17 17:27:49', '172.226.94.32', '2024-05-19 22:38:08', '223.62.148.236', 12),
	(186, 10, '히원이얌펭귄', '"꾸욱" 당신의 소식을 궁금해하는 펭귄이 있어요!', 1, '2024-05-17 17:27:50', '172.226.94.32', '2024-05-19 22:38:08', '223.62.148.236', 12),
	(187, 10, '히원이얌펭귄', '"꾸욱" 당신의 소식을 궁금해하는 펭귄이 있어요!', 1, '2024-05-17 17:27:51', '172.226.94.32', '2024-05-19 22:38:08', '223.62.148.236', 12),
	(188, 10, '히원이얌펭귄', '"꾸욱" 당신의 소식을 궁금해하는 펭귄이 있어요!', 1, '2024-05-17 17:27:51', '172.226.94.32', '2024-05-19 22:38:08', '223.62.148.236', 12),
	(189, 10, '히원이얌펭귄', '"꾸욱" 당신의 소식을 궁금해하는 펭귄이 있어요!', 1, '2024-05-17 17:27:52', '172.226.94.32', '2024-05-19 22:38:08', '223.62.148.236', 12),
	(190, 1, '동그.리.동.펭귄', '"꾸욱" 당신의 소식을 궁금해하는 펭귄이 있어요!', 1, '2024-05-17 17:27:52', '39.7.230.254', '2024-05-19 22:02:15', '118.235.11.92', 64),
	(191, 10, '히원이얌펭귄', '"꾸욱" 당신의 소식을 궁금해하는 펭귄이 있어요!', 1, '2024-05-17 17:27:53', '172.226.94.32', '2024-05-19 22:38:08', '223.62.148.236', 12),
	(192, 10, '히원이얌펭귄', '"꾸욱" 당신의 소식을 궁금해하는 펭귄이 있어요!', 1, '2024-05-17 17:27:54', '172.226.94.32', '2024-05-19 22:38:08', '223.62.148.236', 12),
	(193, 10, '히원이얌펭귄', '"꾸욱" 당신의 소식을 궁금해하는 펭귄이 있어요!', 1, '2024-05-17 17:27:55', '172.226.94.32', '2024-05-19 22:38:08', '223.62.148.236', 12),
	(194, 10, '히원이얌펭귄', '"꾸욱" 당신의 소식을 궁금해하는 펭귄이 있어요!', 1, '2024-05-17 17:27:56', '172.226.94.32', '2024-05-19 22:38:08', '223.62.148.236', 12),
	(195, 10, '히원이얌펭귄', '"꾸욱" 당신의 소식을 궁금해하는 펭귄이 있어요!', 1, '2024-05-17 17:27:57', '172.226.94.32', '2024-05-19 22:38:08', '223.62.148.236', 12),
	(196, 10, '히원이얌펭귄', '"꾸욱" 당신의 소식을 궁금해하는 펭귄이 있어요!', 1, '2024-05-17 17:27:57', '172.226.94.32', '2024-05-19 22:38:08', '223.62.148.236', 12),
	(197, 10, '히원이얌펭귄', '"꾸욱" 당신의 소식을 궁금해하는 펭귄이 있어요!', 1, '2024-05-17 17:27:58', '172.226.94.32', '2024-05-19 22:38:08', '223.62.148.236', 12),
	(198, 10, '히원이얌펭귄', '"꾸욱" 당신의 소식을 궁금해하는 펭귄이 있어요!', 1, '2024-05-17 17:27:59', '172.226.94.32', '2024-05-19 22:38:07', '223.62.148.236', 12),
	(200, 10, '히원이얌펭귄', '"꾸욱" 당신의 소식을 궁금해하는 펭귄이 있어요!', 1, '2024-05-17 17:28:39', '172.226.94.32', '2024-05-19 22:38:07', '223.62.148.236', 12),
	(201, 10, '히원이얌펭귄', '"꾸욱" 당신의 소식을 궁금해하는 펭귄이 있어요!', 1, '2024-05-17 17:28:39', '172.226.94.32', '2024-05-19 22:38:07', '223.62.148.236', 12),
	(202, 10, '히원이얌펭귄', '"꾸욱" 당신의 소식을 궁금해하는 펭귄이 있어요!', 1, '2024-05-17 17:28:40', '172.226.94.32', '2024-05-19 22:38:07', '223.62.148.236', 12),
	(203, 10, '히원이얌펭귄', '"꾸욱" 당신의 소식을 궁금해하는 펭귄이 있어요!', 1, '2024-05-17 17:28:41', '172.226.94.32', '2024-05-19 22:38:07', '223.62.148.236', 12),
	(204, 10, '히원이얌펭귄', '"꾸욱" 당신의 소식을 궁금해하는 펭귄이 있어요!', 1, '2024-05-17 17:28:41', '172.226.94.32', '2024-05-19 22:38:07', '223.62.148.236', 12),
	(205, 12, '영펭귄', '"꾸욱" 당신의 소식을 궁금해하는 펭귄이 있어요!', 1, '2024-05-17 17:28:41', '223.62.148.29', '2024-05-19 21:55:24', '211.224.75.195', 10),
	(206, 10, '히원이얌펭귄', '"꾸욱" 당신의 소식을 궁금해하는 펭귄이 있어요!', 1, '2024-05-17 17:28:42', '172.226.94.32', '2024-05-19 22:38:07', '223.62.148.236', 12),
	(207, 10, '히원이얌펭귄', '"꾸욱" 당신의 소식을 궁금해하는 펭귄이 있어요!', 1, '2024-05-17 17:28:42', '172.226.94.32', '2024-05-19 22:38:07', '223.62.148.236', 12),
	(208, 10, '히원이얌펭귄', '"꾸욱" 당신의 소식을 궁금해하는 펭귄이 있어요!', 1, '2024-05-17 17:28:43', '172.226.94.32', '2024-05-19 22:38:07', '223.62.148.236', 12),
	(209, 10, '히원이얌펭귄', '"꾸욱" 당신의 소식을 궁금해하는 펭귄이 있어요!', 1, '2024-05-17 17:28:44', '172.226.94.32', '2024-05-19 22:38:07', '223.62.148.236', 12),
	(210, 10, '히원이얌펭귄', '"꾸욱" 당신의 소식을 궁금해하는 펭귄이 있어요!', 1, '2024-05-17 17:28:44', '172.226.94.32', '2024-05-19 22:38:07', '223.62.148.236', 12),
	(211, 10, '히원이얌펭귄', '"꾸욱" 당신의 소식을 궁금해하는 펭귄이 있어요!', 1, '2024-05-17 17:28:45', '172.226.94.32', '2024-05-19 22:38:07', '223.62.148.236', 12),
	(212, 10, '히원이얌펭귄', '"꾸욱" 당신의 소식을 궁금해하는 펭귄이 있어요!', 1, '2024-05-17 17:28:45', '172.226.94.32', '2024-05-19 22:38:07', '223.62.148.236', 12),
	(213, 10, '히원이얌펭귄', '"꾸욱" 당신의 소식을 궁금해하는 펭귄이 있어요!', 1, '2024-05-17 17:28:46', '172.226.94.32', '2024-05-19 22:38:06', '223.62.148.236', 12),
	(214, 10, '히원이얌펭귄', '"꾸욱" 당신의 소식을 궁금해하는 펭귄이 있어요!', 1, '2024-05-17 17:28:46', '172.226.94.32', '2024-05-19 22:38:07', '223.62.148.236', 12),
	(215, 10, '히원이얌펭귄', '"꾸욱" 당신의 소식을 궁금해하는 펭귄이 있어요!', 1, '2024-05-17 17:28:46', '172.226.94.32', '2024-05-19 22:38:07', '223.62.148.236', 12),
	(216, 10, '히원이얌펭귄', '"꾸욱" 당신의 소식을 궁금해하는 펭귄이 있어요!', 1, '2024-05-17 17:28:47', '172.226.94.32', '2024-05-19 22:38:06', '223.62.148.236', 12),
	(217, 10, '히원이얌펭귄', '"꾸욱" 당신의 소식을 궁금해하는 펭귄이 있어요!', 1, '2024-05-17 17:28:47', '172.226.94.32', '2024-05-19 22:38:06', '223.62.148.236', 12),
	(218, 10, '히원이얌펭귄', '"꾸욱" 당신의 소식을 궁금해하는 펭귄이 있어요!', 1, '2024-05-17 17:28:48', '172.226.94.32', '2024-05-19 22:38:06', '223.62.148.236', 12),
	(219, 10, '히원이얌펭귄', '"꾸욱" 당신의 소식을 궁금해하는 펭귄이 있어요!', 1, '2024-05-17 17:28:48', '172.226.94.32', '2024-05-19 22:38:06', '223.62.148.236', 12),
	(220, 10, '히원이얌펭귄', '"꾸욱" 당신의 소식을 궁금해하는 펭귄이 있어요!', 1, '2024-05-17 17:28:49', '172.226.94.32', '2024-05-19 22:38:06', '223.62.148.236', 12),
	(221, 10, '히원이얌펭귄', '"꾸욱" 당신의 소식을 궁금해하는 펭귄이 있어요!', 1, '2024-05-17 17:28:51', '172.226.94.32', '2024-05-19 22:38:06', '223.62.148.236', 12),
	(222, 10, '히원이얌펭귄', '"꾸욱" 당신의 소식을 궁금해하는 펭귄이 있어요!', 1, '2024-05-17 17:28:52', '172.226.94.32', '2024-05-19 22:38:06', '223.62.148.236', 12),
	(223, 10, '히원이얌펭귄', '"꾸욱" 당신의 소식을 궁금해하는 펭귄이 있어요!', 1, '2024-05-17 17:28:52', '172.226.94.32', '2024-05-19 22:38:06', '223.62.148.236', 12),
	(224, 10, '히원이얌펭귄', '"꾸욱" 당신의 소식을 궁금해하는 펭귄이 있어요!', 1, '2024-05-17 17:28:53', '172.226.94.32', '2024-05-19 22:38:06', '223.62.148.236', 12),
	(225, 10, '히원이얌펭귄', '"꾸욱" 당신의 소식을 궁금해하는 펭귄이 있어요!', 1, '2024-05-17 17:28:53', '172.226.94.32', '2024-05-19 22:38:06', '223.62.148.236', 12),
	(226, 10, '히원이얌펭귄', '"꾸욱" 당신의 소식을 궁금해하는 펭귄이 있어요!', 1, '2024-05-17 17:28:53', '172.226.94.32', '2024-05-19 22:38:06', '223.62.148.236', 12),
	(227, 10, '히원이얌펭귄', '"꾸욱" 당신의 소식을 궁금해하는 펭귄이 있어요!', 1, '2024-05-17 17:28:54', '172.226.94.32', '2024-05-19 22:38:06', '223.62.148.236', 12),
	(228, 12, '영펭귄', '"꾸욱" 당신의 소식을 궁금해하는 펭귄이 있어요!', 1, '2024-05-17 17:29:18', '223.62.148.29', '2024-05-19 21:55:24', '211.224.75.195', 10),
	(229, 12, '영펭귄', '"꾸욱" 당신의 소식을 궁금해하는 펭귄이 있어요!', 1, '2024-05-17 17:29:25', '223.62.148.29', '2024-05-19 21:55:23', '211.224.75.195', 10),
	(230, 12, '영펭귄', '"꾸욱" 당신의 소식을 궁금해하는 펭귄이 있어요!', 1, '2024-05-17 17:29:35', '223.62.148.29', '2024-05-19 21:55:23', '211.224.75.195', 10),
	(231, 12, '영펭귄', '"꾸욱" 당신의 소식을 궁금해하는 펭귄이 있어요!', 1, '2024-05-17 17:29:36', '223.62.148.29', '2024-05-19 21:55:23', '211.224.75.195', 10),
	(232, 12, '영펭귄', '"꾸욱" 당신의 소식을 궁금해하는 펭귄이 있어요!', 1, '2024-05-17 17:29:37', '223.62.148.29', '2024-05-19 21:55:23', '211.224.75.195', 10),
	(233, 12, '영펭귄', '"꾸욱" 당신의 소식을 궁금해하는 펭귄이 있어요!', 1, '2024-05-17 17:29:38', '223.62.148.29', '2024-05-19 21:55:23', '211.224.75.195', 10),
	(234, 12, '영펭귄', '"꾸욱" 당신의 소식을 궁금해하는 펭귄이 있어요!', 1, '2024-05-17 17:29:39', '223.62.148.29', '2024-05-19 21:55:23', '211.224.75.195', 10),
	(235, 12, '영펭귄', '"꾸욱" 당신의 소식을 궁금해하는 펭귄이 있어요!', 1, '2024-05-17 17:29:40', '223.62.148.29', '2024-05-19 21:55:23', '211.224.75.195', 10),
	(236, 12, '영펭귄', '"꾸욱" 당신의 소식을 궁금해하는 펭귄이 있어요!', 1, '2024-05-17 17:29:41', '223.62.148.29', '2024-05-19 21:44:15', '172.226.94.32', 10),
	(237, 12, '영펭귄', '"꾸욱" 당신의 소식을 궁금해하는 펭귄이 있어요!', 1, '2024-05-17 17:29:42', '223.62.148.29', '2024-05-19 21:44:15', '172.226.94.32', 10),
	(238, 12, '영펭귄', '"꾸욱" 당신의 소식을 궁금해하는 펭귄이 있어요!', 1, '2024-05-17 17:29:43', '223.62.148.29', '2024-05-19 21:44:15', '172.226.94.32', 10),
	(239, 12, '영펭귄', '"꾸욱" 당신의 소식을 궁금해하는 펭귄이 있어요!', 1, '2024-05-17 17:29:44', '223.62.148.29', '2024-05-19 21:44:15', '172.226.94.32', 10),
	(240, 12, '영펭귄', '"꾸욱" 당신의 소식을 궁금해하는 펭귄이 있어요!', 1, '2024-05-17 17:29:45', '223.62.148.29', '2024-05-19 21:44:15', '172.226.94.32', 10),
	(241, 12, '영펭귄', '"꾸욱" 당신의 소식을 궁금해하는 펭귄이 있어요!', 1, '2024-05-17 17:29:46', '223.62.148.29', '2024-05-19 21:44:14', '172.226.94.32', 10),
	(242, 12, '영펭귄', '"꾸욱" 당신의 소식을 궁금해하는 펭귄이 있어요!', 1, '2024-05-17 17:29:47', '223.62.148.29', '2024-05-19 21:44:14', '172.226.94.32', 10),
	(243, 12, '영펭귄', '"꾸욱" 당신의 소식을 궁금해하는 펭귄이 있어요!', 1, '2024-05-17 17:29:48', '223.62.148.29', '2024-05-19 21:44:14', '172.226.94.32', 10),
	(244, 12, '영펭귄', '"꾸욱" 당신의 소식을 궁금해하는 펭귄이 있어요!', 1, '2024-05-17 17:29:49', '223.62.148.29', '2024-05-19 21:44:14', '172.226.94.32', 10),
	(245, 12, '영펭귄', '"꾸욱" 당신의 소식을 궁금해하는 펭귄이 있어요!', 1, '2024-05-17 17:29:50', '223.62.148.29', '2024-05-19 21:44:14', '172.226.94.32', 10),
	(246, 12, '영펭귄', '"꾸욱" 당신의 소식을 궁금해하는 펭귄이 있어요!', 1, '2024-05-17 17:29:51', '223.62.148.29', '2024-05-19 21:44:14', '172.226.94.32', 10),
	(247, 12, '영펭귄', '"꾸욱" 당신의 소식을 궁금해하는 펭귄이 있어요!', 1, '2024-05-17 17:29:52', '223.62.148.29', '2024-05-19 21:44:14', '172.226.94.32', 10),
	(248, 12, '영펭귄', '"꾸욱" 당신의 소식을 궁금해하는 펭귄이 있어요!', 1, '2024-05-17 17:29:53', '223.62.148.29', '2024-05-19 21:44:14', '172.226.94.32', 10),
	(249, 12, '영펭귄', '"꾸욱" 당신의 소식을 궁금해하는 펭귄이 있어요!', 1, '2024-05-17 17:29:54', '223.62.148.29', '2024-05-19 21:44:14', '172.226.94.32', 10),
	(250, 10, '히원이얌펭귄', '"꾸욱" 당신의 소식을 궁금해하는 펭귄이 있어요!', 1, '2024-05-17 17:29:59', '172.226.95.32', '2024-05-19 22:38:06', '223.62.148.236', 12),
	(251, 10, '히원이얌펭귄', '"꾸욱" 당신의 소식을 궁금해하는 펭귄이 있어요!', 1, '2024-05-17 17:30:00', '172.226.95.32', '2024-05-19 22:38:05', '223.62.148.236', 12),
	(252, 10, '히원이얌펭귄', '"꾸욱" 당신의 소식을 궁금해하는 펭귄이 있어요!', 1, '2024-05-17 17:30:00', '172.226.95.32', '2024-05-19 22:38:06', '223.62.148.236', 12),
	(253, 10, '히원이얌펭귄', '"꾸욱" 당신의 소식을 궁금해하는 펭귄이 있어요!', 1, '2024-05-17 17:30:01', '172.226.95.32', '2024-05-19 22:38:05', '223.62.148.236', 12),
	(254, 10, '히원이얌펭귄', '"꾸욱" 당신의 소식을 궁금해하는 펭귄이 있어요!', 1, '2024-05-17 17:30:01', '172.226.95.32', '2024-05-19 22:38:05', '223.62.148.236', 12),
	(255, 10, '히원이얌펭귄', '"꾸욱" 당신의 소식을 궁금해하는 펭귄이 있어요!', 1, '2024-05-17 17:30:01', '172.226.95.32', '2024-05-19 22:38:05', '223.62.148.236', 12),
	(256, 10, '히원이얌펭귄', '"꾸욱" 당신의 소식을 궁금해하는 펭귄이 있어요!', 1, '2024-05-17 17:30:02', '172.226.95.32', '2024-05-19 22:38:05', '223.62.148.236', 12),
	(257, 10, '히원이얌펭귄', '"꾸욱" 당신의 소식을 궁금해하는 펭귄이 있어요!', 1, '2024-05-17 17:30:02', '172.226.95.32', '2024-05-19 22:38:05', '223.62.148.236', 12),
	(258, 10, '히원이얌펭귄', '"꾸욱" 당신의 소식을 궁금해하는 펭귄이 있어요!', 1, '2024-05-17 17:30:02', '172.226.95.32', '2024-05-19 22:38:05', '223.62.148.236', 12),
	(259, 10, '히원이얌펭귄', '"꾸욱" 당신의 소식을 궁금해하는 펭귄이 있어요!', 1, '2024-05-17 17:30:03', '172.226.95.32', '2024-05-19 22:38:05', '223.62.148.236', 12),
	(260, 10, '히원이얌펭귄', '"꾸욱" 당신의 소식을 궁금해하는 펭귄이 있어요!', 1, '2024-05-17 17:30:04', '172.226.95.32', '2024-05-19 22:38:04', '223.62.148.236', 12),
	(261, 10, '히원이얌펭귄', '"꾸욱" 당신의 소식을 궁금해하는 펭귄이 있어요!', 1, '2024-05-17 17:30:04', '172.226.95.32', '2024-05-19 22:38:04', '223.62.148.236', 12),
	(262, 10, '히원이얌펭귄', '"꾸욱" 당신의 소식을 궁금해하는 펭귄이 있어요!', 1, '2024-05-17 17:30:04', '172.226.95.32', '2024-05-19 22:38:05', '223.62.148.236', 12),
	(263, 10, '히원이얌펭귄', '"꾸욱" 당신의 소식을 궁금해하는 펭귄이 있어요!', 1, '2024-05-17 17:30:04', '172.226.95.32', '2024-05-19 22:38:05', '223.62.148.236', 12),
	(264, 10, '히원이얌펭귄', '"꾸욱" 당신의 소식을 궁금해하는 펭귄이 있어요!', 1, '2024-05-17 17:30:05', '172.226.95.32', '2024-05-19 22:38:04', '223.62.148.236', 12),
	(265, 10, '히원이얌펭귄', '"꾸욱" 당신의 소식을 궁금해하는 펭귄이 있어요!', 1, '2024-05-17 17:30:05', '172.226.95.32', '2024-05-19 22:38:04', '223.62.148.236', 12),
	(266, 10, '히원이얌펭귄', '"꾸욱" 당신의 소식을 궁금해하는 펭귄이 있어요!', 1, '2024-05-17 17:30:05', '172.226.95.32', '2024-05-19 22:38:04', '223.62.148.236', 12),
	(267, 10, '히원이얌펭귄', '"꾸욱" 당신의 소식을 궁금해하는 펭귄이 있어요!', 1, '2024-05-17 17:30:06', '172.226.95.32', '2024-05-19 22:38:03', '223.62.148.236', 12),
	(268, 10, '히원이얌펭귄', '"꾸욱" 당신의 소식을 궁금해하는 펭귄이 있어요!', 1, '2024-05-17 17:30:06', '172.226.95.32', '2024-05-19 22:38:03', '223.62.148.236', 12),
	(269, 10, '히원이얌펭귄', '"꾸욱" 당신의 소식을 궁금해하는 펭귄이 있어요!', 1, '2024-05-17 17:30:06', '172.226.95.32', '2024-05-19 22:38:03', '223.62.148.236', 12),
	(270, 10, '히원이얌펭귄', '"꾸욱" 당신의 소식을 궁금해하는 펭귄이 있어요!', 1, '2024-05-17 17:30:09', '172.226.95.32', '2024-05-19 22:38:03', '223.62.148.236', 12),
	(271, 10, '히원이얌펭귄', '"꾸욱" 당신의 소식을 궁금해하는 펭귄이 있어요!', 1, '2024-05-17 17:30:09', '172.226.95.32', '2024-05-19 22:38:03', '223.62.148.236', 12),
	(272, 10, '히원이얌펭귄', '"꾸욱" 당신의 소식을 궁금해하는 펭귄이 있어요!', 1, '2024-05-17 17:30:09', '172.226.95.32', '2024-05-19 22:38:03', '223.62.148.236', 12),
	(273, 10, '히원이얌펭귄', '"꾸욱" 당신의 소식을 궁금해하는 펭귄이 있어요!', 1, '2024-05-17 17:30:09', '172.226.95.32', '2024-05-19 22:38:03', '223.62.148.236', 12),
	(274, 10, '히원이얌펭귄', '"꾸욱" 당신의 소식을 궁금해하는 펭귄이 있어요!', 1, '2024-05-17 17:30:10', '172.226.95.32', '2024-05-19 22:38:03', '223.62.148.236', 12),
	(275, 10, '히원이얌펭귄', '"꾸욱" 당신의 소식을 궁금해하는 펭귄이 있어요!', 1, '2024-05-17 17:30:10', '172.226.95.32', '2024-05-19 22:38:03', '223.62.148.236', 12),
	(276, 10, '히원이얌펭귄', '"꾸욱" 당신의 소식을 궁금해하는 펭귄이 있어요!', 1, '2024-05-17 17:30:10', '172.226.95.32', '2024-05-19 22:38:03', '223.62.148.236', 12),
	(277, 10, '히원이얌펭귄', '"꾸욱" 당신의 소식을 궁금해하는 펭귄이 있어요!', 1, '2024-05-17 17:30:11', '172.226.95.32', '2024-05-19 22:38:03', '223.62.148.236', 12),
	(278, 10, '히원이얌펭귄', '"꾸욱" 당신의 소식을 궁금해하는 펭귄이 있어요!', 1, '2024-05-17 17:30:11', '172.226.95.32', '2024-05-19 22:38:03', '223.62.148.236', 12),
	(279, 10, '히원이얌펭귄', '"꾸욱" 당신의 소식을 궁금해하는 펭귄이 있어요!', 1, '2024-05-17 17:30:11', '172.226.95.32', '2024-05-19 22:38:03', '223.62.148.236', 12),
	(280, 10, '히원이얌펭귄', '"꾸욱" 당신의 소식을 궁금해하는 펭귄이 있어요!', 1, '2024-05-17 17:30:14', '172.226.95.32', '2024-05-19 22:38:03', '223.62.148.236', 12),
	(281, 10, '히원이얌펭귄', '"꾸욱" 당신의 소식을 궁금해하는 펭귄이 있어요!', 1, '2024-05-17 17:30:14', '172.226.95.32', '2024-05-19 22:38:03', '223.62.148.236', 12),
	(282, 10, '히원이얌펭귄', '"꾸욱" 당신의 소식을 궁금해하는 펭귄이 있어요!', 1, '2024-05-17 17:30:14', '172.226.95.32', '2024-05-19 22:38:03', '223.62.148.236', 12),
	(283, 10, '히원이얌펭귄', '"꾸욱" 당신의 소식을 궁금해하는 펭귄이 있어요!', 1, '2024-05-17 17:30:15', '172.226.95.32', '2024-05-19 22:38:03', '223.62.148.236', 12),
	(284, 10, '히원이얌펭귄', '"꾸욱" 당신의 소식을 궁금해하는 펭귄이 있어요!', 1, '2024-05-17 17:30:15', '172.226.95.32', '2024-05-19 22:38:03', '223.62.148.236', 12),
	(285, 10, '히원이얌펭귄', '"꾸욱" 당신의 소식을 궁금해하는 펭귄이 있어요!', 1, '2024-05-17 17:30:15', '172.226.95.32', '2024-05-19 22:38:03', '223.62.148.236', 12),
	(286, 10, '히원이얌펭귄', '"꾸욱" 당신의 소식을 궁금해하는 펭귄이 있어요!', 1, '2024-05-17 17:30:16', '172.226.95.32', '2024-05-19 22:38:02', '223.62.148.236', 12),
	(287, 10, '히원이얌펭귄', '"꾸욱" 당신의 소식을 궁금해하는 펭귄이 있어요!', 1, '2024-05-17 17:30:16', '172.226.95.32', '2024-05-19 22:38:02', '223.62.148.236', 12),
	(288, 10, '히원이얌펭귄', '"꾸욱" 당신의 소식을 궁금해하는 펭귄이 있어요!', 1, '2024-05-17 17:30:16', '172.226.95.32', '2024-05-19 22:38:03', '223.62.148.236', 12),
	(289, 10, '히원이얌펭귄', '"꾸욱" 당신의 소식을 궁금해하는 펭귄이 있어요!', 1, '2024-05-17 17:30:19', '172.226.95.32', '2024-05-19 22:38:02', '223.62.148.236', 12),
	(290, 10, '히원이얌펭귄', '"꾸욱" 당신의 소식을 궁금해하는 펭귄이 있어요!', 1, '2024-05-17 17:30:24', '172.226.95.32', '2024-05-19 22:38:02', '223.62.148.236', 12),
	(291, 10, '히원이얌펭귄', '"꾸욱" 당신의 소식을 궁금해하는 펭귄이 있어요!', 1, '2024-05-17 17:30:25', '172.226.95.32', '2024-05-19 22:38:02', '223.62.148.236', 12),
	(292, 10, '히원이얌펭귄', '"꾸욱" 당신의 소식을 궁금해하는 펭귄이 있어요!', 1, '2024-05-17 17:30:25', '172.226.95.32', '2024-05-19 22:38:02', '223.62.148.236', 12),
	(293, 10, '히원이얌펭귄', '"꾸욱" 당신의 소식을 궁금해하는 펭귄이 있어요!', 1, '2024-05-17 17:30:26', '172.226.95.32', '2024-05-19 22:38:02', '223.62.148.236', 12),
	(294, 10, '히원이얌펭귄', '"꾸욱" 당신의 소식을 궁금해하는 펭귄이 있어요!', 1, '2024-05-17 17:30:26', '172.226.95.32', '2024-05-19 22:38:02', '223.62.148.236', 12),
	(295, 10, '히원이얌펭귄', '"꾸욱" 당신의 소식을 궁금해하는 펭귄이 있어요!', 1, '2024-05-17 17:30:26', '172.226.95.32', '2024-05-19 22:38:02', '223.62.148.236', 12),
	(296, 10, '히원이얌펭귄', '"꾸욱" 당신의 소식을 궁금해하는 펭귄이 있어요!', 1, '2024-05-17 17:30:26', '172.226.95.32', '2024-05-19 22:38:02', '223.62.148.236', 12),
	(297, 10, '히원이얌펭귄', '"꾸욱" 당신의 소식을 궁금해하는 펭귄이 있어요!', 1, '2024-05-17 17:30:27', '172.226.95.32', '2024-05-19 22:38:02', '223.62.148.236', 12),
	(298, 12, '영펭귄', '"꾸욱" 당신의 소식을 궁금해하는 펭귄이 있어요!', 1, '2024-05-17 18:10:21', '223.62.147.220', '2024-05-19 21:44:14', '172.226.94.32', 10),
	(306, 12, '쭈~펭귄', '"꾸욱" 당신의 소식을 궁금해하는 펭귄이 있어요!', 1, '2024-05-17 18:33:05', '118.235.66.144', '2024-05-19 21:44:13', '172.226.94.32', 19),
	(308, 3, '영펭귄', '"꾸욱" 당신의 소식을 궁금해하는 펭귄이 있어요!', 0, '2024-05-17 18:38:56', '223.62.147.186', '2024-05-17 18:38:56', '223.62.147.186', 10),
	(316, 3, '영펭귄', '"꾸욱" 당신의 소식을 궁금해하는 펭귄이 있어요!', 0, '2024-05-17 18:41:30', '223.62.148.103', '2024-05-17 18:41:30', '223.62.148.103', 10),
	(318, 56, '영펭귄', '"꾸욱" 당신의 소식을 궁금해하는 펭귄이 있어요!', 0, '2024-05-17 18:41:53', '223.62.148.227', '2024-05-17 18:41:53', '223.62.148.227', 10),
	(319, 3, '영펭귄', '"꾸욱" 당신의 소식을 궁금해하는 펭귄이 있어요!', 0, '2024-05-17 18:41:58', '223.62.147.139', '2024-05-17 18:41:58', '223.62.147.139', 10),
	(321, 10, '이희웅일까?펭귄', '"꾸욱" 당신의 소식을 궁금해하는 펭귄이 있어요!', 1, '2024-05-17 18:47:41', '106.101.3.107', '2024-05-19 22:38:02', '223.62.148.236', 81),
	(322, 10, '이희웅일까?펭귄', '"꾸욱" 당신의 소식을 궁금해하는 펭귄이 있어요!', 1, '2024-05-17 18:47:42', '106.101.3.107', '2024-05-19 22:38:02', '223.62.148.236', 81),
	(323, 10, '이희웅일까?펭귄', '"꾸욱" 당신의 소식을 궁금해하는 펭귄이 있어요!', 1, '2024-05-17 18:47:42', '106.101.3.107', '2024-05-19 22:38:02', '223.62.148.236', 81),
	(324, 10, '이희웅일까?펭귄', '"꾸욱" 당신의 소식을 궁금해하는 펭귄이 있어요!', 1, '2024-05-17 18:47:44', '106.101.3.107', '2024-05-19 22:38:02', '223.62.148.236', 81),
	(325, 10, '이희웅일까?펭귄', '"꾸욱" 당신의 소식을 궁금해하는 펭귄이 있어요!', 1, '2024-05-17 18:47:45', '106.101.3.107', '2024-05-19 22:38:01', '223.62.148.236', 81),
	(326, 10, '이희웅일까?펭귄', '"꾸욱" 당신의 소식을 궁금해하는 펭귄이 있어요!', 1, '2024-05-17 18:47:46', '106.101.3.107', '2024-05-19 22:38:01', '223.62.148.236', 81),
	(327, 10, '이희웅일까?펭귄', '"꾸욱" 당신의 소식을 궁금해하는 펭귄이 있어요!', 1, '2024-05-17 18:47:48', '106.101.3.107', '2024-05-19 22:38:01', '223.62.148.236', 81),
	(328, 10, '이희웅일까?펭귄', '"꾸욱" 당신의 소식을 궁금해하는 펭귄이 있어요!', 1, '2024-05-17 18:47:49', '106.101.3.107', '2024-05-19 22:38:01', '223.62.148.236', 81),
	(329, 10, '이희웅일까?펭귄', '"꾸욱" 당신의 소식을 궁금해하는 펭귄이 있어요!', 1, '2024-05-17 18:47:50', '106.101.3.107', '2024-05-19 22:28:55', '223.62.148.153', 81),
	(331, 10, '이희웅일까?펭귄', '"꾸욱" 당신의 소식을 궁금해하는 펭귄이 있어요!', 1, '2024-05-17 18:47:53', '106.101.3.107', '2024-05-19 22:28:55', '223.62.148.153', 81),
	(332, 10, '이희웅일까?펭귄', '"꾸욱" 당신의 소식을 궁금해하는 펭귄이 있어요!', 1, '2024-05-17 18:47:54', '106.101.3.107', '2024-05-19 22:28:55', '223.62.148.153', 81),
	(333, 10, '이희웅일까?펭귄', '"꾸욱" 당신의 소식을 궁금해하는 펭귄이 있어요!', 1, '2024-05-17 18:47:55', '106.101.3.107', '2024-05-19 22:28:55', '223.62.148.153', 81),
	(334, 10, '이희웅일까?펭귄', '"꾸욱" 당신의 소식을 궁금해하는 펭귄이 있어요!', 1, '2024-05-17 18:47:56', '106.101.3.107', '2024-05-19 22:28:55', '223.62.148.153', 81),
	(335, 10, '이희웅일까?펭귄', '"꾸욱" 당신의 소식을 궁금해하는 펭귄이 있어요!', 1, '2024-05-17 18:47:57', '106.101.3.107', '2024-05-19 22:28:55', '223.62.148.153', 81),
	(336, 10, '이희웅일까?펭귄', '"꾸욱" 당신의 소식을 궁금해하는 펭귄이 있어요!', 1, '2024-05-17 18:47:58', '106.101.3.107', '2024-05-19 22:28:55', '223.62.148.153', 81),
	(337, 10, '이희웅일까?펭귄', '"꾸욱" 당신의 소식을 궁금해하는 펭귄이 있어요!', 1, '2024-05-17 18:47:59', '106.101.3.107', '2024-05-19 22:28:55', '223.62.148.153', 81),
	(338, 10, '이희웅일까?펭귄', '"꾸욱" 당신의 소식을 궁금해하는 펭귄이 있어요!', 1, '2024-05-17 18:48:01', '106.101.3.107', '2024-05-19 22:28:55', '223.62.148.153', 81),
	(339, 10, '이희웅일까?펭귄', '"꾸욱" 당신의 소식을 궁금해하는 펭귄이 있어요!', 1, '2024-05-17 18:48:02', '106.101.3.107', '2024-05-19 22:28:55', '223.62.148.153', 81),
	(340, 10, '이희웅일까?펭귄', '"꾸욱" 당신의 소식을 궁금해하는 펭귄이 있어요!', 1, '2024-05-17 18:48:03', '106.101.3.107', '2024-05-19 22:28:55', '223.62.148.153', 81),
	(341, 10, '이희웅일까?펭귄', '"꾸욱" 당신의 소식을 궁금해하는 펭귄이 있어요!', 1, '2024-05-17 18:48:05', '106.101.3.107', '2024-05-19 22:28:55', '223.62.148.153', 81),
	(347, 10, '승현이펭귄', '"꾸욱" 당신의 소식을 궁금해하는 펭귄이 있어요!', 1, '2024-05-17 19:05:12', '118.235.82.7', '2024-05-19 22:28:55', '223.62.148.153', 3),
	(348, 10, '승현이펭귄', '"꾸욱" 당신의 소식을 궁금해하는 펭귄이 있어요!', 1, '2024-05-17 19:05:13', '118.235.82.7', '2024-05-19 22:28:55', '223.62.148.153', 3),
	(349, 10, '승현이펭귄', '"꾸욱" 당신의 소식을 궁금해하는 펭귄이 있어요!', 1, '2024-05-17 19:05:14', '118.235.82.7', '2024-05-19 22:28:55', '223.62.148.153', 3),
	(350, 10, '승현이펭귄', '"꾸욱" 당신의 소식을 궁금해하는 펭귄이 있어요!', 1, '2024-05-17 19:05:15', '118.235.82.7', '2024-05-19 22:28:54', '223.62.148.153', 3),
	(351, 10, '승현이펭귄', '"꾸욱" 당신의 소식을 궁금해하는 펭귄이 있어요!', 1, '2024-05-17 19:05:16', '118.235.82.7', '2024-05-19 22:28:54', '223.62.148.153', 3),
	(352, 10, '승현이펭귄', '"꾸욱" 당신의 소식을 궁금해하는 펭귄이 있어요!', 1, '2024-05-17 19:05:16', '118.235.82.7', '2024-05-19 22:28:54', '223.62.148.153', 3),
	(353, 10, '승현이펭귄', '"꾸욱" 당신의 소식을 궁금해하는 펭귄이 있어요!', 1, '2024-05-17 19:05:16', '118.235.82.7', '2024-05-19 22:28:54', '223.62.148.153', 3),
	(354, 10, '승현이펭귄', '"꾸욱" 당신의 소식을 궁금해하는 펭귄이 있어요!', 1, '2024-05-17 19:05:17', '118.235.82.7', '2024-05-19 22:28:54', '223.62.148.153', 3),
	(355, 10, '승현이펭귄', '"꾸욱" 당신의 소식을 궁금해하는 펭귄이 있어요!', 1, '2024-05-17 19:05:17', '118.235.82.7', '2024-05-19 22:28:54', '223.62.148.153', 3),
	(356, 12, '쭈~펭귄', '"꾸욱" 당신의 소식을 궁금해하는 펭귄이 있어요!', 1, '2024-05-17 19:09:45', '119.192.57.6', '2024-05-19 21:44:13', '172.226.94.32', 19),
	(357, 12, '쭈~펭귄', '"꾸욱" 당신의 소식을 궁금해하는 펭귄이 있어요!', 1, '2024-05-17 19:09:46', '119.192.57.6', '2024-05-19 21:44:13', '172.226.94.32', 19),
	(358, 12, '쭈~펭귄', '"꾸욱" 당신의 소식을 궁금해하는 펭귄이 있어요!', 1, '2024-05-17 19:09:47', '119.192.57.6', '2024-05-19 21:44:13', '172.226.94.32', 19),
	(359, 12, '쭈~펭귄', '"꾸욱" 당신의 소식을 궁금해하는 펭귄이 있어요!', 1, '2024-05-17 19:09:48', '119.192.57.6', '2024-05-19 21:44:13', '172.226.94.32', 19),
	(360, 12, '쭈~펭귄', '"꾸욱" 당신의 소식을 궁금해하는 펭귄이 있어요!', 1, '2024-05-17 19:09:48', '119.192.57.6', '2024-05-19 21:44:13', '172.226.94.32', 19),
	(364, 3, '영펭귄', '"꾸욱" 당신의 소식을 궁금해하는 펭귄이 있어요!', 0, '2024-05-17 19:17:55', '223.62.147.214', '2024-05-17 19:17:55', '223.62.147.214', 10),
	(365, 80, '영펭귄', '"꾸욱" 당신의 소식을 궁금해하는 펭귄이 있어요!', 0, '2024-05-17 19:20:19', '223.62.148.63', '2024-05-17 19:20:19', '223.62.148.63', 10),
	(366, 80, '영펭귄', '"꾸욱" 당신의 소식을 궁금해하는 펭귄이 있어요!', 0, '2024-05-17 19:20:23', '223.62.148.63', '2024-05-17 19:20:23', '223.62.148.63', 10),
	(367, 80, '영펭귄', '"꾸욱" 당신의 소식을 궁금해하는 펭귄이 있어요!', 0, '2024-05-17 19:20:34', '223.62.148.63', '2024-05-17 19:20:34', '223.62.148.63', 10),
	(368, 80, '영펭귄', '"꾸욱" 당신의 소식을 궁금해하는 펭귄이 있어요!', 0, '2024-05-17 19:20:37', '223.62.148.63', '2024-05-17 19:20:37', '223.62.148.63', 10),
	(369, 80, '영펭귄', '"꾸욱" 당신의 소식을 궁금해하는 펭귄이 있어요!', 0, '2024-05-17 19:20:38', '223.62.148.63', '2024-05-17 19:20:38', '223.62.148.63', 10),
	(370, 80, '영펭귄', '"꾸욱" 당신의 소식을 궁금해하는 펭귄이 있어요!', 0, '2024-05-17 19:20:39', '223.62.148.63', '2024-05-17 19:20:39', '223.62.148.63', 10),
	(371, 80, '영펭귄', '"꾸욱" 당신의 소식을 궁금해하는 펭귄이 있어요!', 0, '2024-05-17 19:20:40', '223.62.148.63', '2024-05-17 19:20:40', '223.62.148.63', 10),
	(372, 80, '영펭귄', '"꾸욱" 당신의 소식을 궁금해하는 펭귄이 있어요!', 0, '2024-05-17 19:20:42', '223.62.148.63', '2024-05-17 19:20:42', '223.62.148.63', 10),
	(373, 80, '영펭귄', '"꾸욱" 당신의 소식을 궁금해하는 펭귄이 있어요!', 0, '2024-05-17 19:20:47', '223.62.148.63', '2024-05-17 19:20:47', '223.62.148.63', 10),
	(374, 80, '영펭귄', '"꾸욱" 당신의 소식을 궁금해하는 펭귄이 있어요!', 0, '2024-05-17 19:20:53', '223.62.148.63', '2024-05-17 19:20:53', '223.62.148.63', 10),
	(375, 80, '영펭귄', '"꾸욱" 당신의 소식을 궁금해하는 펭귄이 있어요!', 0, '2024-05-17 20:14:31', '223.62.147.48', '2024-05-17 20:14:31', '223.62.147.48', 10),
	(376, 12, '영펭귄', '"꾸욱" 당신의 소식을 궁금해하는 펭귄이 있어요!', 1, '2024-05-17 20:14:37', '223.62.147.48', '2024-05-19 21:44:13', '172.226.94.32', 10),
	(377, 12, '영펭귄', '"꾸욱" 당신의 소식을 궁금해하는 펭귄이 있어요!', 1, '2024-05-17 20:14:44', '223.62.147.48', '2024-05-19 21:44:13', '172.226.94.32', 10),
	(378, 12, '영펭귄', '"꾸욱" 당신의 소식을 궁금해하는 펭귄이 있어요!', 1, '2024-05-17 20:14:45', '223.62.147.48', '2024-05-19 21:44:13', '172.226.94.32', 10),
	(379, 12, '영펭귄', '"꾸욱" 당신의 소식을 궁금해하는 펭귄이 있어요!', 1, '2024-05-17 20:14:47', '223.62.147.48', '2024-05-19 21:44:13', '172.226.94.32', 10),
	(382, 10, '영펭귄', '"짜잔!" 가족 중 누가 소식을 등록했어요!! 보러 가볼까요?', 1, '2024-05-17 20:55:53', '127.0.0.1', '2024-05-19 22:28:54', '223.62.148.153', 10),
	(383, 1, '영펭귄', '"짜잔!" 가족 중 누가 소식을 등록했어요!! 보러 가볼까요?', 1, '2024-05-17 20:57:17', '127.0.0.1', '2024-05-19 22:02:14', '118.235.11.92', 10),
	(384, 12, '영펭귄', '"짜잔!" 가족 중 누가 소식을 등록했어요!! 보러 가볼까요?', 1, '2024-05-17 20:57:17', '127.0.0.1', '2024-05-19 21:44:13', '172.226.94.32', 10),
	(385, 80, '영펭귄', '"짜잔!" 가족 중 누가 소식을 등록했어요!! 보러 가볼까요?', 0, '2024-05-17 20:57:17', '127.0.0.1', '2024-05-17 20:57:17', '127.0.0.1', 10),
	(386, 1, '영펭귄', '"짜잔!" 가족 중 누가 소식을 등록했어요!! 보러 가볼까요?', 1, '2024-05-17 21:00:21', '127.0.0.1', '2024-05-19 22:02:14', '118.235.11.92', 10),
	(387, 12, '영펭귄', '"짜잔!" 가족 중 누가 소식을 등록했어요!! 보러 가볼까요?', 1, '2024-05-17 21:00:21', '127.0.0.1', '2024-05-19 21:44:13', '172.226.94.32', 10),
	(388, 80, '영펭귄', '"짜잔!" 가족 중 누가 소식을 등록했어요!! 보러 가볼까요?', 0, '2024-05-17 21:00:21', '127.0.0.1', '2024-05-17 21:00:21', '127.0.0.1', 10),
	(389, 1, '영펭귄', '"짜잔!" 가족 중 누가 소식을 등록했어요!! 보러 가볼까요?', 1, '2024-05-17 21:04:00', '127.0.0.1', '2024-05-19 22:02:14', '118.235.11.92', 10),
	(390, 12, '영펭귄', '"짜잔!" 가족 중 누가 소식을 등록했어요!! 보러 가볼까요?', 1, '2024-05-17 21:04:00', '127.0.0.1', '2024-05-19 21:44:13', '172.226.94.32', 10),
	(391, 1, '영펭귄', '"짜잔!" 가족 중 누가 소식을 등록했어요!! 보러 가볼까요?', 1, '2024-05-17 21:05:46', '127.0.0.1', '2024-05-19 22:02:14', '118.235.11.92', 10),
	(392, 12, '영펭귄', '"짜잔!" 가족 중 누가 소식을 등록했어요!! 보러 가볼까요?', 1, '2024-05-17 21:05:46', '127.0.0.1', '2024-05-19 21:44:13', '172.226.94.32', 10),
	(393, 1, '영펭귄', '"짜잔!" 가족 중 누가 소식을 등록했어요!! 보러 가볼까요?', 1, '2024-05-17 21:05:49', '127.0.0.1', '2024-05-19 22:02:14', '118.235.11.92', 10),
	(394, 12, '영펭귄', '"짜잔!" 가족 중 누가 소식을 등록했어요!! 보러 가볼까요?', 1, '2024-05-17 21:05:49', '127.0.0.1', '2024-05-19 21:44:13', '172.226.94.32', 10),
	(395, 1, '영펭귄', '"짜잔!" 가족 중 누가 소식을 등록했어요!! 보러 가볼까요?', 1, '2024-05-17 21:05:59', '127.0.0.1', '2024-05-19 22:02:13', '118.235.11.92', 10),
	(396, 12, '영펭귄', '"짜잔!" 가족 중 누가 소식을 등록했어요!! 보러 가볼까요?', 1, '2024-05-17 21:05:59', '127.0.0.1', '2024-05-19 21:44:12', '172.226.94.32', 10),
	(397, 1, '영펭귄', '"짜잔!" 가족 중 누가 소식을 등록했어요!! 보러 가볼까요?', 1, '2024-05-17 21:06:26', '127.0.0.1', '2024-05-19 22:02:13', '118.235.11.92', 10),
	(398, 12, '영펭귄', '"짜잔!" 가족 중 누가 소식을 등록했어요!! 보러 가볼까요?', 1, '2024-05-17 21:06:26', '127.0.0.1', '2024-05-19 21:44:12', '172.226.94.32', 10),
	(399, 12, '영펭귄', '"꾸욱" 당신의 소식을 궁금해하는 펭귄이 있어요!', 1, '2024-05-17 21:15:08', '223.62.148.235', '2024-05-19 21:44:12', '172.226.94.32', 10),
	(400, 10, '히원이얌펭귄', '"꾸욱" 당신의 소식을 궁금해하는 펭귄이 있어요!', 1, '2024-05-17 21:16:46', '172.224.252.20', '2024-05-19 22:28:54', '223.62.148.153', 12),
	(401, 10, '히원이얌펭귄', '"꾸욱" 당신의 소식을 궁금해하는 펭귄이 있어요!', 1, '2024-05-17 21:16:47', '172.224.252.20', '2024-05-19 22:28:54', '223.62.148.153', 12),
	(402, 10, '히원이얌펭귄', '"꾸욱" 당신의 소식을 궁금해하는 펭귄이 있어요!', 1, '2024-05-17 21:16:48', '172.224.252.20', '2024-05-19 22:28:54', '223.62.148.153', 12),
	(403, 10, '히원이얌펭귄', '"꾸욱" 당신의 소식을 궁금해하는 펭귄이 있어요!', 1, '2024-05-17 21:16:48', '172.224.252.20', '2024-05-19 22:28:54', '223.62.148.153', 12),
	(404, 10, '히원이얌펭귄', '"꾸욱" 당신의 소식을 궁금해하는 펭귄이 있어요!', 1, '2024-05-17 21:16:49', '172.224.252.20', '2024-05-19 22:28:54', '223.62.148.153', 12),
	(405, 10, '히원이얌펭귄', '"꾸욱" 당신의 소식을 궁금해하는 펭귄이 있어요!', 1, '2024-05-17 21:16:49', '172.224.252.20', '2024-05-19 22:28:54', '223.62.148.153', 12),
	(406, 10, '히원이얌펭귄', '"꾸욱" 당신의 소식을 궁금해하는 펭귄이 있어요!', 1, '2024-05-17 21:16:50', '172.224.252.20', '2024-05-19 22:28:54', '223.62.148.153', 12),
	(407, 1, '히원이얌펭귄', '"꾸욱" 당신의 소식을 궁금해하는 펭귄이 있어요!', 1, '2024-05-17 21:16:52', '172.224.252.20', '2024-05-19 22:02:13', '118.235.11.92', 12),
	(408, 1, '히원이얌펭귄', '"꾸욱" 당신의 소식을 궁금해하는 펭귄이 있어요!', 1, '2024-05-17 21:16:53', '172.224.252.20', '2024-05-19 22:02:13', '118.235.11.92', 12),
	(409, 1, '히원이얌펭귄', '"꾸욱" 당신의 소식을 궁금해하는 펭귄이 있어요!', 1, '2024-05-17 21:16:53', '172.224.252.20', '2024-05-19 22:02:13', '118.235.11.92', 12),
	(410, 1, '히원이얌펭귄', '"꾸욱" 당신의 소식을 궁금해하는 펭귄이 있어요!', 1, '2024-05-17 21:16:54', '172.224.252.20', '2024-05-19 22:02:12', '118.235.11.92', 12),
	(411, 1, '히원이얌펭귄', '"꾸욱" 당신의 소식을 궁금해하는 펭귄이 있어요!', 1, '2024-05-17 21:16:54', '172.224.252.20', '2024-05-19 22:02:12', '118.235.11.92', 12),
	(412, 1, '히원이얌펭귄', '"꾸욱" 당신의 소식을 궁금해하는 펭귄이 있어요!', 1, '2024-05-17 21:16:54', '172.224.252.20', '2024-05-19 22:02:12', '118.235.11.92', 12),
	(413, 1, '히원이얌펭귄', '"꾸욱" 당신의 소식을 궁금해하는 펭귄이 있어요!', 1, '2024-05-17 21:16:55', '172.224.252.20', '2024-05-19 22:02:12', '118.235.11.92', 12),
	(414, 81, '영펭귄', '"꾸욱" 당신의 소식을 궁금해하는 펭귄이 있어요!', 1, '2024-05-17 21:30:15', '223.62.147.190', '2024-05-19 15:23:58', '122.43.138.244', 10),
	(415, 4, '영펭귄', '"꾸욱" 당신의 소식을 궁금해하는 펭귄이 있어요!', 0, '2024-05-17 21:45:33', '223.62.147.160', '2024-05-17 21:45:33', '223.62.147.160', 10),
	(416, 3, '영펭귄', '"꾸욱" 당신의 소식을 궁금해하는 펭귄이 있어요!', 0, '2024-05-17 21:45:41', '223.62.147.160', '2024-05-17 21:45:41', '223.62.147.160', 10),
	(417, 12, '영펭귄', '"꾸욱" 당신의 소식을 궁금해하는 펭귄이 있어요!', 1, '2024-05-17 21:45:47', '223.62.147.160', '2024-05-19 21:44:12', '172.226.94.32', 10),
	(418, 3, '이희웅펭귄', '"꾸욱" 당신의 소식을 궁금해하는 펭귄이 있어요!', 0, '2024-05-17 21:53:41', '116.36.40.48', '2024-05-17 21:53:41', '116.36.40.48', 81),
	(419, 1, '영펭귄', '"짜잔!" 가족 중 누가 소식을 등록했어요!! 보러 가볼까요?', 1, '2024-05-17 21:58:10', '223.62.148.231', '2024-05-19 22:02:12', '118.235.11.92', 10),
	(420, 3, '영펭귄', '"짜잔!" 가족 중 누가 소식을 등록했어요!! 보러 가볼까요?', 0, '2024-05-17 21:58:10', '223.62.148.231', '2024-05-17 21:58:10', '223.62.148.231', 10),
	(421, 4, '영펭귄', '"짜잔!" 가족 중 누가 소식을 등록했어요!! 보러 가볼까요?', 0, '2024-05-17 21:58:10', '223.62.148.231', '2024-05-17 21:58:10', '223.62.148.231', 10),
	(422, 12, '영펭귄', '"짜잔!" 가족 중 누가 소식을 등록했어요!! 보러 가볼까요?', 1, '2024-05-17 21:58:10', '223.62.148.231', '2024-05-19 21:44:12', '172.226.94.32', 10),
	(423, 81, '영펭귄', '"짜잔!" 가족 중 누가 소식을 등록했어요!! 보러 가볼까요?', 1, '2024-05-17 21:58:10', '223.62.148.231', '2024-05-19 15:23:58', '122.43.138.244', 10),
	(424, 1, '영펭귄', '"짜잔!" 가족 중 누가 소식을 등록했어요!! 보러 가볼까요?', 1, '2024-05-17 21:58:49', '223.62.148.231', '2024-05-19 22:02:11', '118.235.11.92', 10),
	(425, 3, '영펭귄', '"짜잔!" 가족 중 누가 소식을 등록했어요!! 보러 가볼까요?', 0, '2024-05-17 21:58:49', '223.62.148.231', '2024-05-17 21:58:49', '223.62.148.231', 10),
	(426, 4, '영펭귄', '"짜잔!" 가족 중 누가 소식을 등록했어요!! 보러 가볼까요?', 0, '2024-05-17 21:58:49', '223.62.148.231', '2024-05-17 21:58:49', '223.62.148.231', 10),
	(427, 12, '영펭귄', '"짜잔!" 가족 중 누가 소식을 등록했어요!! 보러 가볼까요?', 1, '2024-05-17 21:58:49', '223.62.148.231', '2024-05-19 21:44:12', '172.226.94.32', 10),
	(428, 81, '영펭귄', '"짜잔!" 가족 중 누가 소식을 등록했어요!! 보러 가볼까요?', 1, '2024-05-17 21:58:49', '223.62.148.231', '2024-05-19 15:23:58', '122.43.138.244', 10),
	(429, 81, '영펭귄', '"꾸욱" 당신의 소식을 궁금해하는 펭귄이 있어요!', 1, '2024-05-17 21:58:59', '223.62.148.231', '2024-05-19 15:23:58', '122.43.138.244', 10),
	(430, 81, '영펭귄', '"꾸욱" 당신의 소식을 궁금해하는 펭귄이 있어요!', 1, '2024-05-17 21:59:11', '223.62.148.231', '2024-05-19 15:23:58', '122.43.138.244', 10),
	(431, 81, '영펭귄', '"꾸욱" 당신의 소식을 궁금해하는 펭귄이 있어요!', 1, '2024-05-17 21:59:32', '223.62.148.231', '2024-05-19 15:23:58', '122.43.138.244', 10),
	(432, 1, '영펭귄', '"짜잔!" 가족 중 누가 소식을 등록했어요!! 보러 가볼까요?', 1, '2024-05-17 21:59:47', '223.62.148.231', '2024-05-19 22:02:11', '118.235.11.92', 10),
	(433, 3, '영펭귄', '"짜잔!" 가족 중 누가 소식을 등록했어요!! 보러 가볼까요?', 0, '2024-05-17 21:59:47', '223.62.148.231', '2024-05-17 21:59:47', '223.62.148.231', 10),
	(434, 4, '영펭귄', '"짜잔!" 가족 중 누가 소식을 등록했어요!! 보러 가볼까요?', 0, '2024-05-17 21:59:47', '223.62.148.231', '2024-05-17 21:59:47', '223.62.148.231', 10),
	(435, 12, '영펭귄', '"짜잔!" 가족 중 누가 소식을 등록했어요!! 보러 가볼까요?', 1, '2024-05-17 21:59:47', '223.62.148.231', '2024-05-19 21:44:12', '172.226.94.32', 10),
	(436, 81, '영펭귄', '"짜잔!" 가족 중 누가 소식을 등록했어요!! 보러 가볼까요?', 1, '2024-05-17 21:59:47', '223.62.148.231', '2024-05-19 15:23:58', '122.43.138.244', 10),
	(437, 12, '영펭귄', '"꾸욱" 당신의 소식을 궁금해하는 펭귄이 있어요!', 1, '2024-05-17 22:14:55', '223.62.147.108', '2024-05-19 21:44:12', '172.226.94.32', 10),
	(438, 4, '히원이얌펭귄', '"꾸욱" 당신의 소식을 궁금해하는 펭귄이 있어요!', 0, '2024-05-17 22:29:56', '172.226.94.43', '2024-05-17 22:29:56', '172.226.94.43', 12),
	(439, 4, '히원이얌펭귄', '"꾸욱" 당신의 소식을 궁금해하는 펭귄이 있어요!', 0, '2024-05-17 22:29:57', '172.226.94.43', '2024-05-17 22:29:57', '172.226.94.43', 12),
	(440, 4, '히원이얌펭귄', '"꾸욱" 당신의 소식을 궁금해하는 펭귄이 있어요!', 0, '2024-05-17 22:29:58', '172.226.94.43', '2024-05-17 22:29:58', '172.226.94.43', 12),
	(441, 4, '히원이얌펭귄', '"꾸욱" 당신의 소식을 궁금해하는 펭귄이 있어요!', 0, '2024-05-17 22:29:58', '172.226.94.43', '2024-05-17 22:29:58', '172.226.94.43', 12),
	(442, 4, '히원이얌펭귄', '"꾸욱" 당신의 소식을 궁금해하는 펭귄이 있어요!', 0, '2024-05-17 22:29:59', '172.226.94.43', '2024-05-17 22:29:59', '172.226.94.43', 12),
	(443, 4, '히원이얌펭귄', '"꾸욱" 당신의 소식을 궁금해하는 펭귄이 있어요!', 0, '2024-05-17 22:29:59', '172.226.94.43', '2024-05-17 22:29:59', '172.226.94.43', 12),
	(444, 4, '히원이얌펭귄', '"꾸욱" 당신의 소식을 궁금해하는 펭귄이 있어요!', 0, '2024-05-17 22:30:00', '172.226.94.43', '2024-05-17 22:30:00', '172.226.94.43', 12),
	(445, 1, '히원이얌펭귄', '"꾸욱" 당신의 소식을 궁금해하는 펭귄이 있어요!', 1, '2024-05-17 22:30:03', '172.226.94.43', '2024-05-19 22:02:11', '118.235.11.92', 12),
	(446, 1, '히원이얌펭귄', '"꾸욱" 당신의 소식을 궁금해하는 펭귄이 있어요!', 1, '2024-05-17 22:30:04', '172.226.94.43', '2024-05-19 22:02:11', '118.235.11.92', 12),
	(447, 1, '히원이얌펭귄', '"꾸욱" 당신의 소식을 궁금해하는 펭귄이 있어요!', 1, '2024-05-17 22:30:04', '172.226.94.43', '2024-05-19 22:02:11', '118.235.11.92', 12),
	(448, 1, '히원이얌펭귄', '"꾸욱" 당신의 소식을 궁금해하는 펭귄이 있어요!', 1, '2024-05-17 22:30:05', '172.226.94.43', '2024-05-19 22:02:11', '118.235.11.92', 12),
	(449, 1, '히원이얌펭귄', '"꾸욱" 당신의 소식을 궁금해하는 펭귄이 있어요!', 1, '2024-05-17 22:30:06', '172.226.94.43', '2024-05-19 22:02:11', '118.235.11.92', 12),
	(450, 1, '히원이얌펭귄', '"짜잔!" 가족 중 누가 소식을 등록했어요!! 보러 가볼까요?', 1, '2024-05-17 22:33:43', '172.226.95.40', '2024-05-19 22:02:11', '118.235.11.92', 12),
	(451, 3, '히원이얌펭귄', '"짜잔!" 가족 중 누가 소식을 등록했어요!! 보러 가볼까요?', 0, '2024-05-17 22:33:43', '172.226.95.40', '2024-05-17 22:33:43', '172.226.95.40', 12),
	(452, 4, '히원이얌펭귄', '"짜잔!" 가족 중 누가 소식을 등록했어요!! 보러 가볼까요?', 0, '2024-05-17 22:33:43', '172.226.95.40', '2024-05-17 22:33:43', '172.226.95.40', 12),
	(453, 10, '히원이얌펭귄', '"짜잔!" 가족 중 누가 소식을 등록했어요!! 보러 가볼까요?', 1, '2024-05-17 22:33:43', '172.226.95.40', '2024-05-19 22:28:54', '223.62.148.153', 12),
	(454, 81, '히원이얌펭귄', '"짜잔!" 가족 중 누가 소식을 등록했어요!! 보러 가볼까요?', 1, '2024-05-17 22:33:43', '172.226.95.40', '2024-05-19 15:23:58', '122.43.138.244', 12),
	(455, 1, '영펭귄', '"짜잔!" 가족 중 누가 소식을 등록했어요!! 보러 가볼까요?', 1, '2024-05-17 22:36:47', '223.62.148.81', '2024-05-19 22:02:11', '118.235.11.92', 10),
	(456, 3, '영펭귄', '"짜잔!" 가족 중 누가 소식을 등록했어요!! 보러 가볼까요?', 0, '2024-05-17 22:36:47', '223.62.148.81', '2024-05-17 22:36:47', '223.62.148.81', 10),
	(457, 4, '영펭귄', '"짜잔!" 가족 중 누가 소식을 등록했어요!! 보러 가볼까요?', 0, '2024-05-17 22:36:47', '223.62.148.81', '2024-05-17 22:36:47', '223.62.148.81', 10),
	(458, 12, '영펭귄', '"짜잔!" 가족 중 누가 소식을 등록했어요!! 보러 가볼까요?', 1, '2024-05-17 22:36:47', '223.62.148.81', '2024-05-19 21:44:12', '172.226.94.32', 10),
	(459, 81, '영펭귄', '"짜잔!" 가족 중 누가 소식을 등록했어요!! 보러 가볼까요?', 1, '2024-05-17 22:36:47', '223.62.148.81', '2024-05-19 15:23:58', '122.43.138.244', 10),
	(460, 1, '영펭귄', '"짜잔!" 가족 중 누가 소식을 등록했어요!! 보러 가볼까요?', 1, '2024-05-17 22:37:26', '223.62.148.233', '2024-05-19 22:02:11', '118.235.11.92', 10),
	(461, 3, '영펭귄', '"짜잔!" 가족 중 누가 소식을 등록했어요!! 보러 가볼까요?', 0, '2024-05-17 22:37:26', '223.62.148.233', '2024-05-17 22:37:26', '223.62.148.233', 10),
	(462, 4, '영펭귄', '"짜잔!" 가족 중 누가 소식을 등록했어요!! 보러 가볼까요?', 0, '2024-05-17 22:37:26', '223.62.148.233', '2024-05-17 22:37:26', '223.62.148.233', 10),
	(463, 12, '영펭귄', '"짜잔!" 가족 중 누가 소식을 등록했어요!! 보러 가볼까요?', 1, '2024-05-17 22:37:26', '223.62.148.233', '2024-05-19 21:44:12', '172.226.94.32', 10),
	(464, 81, '영펭귄', '"짜잔!" 가족 중 누가 소식을 등록했어요!! 보러 가볼까요?', 1, '2024-05-17 22:37:26', '223.62.148.233', '2024-05-19 15:23:58', '122.43.138.244', 10),
	(465, 1, '영펭귄', '"짜잔!" 가족 중 누가 소식을 등록했어요!! 보러 가볼까요?', 1, '2024-05-17 22:39:29', '223.62.148.97', '2024-05-19 22:02:10', '118.235.11.92', 10),
	(466, 3, '영펭귄', '"짜잔!" 가족 중 누가 소식을 등록했어요!! 보러 가볼까요?', 0, '2024-05-17 22:39:29', '223.62.148.97', '2024-05-17 22:39:29', '223.62.148.97', 10),
	(467, 4, '영펭귄', '"짜잔!" 가족 중 누가 소식을 등록했어요!! 보러 가볼까요?', 0, '2024-05-17 22:39:29', '223.62.148.97', '2024-05-17 22:39:29', '223.62.148.97', 10),
	(468, 12, '영펭귄', '"짜잔!" 가족 중 누가 소식을 등록했어요!! 보러 가볼까요?', 1, '2024-05-17 22:39:29', '223.62.148.97', '2024-05-19 21:43:52', '172.226.94.32', 10),
	(469, 81, '영펭귄', '"짜잔!" 가족 중 누가 소식을 등록했어요!! 보러 가볼까요?', 1, '2024-05-17 22:39:29', '223.62.148.97', '2024-05-19 15:23:58', '122.43.138.244', 10),
	(470, 12, '지윤이다펭귄', '"꾸욱" 당신의 소식을 궁금해하는 펭귄이 있어요!', 1, '2024-05-17 22:40:08', '116.36.40.48', '2024-05-19 21:43:52', '172.226.94.32', 1),
	(471, 1, '히원이얌펭귄', '"꾸욱" 당신의 소식을 궁금해하는 펭귄이 있어요!', 1, '2024-05-17 22:40:15', '172.226.94.47', '2024-05-19 22:02:10', '118.235.11.92', 12),
	(472, 1, '히원이얌펭귄', '"꾸욱" 당신의 소식을 궁금해하는 펭귄이 있어요!', 1, '2024-05-17 22:40:20', '172.226.94.47', '2024-05-19 22:02:10', '118.235.11.92', 12),
	(473, 1, '히원이얌펭귄', '"꾸욱" 당신의 소식을 궁금해하는 펭귄이 있어요!', 1, '2024-05-17 22:40:38', '172.226.94.47', '2024-05-19 22:02:10', '118.235.11.92', 12),
	(474, 1, '히원이얌펭귄', '"꾸욱" 당신의 소식을 궁금해하는 펭귄이 있어요!', 1, '2024-05-17 22:40:44', '172.226.94.47', '2024-05-19 22:02:10', '118.235.11.92', 12),
	(475, 81, '영펭귄', '"꾸욱" 당신의 소식을 궁금해하는 펭귄이 있어요!', 1, '2024-05-17 22:40:59', '223.62.148.106', '2024-05-19 15:23:58', '122.43.138.244', 10),
	(476, 12, '영펭귄', '"꾸욱" 당신의 소식을 궁금해하는 펭귄이 있어요!', 1, '2024-05-17 22:41:04', '223.62.148.100', '2024-05-19 21:43:52', '172.226.94.32', 10),
	(477, 12, '영펭귄', '"띵동!" 새로운 메시지가 도착했습니다!! ', 1, '2024-05-17 22:47:46', '127.0.0.1', '2024-05-19 21:43:52', '172.226.94.32', 10),
	(478, 81, '히원이얌펭귄', '"꾸욱" 당신의 소식을 궁금해하는 펭귄이 있어요!', 1, '2024-05-17 22:53:24', '172.224.252.31', '2024-05-19 15:23:58', '122.43.138.244', 12),
	(479, 10, '이희웅펭귄', '"꾸욱" 당신의 소식을 궁금해하는 펭귄이 있어요!', 1, '2024-05-17 23:02:42', '116.36.40.48', '2024-05-19 22:28:54', '223.62.148.153', 81),
	(480, 12, '영펭귄', '"띵동!" 새로운 메시지가 도착했습니다!! 마음함을 확인해보세요!', 1, '2024-05-17 23:03:58', '127.0.0.1', '2024-05-19 21:43:52', '172.226.94.32', 10),
	(481, 1, '영펭귄', '"띵동!" 새로운 메시지가 도착했습니다!! 마음함을 확인해보세요!', 1, '2024-05-17 23:04:34', '127.0.0.1', '2024-05-19 22:02:10', '118.235.11.92', 10),
	(482, 1, '영펭귄', '"띵동!" 새로운 메시지가 도착했습니다!! 마음함을 확인해보세요!', 1, '2024-05-17 23:04:42', '127.0.0.1', '2024-05-19 22:02:10', '118.235.11.92', 10),
	(483, 1, '영펭귄', '"띵동!" 새로운 메시지가 도착했습니다!! \n마음함을 확인해보세요!', 1, '2024-05-17 23:05:27', '127.0.0.1', '2024-05-19 22:02:10', '118.235.11.92', 10),
	(484, 12, '영펭귄', '"띵동!" 새로운 메시지가 도착했습니다!! \n마음함을 확인해보세요!', 1, '2024-05-17 23:05:31', '127.0.0.1', '2024-05-19 21:43:51', '172.226.94.32', 10),
	(485, 12, '영펭귄', '"띵동!" 새로운 메시지가 도착했습니다!! \n마음함을 확인해보세요!', 1, '2024-05-17 23:05:47', '127.0.0.1', '2024-05-19 21:43:51', '172.226.94.32', 10),
	(486, 1, '영펭귄', '"띵동!" 새로운 메시지가 도착했습니다!! \n마음함을 확인해보세요!', 1, '2024-05-17 23:05:56', '127.0.0.1', '2024-05-19 22:02:10', '118.235.11.92', 10),
	(487, 10, '히원이얌펭귄', '"띵동!" 새로운 메시지가 도착했습니다!! \n마음함을 확인해보세요!', 1, '2024-05-17 23:11:24', '172.226.95.41', '2024-05-19 22:28:54', '223.62.148.153', 12),
	(488, 12, '영펭귄', '"띵동!" 새로운 메시지가 도착했습니다!! \n마음함을 확인해보세요!', 1, '2024-05-17 23:12:18', '223.62.147.201', '2024-05-19 21:43:51', '172.226.94.32', 10),
	(489, 81, '영펭귄', '"꾸욱" 당신의 소식을 궁금해하는 펭귄이 있어요!', 1, '2024-05-17 23:27:36', '223.62.147.230', '2024-05-19 15:23:58', '122.43.138.244', 10),
	(490, 81, '영펭귄', '"띵동!" 새로운 메시지가 도착했습니다!! \n마음함을 확인해보세요!', 1, '2024-05-17 23:28:04', '223.62.147.230', '2024-05-19 15:23:58', '122.43.138.244', 10),
	(491, 81, '영펭귄', '"꾸욱" 당신의 소식을 궁금해하는 펭귄이 있어요!', 1, '2024-05-17 23:31:06', '223.62.147.245', '2024-05-19 15:23:58', '122.43.138.244', 10),
	(492, 81, '영펭귄', '"꾸욱" 당신의 소식을 궁금해하는 펭귄이 있어요!', 1, '2024-05-17 23:31:08', '223.62.147.245', '2024-05-19 15:23:58', '122.43.138.244', 10),
	(493, 81, '영펭귄', '"띵동!" 새로운 메시지가 도착했습니다!! \n마음함을 확인해보세요!', 1, '2024-05-17 23:31:15', '223.62.147.45', '2024-05-19 15:23:58', '122.43.138.244', 10),
	(494, 81, '영펭귄', '"띵동!" 새로운 메시지가 도착했습니다!! \n마음함을 확인해보세요!', 1, '2024-05-17 23:32:08', '223.62.147.88', '2024-05-19 15:23:58', '122.43.138.244', 10),
	(495, 81, '신영한펭귄', '"꾸욱" 당신의 소식을 궁금해하는 펭귄이 있어요!', 1, '2024-05-17 23:49:43', '223.62.148.74', '2024-05-19 15:23:58', '122.43.138.244', 10),
	(496, 12, '신영한펭귄', '"꾸욱" 당신의 소식을 궁금해하는 펭귄이 있어요!', 1, '2024-05-17 23:49:50', '223.62.148.74', '2024-05-19 21:43:51', '172.226.94.32', 10),
	(497, 1, '신영한펭귄', '"꾸욱" 당신의 소식을 궁금해하는 펭귄이 있어요!', 1, '2024-05-18 00:01:41', '223.62.147.49', '2024-05-19 22:02:10', '118.235.11.92', 10),
	(498, 12, '신영한펭귄', '"꾸욱" 당신의 소식을 궁금해하는 펭귄이 있어요!', 1, '2024-05-18 00:01:49', '223.62.148.235', '2024-05-19 21:43:51', '172.226.94.32', 10),
	(499, 81, '신영한펭귄', '"꾸욱" 당신의 소식을 궁금해하는 펭귄이 있어요!', 1, '2024-05-18 00:14:21', '223.62.147.205', '2024-05-19 15:23:57', '122.43.138.244', 10),
	(500, 81, '신영한펭귄', '"꾸욱" 당신의 소식을 궁금해하는 펭귄이 있어요!', 1, '2024-05-18 00:14:27', '223.62.147.205', '2024-05-19 15:23:57', '122.43.138.244', 10),
	(501, 81, '신영한펭귄', '"띵동!" 새로운 메시지가 도착했습니다!! \n마음함을 확인해보세요!', 1, '2024-05-18 00:14:40', '223.62.147.205', '2024-05-19 15:23:57', '122.43.138.244', 10),
	(502, 10, '지윤이다펭귄', '"우와!" 내 소식에 반응이 달렸어요!! \n 확인해 볼까요?', 1, '2024-05-18 00:21:46', '127.0.0.1', '2024-05-19 22:28:54', '223.62.148.153', 1),
	(503, 10, '지윤이다펭귄', '"우와!" 내 소식에 반응이 달렸어요!! \n 확인해 볼까요?', 1, '2024-05-18 00:22:05', '127.0.0.1', '2024-05-19 22:28:54', '223.62.148.153', 1),
	(504, 10, '지윤이다펭귄', '"우와!" 내 소식에 반응이 달렸어요!! \n 확인해 볼까요?', 1, '2024-05-18 00:22:11', '127.0.0.1', '2024-05-19 22:28:54', '223.62.148.153', 1),
	(505, 10, '지윤이다펭귄', '"우와!" 내 소식에 반응이 달렸어요!! \n 확인해 볼까요?', 1, '2024-05-18 00:22:51', '127.0.0.1', '2024-05-19 22:28:53', '223.62.148.153', 1),
	(506, 10, '지윤이다펭귄', '"우와!" 내 소식에 반응이 달렸어요!! \n 확인해 볼까요?', 1, '2024-05-18 00:22:59', '127.0.0.1', '2024-05-19 22:28:53', '223.62.148.153', 1),
	(507, 10, '지윤이다펭귄', '"우와!" 내 소식에 반응이 달렸어요!! \n 확인해 볼까요?', 1, '2024-05-18 00:23:03', '127.0.0.1', '2024-05-19 22:28:53', '223.62.148.153', 1),
	(508, 10, '신영한펭귄', '"우와!" 내 소식에 반응이 달렸어요!! \n 확인해 볼까요?', 1, '2024-05-18 02:34:49', '211.194.200.29', '2024-05-19 22:28:53', '223.62.148.153', 10),
	(509, 10, '신영한펭귄', '"우와!" 내 소식에 반응이 달렸어요!! \n 확인해 볼까요?', 1, '2024-05-18 02:35:24', '211.194.200.29', '2024-05-19 22:28:53', '223.62.148.153', 10),
	(510, 12, '신영한펭귄', '"우와!" 내 소식에 반응이 달렸어요!! \n 확인해 볼까요?', 1, '2024-05-18 11:42:40', '211.194.200.29', '2024-05-19 21:41:08', '172.226.94.32', 10),
	(511, 81, '신영한펭귄', '"띵동!" 새로운 메시지가 도착했습니다!! \n마음함을 확인해보세요!', 1, '2024-05-18 11:45:05', '211.194.200.29', '2024-05-19 15:23:57', '122.43.138.244', 10),
	(512, 10, '이희웅펭귄', '"띵동!" 새로운 메시지가 도착했습니다!! \n마음함을 확인해보세요!', 1, '2024-05-18 11:46:36', '122.43.138.244', '2024-05-19 22:28:53', '223.62.148.153', 81),
	(513, 81, '신영한펭귄', '"띵동!" 새로운 메시지가 도착했습니다!! \n마음함을 확인해보세요!', 1, '2024-05-18 11:49:00', '211.194.200.29', '2024-05-19 15:23:57', '122.43.138.244', 10),
	(514, 12, '지윤이다펭귄', '"꾸욱" 당신의 소식을 궁금해하는 펭귄이 있어요!', 1, '2024-05-18 12:10:19', '210.105.105.199', '2024-05-19 21:41:08', '172.226.94.32', 1),
	(515, 12, '지윤이다펭귄', '"꾸욱" 당신의 소식을 궁금해하는 펭귄이 있어요!', 1, '2024-05-18 12:10:26', '210.105.105.199', '2024-05-19 21:41:08', '172.226.94.32', 1),
	(516, 12, '지윤이다펭귄', '"띵동!" 새로운 메시지가 도착했습니다!! \n마음함을 확인해보세요!', 1, '2024-05-18 12:10:55', '210.105.105.199', '2024-05-19 21:41:08', '172.226.94.32', 1),
	(517, 3, '지윤이다펭귄', '"짜잔!" 새로운 소식이 등록되었어요!! 보러 가볼까요?', 0, '2024-05-18 12:11:24', '210.105.105.199', '2024-05-18 12:11:24', '210.105.105.199', 1),
	(518, 4, '지윤이다펭귄', '"짜잔!" 새로운 소식이 등록되었어요!! 보러 가볼까요?', 0, '2024-05-18 12:11:24', '210.105.105.199', '2024-05-18 12:11:24', '210.105.105.199', 1),
	(519, 10, '지윤이다펭귄', '"짜잔!" 새로운 소식이 등록되었어요!! 보러 가볼까요?', 1, '2024-05-18 12:11:24', '210.105.105.199', '2024-05-19 22:28:53', '223.62.148.153', 1),
	(520, 12, '지윤이다펭귄', '"짜잔!" 새로운 소식이 등록되었어요!! 보러 가볼까요?', 1, '2024-05-18 12:11:24', '210.105.105.199', '2024-05-19 21:41:08', '172.226.94.32', 1),
	(521, 81, '지윤이다펭귄', '"짜잔!" 새로운 소식이 등록되었어요!! 보러 가볼까요?', 1, '2024-05-18 12:11:24', '210.105.105.199', '2024-05-19 15:23:57', '122.43.138.244', 1),
	(522, 1, '신영한펭귄', '"짜잔!" 새로운 소식이 등록되었어요!! 보러 가볼까요?', 1, '2024-05-18 12:12:08', '211.194.200.29', '2024-05-19 22:02:09', '118.235.11.92', 10),
	(523, 3, '신영한펭귄', '"짜잔!" 새로운 소식이 등록되었어요!! 보러 가볼까요?', 0, '2024-05-18 12:12:08', '211.194.200.29', '2024-05-18 12:12:08', '211.194.200.29', 10),
	(524, 4, '신영한펭귄', '"짜잔!" 새로운 소식이 등록되었어요!! 보러 가볼까요?', 1, '2024-05-18 12:12:08', '211.194.200.29', '2024-05-19 21:54:04', '118.45.109.139', 10),
	(525, 12, '신영한펭귄', '"짜잔!" 새로운 소식이 등록되었어요!! 보러 가볼까요?', 1, '2024-05-18 12:12:08', '211.194.200.29', '2024-05-19 21:41:07', '172.226.94.32', 10),
	(526, 81, '신영한펭귄', '"짜잔!" 새로운 소식이 등록되었어요!! 보러 가볼까요?', 1, '2024-05-18 12:12:08', '211.194.200.29', '2024-05-19 15:23:57', '122.43.138.244', 10),
	(527, 1, '신영한펭귄', '"우와!" 내 소식에 반응이 달렸어요!! \n 확인해 볼까요?', 1, '2024-05-18 12:12:25', '211.194.200.29', '2024-05-19 22:02:09', '118.235.11.92', 10),
	(528, 81, '신영한펭귄', '"꾸욱" 당신의 소식을 궁금해하는 펭귄이 있어요!', 1, '2024-05-18 12:20:01', '211.194.200.29', '2024-05-19 15:23:57', '122.43.138.244', 10),
	(536, 10, '히원이얌펭귄', '"꾸욱" 당신의 소식을 궁금해하는 펭귄이 있어요!', 1, '2024-05-18 15:18:20', '172.225.52.226', '2024-05-19 22:28:53', '223.62.148.153', 12),
	(537, 10, '히원이얌펭귄', '"꾸욱" 당신의 소식을 궁금해하는 펭귄이 있어요!', 1, '2024-05-18 15:18:27', '172.225.52.226', '2024-05-19 22:28:53', '223.62.148.153', 12),
	(538, 81, '신영한펭귄', '"꾸욱" 당신의 소식을 궁금해하는 펭귄이 있어요!', 1, '2024-05-18 15:31:26', '223.62.147.116', '2024-05-19 15:23:57', '122.43.138.244', 10),
	(539, 81, '신영한펭귄', '"짜잔!" 새로운 소식이 등록되었어요!! 보러 가볼까요?', 1, '2024-05-18 16:21:44', '223.62.147.158', '2024-05-19 15:23:57', '122.43.138.244', 10),
	(540, 81, '신영한펭귄', '"짜잔!" 새로운 소식이 등록되었어요!! 보러 가볼까요?', 1, '2024-05-18 16:22:03', '223.62.147.158', '2024-05-19 15:23:57', '122.43.138.244', 10),
	(541, 81, '신영한펭귄', '"짜잔!" 새로운 소식이 등록되었어요!! 보러 가볼까요?', 1, '2024-05-18 16:22:14', '223.62.147.158', '2024-05-19 15:23:57', '122.43.138.244', 10),
	(542, 81, '신영한펭귄', '"짜잔!" 새로운 소식이 등록되었어요!! 보러 가볼까요?', 1, '2024-05-18 16:22:22', '223.62.147.158', '2024-05-19 15:23:57', '122.43.138.244', 10),
	(543, 81, '신영한펭귄', '"레벨 업!" 민들레가 성장했어요!! \n 더 많은 소통 기대할게요!', 1, '2024-05-18 16:23:14', '127.0.0.1', '2024-05-19 15:23:57', '122.43.138.244', 10),
	(544, 81, '신영한펭귄', '"짜잔!" 새로운 소식이 등록되었어요!! 보러 가볼까요?', 1, '2024-05-18 16:25:08', '223.62.148.84', '2024-05-19 15:23:57', '122.43.138.244', 10),
	(545, 81, '신영한펭귄', '"짜잔!" 새로운 소식이 등록되었어요!! 보러 가볼까요?', 1, '2024-05-18 16:25:17', '223.62.148.84', '2024-05-19 15:23:56', '122.43.138.244', 10),
	(546, 81, '신영한펭귄', '"짜잔!" 새로운 소식이 등록되었어요!! 보러 가볼까요?', 1, '2024-05-18 16:25:26', '223.62.148.135', '2024-05-19 15:23:56', '122.43.138.244', 10),
	(547, 81, '신영한펭귄', '"짜잔!" 새로운 소식이 등록되었어요!! 보러 가볼까요?', 1, '2024-05-18 16:25:34', '223.62.147.169', '2024-05-19 15:23:56', '122.43.138.244', 10),
	(548, 81, '신영한펭귄', '"레벨 업!" 민들레가 성장했어요!! \n 더 많은 소통 기대할게요!', 1, '2024-05-18 16:25:52', '127.0.0.1', '2024-05-19 15:23:56', '122.43.138.244', 10),
	(549, 10, '이희웅펭귄', '"띵동!" 새로운 메시지가 도착했습니다!! \n마음함을 확인해보세요!', 1, '2024-05-18 16:45:16', '116.36.40.48', '2024-05-19 22:28:53', '223.62.148.153', 81),
	(550, 10, '이희웅펭귄', '"띵동!" 새로운 메시지가 도착했습니다!! \n마음함을 확인해보세요!', 1, '2024-05-18 16:45:36', '116.36.40.48', '2024-05-19 22:28:53', '223.62.148.153', 81),
	(551, 10, '이희웅펭귄', '"우와!" 내 소식에 반응이 달렸어요!! \n 확인해 볼까요?', 1, '2024-05-18 17:14:17', '116.36.40.48', '2024-05-19 22:28:53', '223.62.148.153', 81),
	(552, 81, '신영한펭귄', '"꾸욱" 당신의 소식을 궁금해하는 펭귄이 있어요!', 1, '2024-05-18 17:31:19', '223.62.147.253', '2024-05-19 15:23:56', '122.43.138.244', 10),
	(553, 81, '신영한펭귄', '"꾸욱" 당신의 소식을 궁금해하는 펭귄이 있어요!', 1, '2024-05-18 17:31:35', '223.62.148.198', '2024-05-19 15:23:56', '122.43.138.244', 10),
	(554, 1, '신영한펭귄', '"꾸욱" 당신의 소식을 궁금해하는 펭귄이 있어요!', 1, '2024-05-18 17:55:08', '223.62.147.152', '2024-05-19 22:02:09', '118.235.11.92', 10),
	(555, 1, '신영한펭귄', '"꾸욱" 당신의 소식을 궁금해하는 펭귄이 있어요!', 1, '2024-05-18 17:55:11', '223.62.147.152', '2024-05-19 22:02:09', '118.235.11.92', 10),
	(556, 12, '승현이펭귄', '"꾸욱" 당신의 소식을 궁금해하는 펭귄이 있어요!', 1, '2024-05-18 19:06:48', '59.24.182.111', '2024-05-19 21:41:07', '172.226.94.32', 3),
	(557, 12, '승현이펭귄', '"꾸욱" 당신의 소식을 궁금해하는 펭귄이 있어요!', 1, '2024-05-18 19:06:49', '59.24.182.111', '2024-05-19 21:41:07', '172.226.94.32', 3),
	(558, 12, '승현이펭귄', '"꾸욱" 당신의 소식을 궁금해하는 펭귄이 있어요!', 1, '2024-05-18 19:06:50', '59.24.182.111', '2024-05-19 21:41:07', '172.226.94.32', 3),
	(559, 81, '신영한펭귄', '"꾸욱" 당신의 소식을 궁금해하는 펭귄이 있어요!', 1, '2024-05-18 20:12:30', '223.62.148.157', '2024-05-19 15:23:56', '122.43.138.244', 10),
	(560, 81, '신영한펭귄', '"띵동!" 새로운 메시지가 도착했습니다!! \n마음함을 확인해보세요!', 1, '2024-05-18 20:12:38', '223.62.147.153', '2024-05-19 15:23:56', '122.43.138.244', 10),
	(561, 12, '승현이펭귄', '"꾸욱" 당신의 소식을 궁금해하는 펭귄이 있어요!', 1, '2024-05-18 20:51:48', '59.24.182.111', '2024-05-19 21:41:07', '172.226.94.32', 3),
	(562, 12, '승현이펭귄', '"꾸욱" 당신의 소식을 궁금해하는 펭귄이 있어요!', 1, '2024-05-18 20:51:48', '59.24.182.111', '2024-05-19 21:41:07', '172.226.94.32', 3),
	(563, 12, '승현이펭귄', '"꾸욱" 당신의 소식을 궁금해하는 펭귄이 있어요!', 1, '2024-05-18 20:51:49', '59.24.182.111', '2024-05-19 21:41:07', '172.226.94.32', 3),
	(564, 12, '승현이펭귄', '"꾸욱" 당신의 소식을 궁금해하는 펭귄이 있어요!', 1, '2024-05-18 20:51:50', '59.24.182.111', '2024-05-19 21:41:07', '172.226.94.32', 3),
	(565, 12, '승현이펭귄', '"꾸욱" 당신의 소식을 궁금해하는 펭귄이 있어요!', 1, '2024-05-18 20:51:51', '59.24.182.111', '2024-05-19 21:41:07', '172.226.94.32', 3),
	(566, 12, '승현이펭귄', '"꾸욱" 당신의 소식을 궁금해하는 펭귄이 있어요!', 1, '2024-05-18 20:51:52', '59.24.182.111', '2024-05-19 21:41:07', '172.226.94.32', 3),
	(567, 12, '승현이펭귄', '"꾸욱" 당신의 소식을 궁금해하는 펭귄이 있어요!', 1, '2024-05-18 20:51:54', '59.24.182.111', '2024-05-19 21:41:06', '172.226.94.32', 3),
	(568, 12, '승현이펭귄', '"꾸욱" 당신의 소식을 궁금해하는 펭귄이 있어요!', 1, '2024-05-18 20:51:55', '59.24.182.111', '2024-05-19 21:41:06', '172.226.94.32', 3),
	(569, 3, '지윤이다펭귄', '"짜잔!" 새로운 소식이 등록되었어요!! 보러 가볼까요?', 0, '2024-05-18 21:19:30', '39.7.28.193', '2024-05-18 21:19:30', '39.7.28.193', 1),
	(570, 4, '지윤이다펭귄', '"짜잔!" 새로운 소식이 등록되었어요!! 보러 가볼까요?', 1, '2024-05-18 21:19:30', '39.7.28.193', '2024-05-19 21:54:04', '118.45.109.139', 1),
	(571, 10, '지윤이다펭귄', '"짜잔!" 새로운 소식이 등록되었어요!! 보러 가볼까요?', 1, '2024-05-18 21:19:30', '39.7.28.193', '2024-05-19 22:28:53', '223.62.148.153', 1),
	(572, 12, '지윤이다펭귄', '"짜잔!" 새로운 소식이 등록되었어요!! 보러 가볼까요?', 1, '2024-05-18 21:19:30', '39.7.28.193', '2024-05-19 21:41:06', '172.226.94.32', 1),
	(573, 81, '지윤이다펭귄', '"짜잔!" 새로운 소식이 등록되었어요!! 보러 가볼까요?', 1, '2024-05-18 21:19:30', '39.7.28.193', '2024-05-19 15:23:56', '122.43.138.244', 1),
	(574, 10, '지윤이다펭귄', '"우와!" 내 소식에 반응이 달렸어요!! \n 확인해 볼까요?', 1, '2024-05-18 21:19:54', '39.7.28.193', '2024-05-19 22:28:53', '223.62.148.153', 1),
	(575, 10, '지윤이다펭귄', '"우와!" 내 소식에 반응이 달렸어요!! \n 확인해 볼까요?', 1, '2024-05-18 21:23:21', '39.7.28.193', '2024-05-19 22:28:53', '223.62.148.153', 1),
	(576, 81, '지윤이다펭귄', '"꾸욱" 당신의 소식을 궁금해하는 펭귄이 있어요!', 1, '2024-05-18 21:50:40', '39.7.28.193', '2024-05-19 15:23:56', '122.43.138.244', 1),
	(577, 81, '신영한펭귄', '"꾸욱" 당신의 소식을 궁금해하는 펭귄이 있어요!', 1, '2024-05-18 23:14:23', '223.62.148.101', '2024-05-19 15:23:55', '122.43.138.244', 10),
	(578, 81, '신영한펭귄', '"꾸욱" 당신의 소식을 궁금해하는 펭귄이 있어요!', 1, '2024-05-19 00:32:28', '211.194.200.29', '2024-05-19 15:23:55', '122.43.138.244', 10),
	(579, 81, '신영한펭귄', '"꾸욱" 당신의 소식을 궁금해하는 펭귄이 있어요!', 1, '2024-05-19 01:07:11', '223.62.148.177', '2024-05-19 15:23:55', '122.43.138.244', 10),
	(580, 10, '이희웅펭귄', '"띵동!" 새로운 메시지가 도착했습니다!! \n마음함을 확인해보세요!', 1, '2024-05-19 01:07:33', '122.43.138.244', '2024-05-19 22:28:42', '223.62.148.153', 81),
	(581, 10, '이희웅펭귄', '"꾸욱" 당신의 소식을 궁금해하는 펭귄이 있어요!', 1, '2024-05-19 01:07:36', '122.43.138.244', '2024-05-19 22:28:42', '223.62.148.153', 81),
	(582, 10, '이희웅펭귄', '"꾸욱" 당신의 소식을 궁금해하는 펭귄이 있어요!', 1, '2024-05-19 01:07:37', '122.43.138.244', '2024-05-19 22:28:42', '223.62.148.153', 81),
	(583, 81, '신영한펭귄', '"띵동!" 새로운 메시지가 도착했습니다!! \n마음함을 확인해보세요!', 1, '2024-05-19 01:09:27', '211.194.200.29', '2024-05-19 15:23:55', '122.43.138.244', 10),
	(584, 81, '신영한펭귄', '"꾸욱" 당신의 소식을 궁금해하는 펭귄이 있어요!', 1, '2024-05-19 01:17:34', '223.62.147.169', '2024-05-19 15:23:55', '122.43.138.244', 10),
	(585, 1, '승현이펭귄', '"짜잔!" 새로운 소식이 등록되었어요!! 보러 가볼까요?', 1, '2024-05-19 01:30:53', '118.235.82.229', '2024-05-19 22:02:09', '118.235.11.92', 3),
	(586, 4, '승현이펭귄', '"짜잔!" 새로운 소식이 등록되었어요!! 보러 가볼까요?', 1, '2024-05-19 01:30:53', '118.235.82.229', '2024-05-19 21:54:04', '118.45.109.139', 3),
	(587, 10, '승현이펭귄', '"짜잔!" 새로운 소식이 등록되었어요!! 보러 가볼까요?', 1, '2024-05-19 01:30:53', '118.235.82.229', '2024-05-19 22:28:42', '223.62.148.153', 3),
	(588, 12, '승현이펭귄', '"짜잔!" 새로운 소식이 등록되었어요!! 보러 가볼까요?', 1, '2024-05-19 01:30:53', '118.235.82.229', '2024-05-19 21:41:06', '172.226.94.32', 3),
	(589, 81, '승현이펭귄', '"짜잔!" 새로운 소식이 등록되었어요!! 보러 가볼까요?', 1, '2024-05-19 01:30:53', '118.235.82.229', '2024-05-19 15:23:53', '122.43.138.244', 3),
	(590, 12, '승현이펭귄', '"꾸욱" 당신의 소식을 궁금해하는 펭귄이 있어요!', 1, '2024-05-19 01:31:06', '118.235.82.229', '2024-05-19 21:41:06', '172.226.94.32', 3),
	(591, 12, '승현이펭귄', '"꾸욱" 당신의 소식을 궁금해하는 펭귄이 있어요!', 1, '2024-05-19 01:31:06', '118.235.82.229', '2024-05-19 21:41:06', '172.226.94.32', 3),
	(592, 12, '승현이펭귄', '"꾸욱" 당신의 소식을 궁금해하는 펭귄이 있어요!', 1, '2024-05-19 01:31:07', '118.235.82.229', '2024-05-19 21:41:06', '172.226.94.32', 3),
	(593, 12, '승현이펭귄', '"꾸욱" 당신의 소식을 궁금해하는 펭귄이 있어요!', 1, '2024-05-19 01:31:08', '118.235.82.229', '2024-05-19 21:41:06', '172.226.94.32', 3),
	(594, 10, '승현이펭귄', '"꾸욱" 당신의 소식을 궁금해하는 펭귄이 있어요!', 1, '2024-05-19 01:31:13', '118.235.82.229', '2024-05-19 22:28:42', '223.62.148.153', 3),
	(595, 10, '승현이펭귄', '"꾸욱" 당신의 소식을 궁금해하는 펭귄이 있어요!', 1, '2024-05-19 01:31:14', '118.235.82.229', '2024-05-19 21:56:29', '223.62.148.153', 3),
	(596, 10, '승현이펭귄', '"꾸욱" 당신의 소식을 궁금해하는 펭귄이 있어요!', 1, '2024-05-19 01:31:15', '118.235.82.229', '2024-05-19 21:56:29', '223.62.148.153', 3),
	(597, 3, '신영한펭귄', '"우와!" 내 소식에 반응이 달렸어요!! \n 확인해 볼까요?', 0, '2024-05-19 01:31:30', '223.62.147.108', '2024-05-19 01:31:30', '223.62.147.108', 10),
	(598, 3, '신영한펭귄', '"꾸욱" 당신의 소식을 궁금해하는 펭귄이 있어요!', 0, '2024-05-19 01:31:38', '223.62.147.108', '2024-05-19 01:31:38', '223.62.147.108', 10),
	(599, 12, '승현이펭귄', '"꾸욱" 당신의 소식을 궁금해하는 펭귄이 있어요!', 1, '2024-05-19 01:32:26', '118.235.82.195', '2024-05-19 21:41:06', '172.226.94.32', 3),
	(600, 12, '승현이펭귄', '"꾸욱" 당신의 소식을 궁금해하는 펭귄이 있어요!', 1, '2024-05-19 01:32:28', '118.235.82.195', '2024-05-19 21:41:06', '172.226.94.32', 3),
	(601, 12, '승현이펭귄', '"꾸욱" 당신의 소식을 궁금해하는 펭귄이 있어요!', 1, '2024-05-19 01:32:29', '118.235.82.195', '2024-05-19 21:40:30', '211.224.75.195', 3),
	(602, 12, '승현이펭귄', '"꾸욱" 당신의 소식을 궁금해하는 펭귄이 있어요!', 1, '2024-05-19 01:32:30', '118.235.82.195', '2024-05-19 21:40:30', '211.224.75.195', 3),
	(603, 12, '승현이펭귄', '"꾸욱" 당신의 소식을 궁금해하는 펭귄이 있어요!', 1, '2024-05-19 01:32:30', '118.235.82.195', '2024-05-19 21:40:30', '211.224.75.195', 3),
	(604, 12, '승현이펭귄', '"꾸욱" 당신의 소식을 궁금해하는 펭귄이 있어요!', 1, '2024-05-19 01:32:31', '118.235.82.195', '2024-05-19 21:40:27', '211.224.75.195', 3),
	(605, 12, '승현이펭귄', '"꾸욱" 당신의 소식을 궁금해하는 펭귄이 있어요!', 1, '2024-05-19 01:32:31', '118.235.82.195', '2024-05-19 21:40:30', '211.224.75.195', 3),
	(606, 12, '승현이펭귄', '"꾸욱" 당신의 소식을 궁금해하는 펭귄이 있어요!', 1, '2024-05-19 01:32:31', '118.235.82.195', '2024-05-19 21:40:30', '211.224.75.195', 3),
	(607, 12, '승현이펭귄', '"꾸욱" 당신의 소식을 궁금해하는 펭귄이 있어요!', 1, '2024-05-19 01:32:32', '118.235.82.195', '2024-05-19 21:40:27', '211.224.75.195', 3),
	(608, 12, '승현이펭귄', '"꾸욱" 당신의 소식을 궁금해하는 펭귄이 있어요!', 1, '2024-05-19 01:32:32', '118.235.82.195', '2024-05-19 21:40:27', '211.224.75.195', 3),
	(609, 12, '승현이펭귄', '"꾸욱" 당신의 소식을 궁금해하는 펭귄이 있어요!', 1, '2024-05-19 01:32:32', '118.235.82.195', '2024-05-19 21:40:27', '211.224.75.195', 3),
	(610, 12, '승현이펭귄', '"꾸욱" 당신의 소식을 궁금해하는 펭귄이 있어요!', 1, '2024-05-19 01:32:33', '118.235.82.195', '2024-05-19 21:40:27', '211.224.75.195', 3),
	(611, 1, '승현이펭귄', '"꾸욱" 당신의 소식을 궁금해하는 펭귄이 있어요!', 1, '2024-05-19 01:32:40', '118.235.83.181', '2024-05-19 22:02:08', '118.235.11.92', 3),
	(612, 1, '승현이펭귄', '"꾸욱" 당신의 소식을 궁금해하는 펭귄이 있어요!', 1, '2024-05-19 01:32:40', '118.235.83.181', '2024-05-19 22:02:08', '118.235.11.92', 3),
	(613, 1, '승현이펭귄', '"꾸욱" 당신의 소식을 궁금해하는 펭귄이 있어요!', 1, '2024-05-19 01:32:40', '118.235.83.181', '2024-05-19 22:02:08', '118.235.11.92', 3),
	(614, 1, '승현이펭귄', '"꾸욱" 당신의 소식을 궁금해하는 펭귄이 있어요!', 1, '2024-05-19 01:32:41', '118.235.83.181', '2024-05-19 22:02:08', '118.235.11.92', 3),
	(615, 1, '승현이펭귄', '"꾸욱" 당신의 소식을 궁금해하는 펭귄이 있어요!', 1, '2024-05-19 01:32:41', '118.235.83.181', '2024-05-19 22:02:08', '118.235.11.92', 3),
	(616, 1, '승현이펭귄', '"꾸욱" 당신의 소식을 궁금해하는 펭귄이 있어요!', 1, '2024-05-19 01:32:41', '118.235.83.181', '2024-05-19 22:02:08', '118.235.11.92', 3),
	(617, 1, '승현이펭귄', '"꾸욱" 당신의 소식을 궁금해하는 펭귄이 있어요!', 1, '2024-05-19 01:32:42', '118.235.83.181', '2024-05-19 22:02:08', '118.235.11.92', 3),
	(618, 1, '승현이펭귄', '"꾸욱" 당신의 소식을 궁금해하는 펭귄이 있어요!', 1, '2024-05-19 01:32:42', '118.235.83.181', '2024-05-19 22:02:08', '118.235.11.92', 3),
	(619, 1, '승현이펭귄', '"꾸욱" 당신의 소식을 궁금해하는 펭귄이 있어요!', 1, '2024-05-19 01:32:43', '118.235.83.181', '2024-05-19 22:02:08', '118.235.11.92', 3),
	(620, 1, '승현이펭귄', '"꾸욱" 당신의 소식을 궁금해하는 펭귄이 있어요!', 1, '2024-05-19 01:32:44', '118.235.83.181', '2024-05-19 22:02:07', '118.235.11.92', 3),
	(621, 1, '승현이펭귄', '"꾸욱" 당신의 소식을 궁금해하는 펭귄이 있어요!', 1, '2024-05-19 01:32:44', '118.235.83.181', '2024-05-19 22:02:08', '118.235.11.92', 3),
	(622, 1, '승현이펭귄', '"꾸욱" 당신의 소식을 궁금해하는 펭귄이 있어요!', 1, '2024-05-19 01:32:45', '118.235.83.181', '2024-05-19 21:43:59', '118.235.11.92', 3),
	(623, 1, '승현이펭귄', '"꾸욱" 당신의 소식을 궁금해하는 펭귄이 있어요!', 1, '2024-05-19 01:32:45', '118.235.83.181', '2024-05-19 21:43:59', '118.235.11.92', 3),
	(624, 1, '승현이펭귄', '"꾸욱" 당신의 소식을 궁금해하는 펭귄이 있어요!', 1, '2024-05-19 01:32:45', '118.235.83.181', '2024-05-19 21:43:59', '118.235.11.92', 3),
	(625, 3, '신영한펭귄', '"우와!" 내 소식에 반응이 달렸어요!! \n 확인해 볼까요?', 0, '2024-05-19 01:41:42', '223.62.148.242', '2024-05-19 01:41:42', '223.62.148.242', 10),
	(626, 81, '신영한펭귄', '"꾸욱" 당신의 소식을 궁금해하는 펭귄이 있어요!', 1, '2024-05-19 03:29:34', '223.62.148.150', '2024-05-19 15:23:53', '122.43.138.244', 10),
	(627, 10, '이희웅펭귄', '"띵동!" 새로운 메시지가 도착했습니다!! \n마음함을 확인해보세요!', 1, '2024-05-19 10:27:12', '122.43.138.244', '2024-05-19 21:56:29', '223.62.148.153', 81),
	(628, 81, '신영한펭귄', '"꾸욱" 당신의 소식을 궁금해하는 펭귄이 있어요!', 1, '2024-05-19 12:34:18', '211.194.200.29', '2024-05-19 14:56:15', '122.43.138.244', 10),
	(629, 81, '신영한펭귄', '"띵동!" 새로운 메시지가 도착했습니다!! \n마음함을 확인해보세요!', 1, '2024-05-19 12:34:28', '211.194.200.29', '2024-05-19 14:56:15', '122.43.138.244', 10),
	(630, 10, '이희웅펭귄', '"꾸욱" 당신의 소식을 궁금해하는 펭귄이 있어요!', 1, '2024-05-19 13:13:17', '127.0.0.1', '2024-05-19 21:56:29', '223.62.148.153', 81),
	(631, 81, '신영한펭귄', '"짜잔!" 새로운 소식이 등록되었어요!! 보러 가볼까요?', 1, '2024-05-19 13:35:31', '211.194.200.29', '2024-05-19 14:56:15', '122.43.138.244', 10),
	(632, 10, '이희웅펭귄', '"꾸욱" 당신의 소식을 궁금해하는 펭귄이 있어요!', 1, '2024-05-19 13:36:25', '106.101.129.74', '2024-05-19 21:56:29', '223.62.148.153', 81),
	(633, 10, '이희웅펭귄', '"짜잔!" 새로운 소식이 등록되었어요!! 보러 가볼까요?', 1, '2024-05-19 13:36:52', '106.101.129.74', '2024-05-19 21:56:28', '223.62.148.153', 81),
	(634, 10, '이희웅펭귄', '"띵동!" 새로운 메시지가 도착했습니다!! \n마음함을 확인해보세요!', 1, '2024-05-19 13:37:12', '106.101.129.74', '2024-05-19 21:56:28', '223.62.148.153', 81),
	(635, 10, '이희웅펭귄', '"우와!" 내 소식에 반응이 달렸어요!! \n 확인해 볼까요?', 1, '2024-05-19 13:37:53', '106.101.129.74', '2024-05-19 21:56:28', '223.62.148.153', 81),
	(636, 10, '이희웅펭귄', '"우와!" 내 소식에 반응이 달렸어요!! \n 확인해 볼까요?', 1, '2024-05-19 13:38:07', '106.101.129.74', '2024-05-19 21:56:28', '223.62.148.153', 81),
	(640, 10, '히원이얌펭귄', '"꾸욱" 당신의 소식을 궁금해하는 펭귄이 있어요!', 1, '2024-05-19 17:21:49', '172.225.52.219', '2024-05-19 21:56:28', '223.62.148.153', 12),
	(641, 10, '히원이얌펭귄', '"꾸욱" 당신의 소식을 궁금해하는 펭귄이 있어요!', 1, '2024-05-19 17:21:50', '172.225.52.219', '2024-05-19 21:56:27', '223.62.148.153', 12),
	(642, 10, '히원이얌펭귄', '"꾸욱" 당신의 소식을 궁금해하는 펭귄이 있어요!', 1, '2024-05-19 17:21:50', '172.225.52.219', '2024-05-19 21:56:27', '223.62.148.153', 12),
	(643, 10, '히원이얌펭귄', '"꾸욱" 당신의 소식을 궁금해하는 펭귄이 있어요!', 1, '2024-05-19 17:21:51', '172.225.52.219', '2024-05-19 21:56:27', '223.62.148.153', 12),
	(644, 10, '히원이얌펭귄', '"꾸욱" 당신의 소식을 궁금해하는 펭귄이 있어요!', 1, '2024-05-19 17:21:52', '172.225.52.219', '2024-05-19 21:56:27', '223.62.148.153', 12),
	(650, 10, '지윤이다펭귄', '"띵동!" 새로운 메시지가 도착했습니다!! \n마음함을 확인해보세요!', 1, '2024-05-19 17:44:36', '118.235.11.92', '2024-05-19 21:56:27', '223.62.148.153', 1),
	(651, 10, '지윤이다펭귄', '"꾸욱" 당신의 소식을 궁금해하는 펭귄이 있어요!', 1, '2024-05-19 17:44:43', '118.235.11.92', '2024-05-19 21:56:27', '223.62.148.153', 1),
	(654, 12, '쭈~펭귄', '"띵동!" 새로운 메시지가 도착했습니다!! \n마음함을 확인해보세요!', 1, '2024-05-19 17:53:19', '121.129.157.72', '2024-05-19 21:40:27', '211.224.75.195', 19),
	(661, 81, '신영한펭귄', '"꾸욱" 당신의 소식을 궁금해하는 펭귄이 있어요!', 1, '2024-05-19 17:59:39', '223.62.148.153', '2024-05-19 17:59:45', '122.43.138.244', 10),
	(662, 81, '신영한펭귄', '"꾸욱" 당신의 소식을 궁금해하는 펭귄이 있어요!', 1, '2024-05-19 17:59:41', '223.62.148.153', '2024-05-19 17:59:45', '122.43.138.244', 10),
	(663, 81, '신영한펭귄', '"꾸욱" 당신의 소식을 궁금해하는 펭귄이 있어요!', 1, '2024-05-19 17:59:43', '223.62.148.153', '2024-05-19 17:59:45', '122.43.138.244', 10),
	(664, 81, '신영한펭귄', '"꾸욱" 당신의 소식을 궁금해하는 펭귄이 있어요!', 1, '2024-05-19 17:59:44', '223.62.148.153', '2024-05-19 17:59:45', '122.43.138.244', 10),
	(665, 81, '신영한펭귄', '"꾸욱" 당신의 소식을 궁금해하는 펭귄이 있어요!', 1, '2024-05-19 17:59:46', '223.62.148.153', '2024-05-19 17:59:51', '122.43.138.244', 10),
	(666, 81, '신영한펭귄', '"꾸욱" 당신의 소식을 궁금해하는 펭귄이 있어요!', 1, '2024-05-19 17:59:58', '223.62.148.153', '2024-05-19 18:00:03', '122.43.138.244', 10),
	(667, 19, '히원이얌펭귄', '"꾸욱" 당신의 소식을 궁금해하는 펭귄이 있어요!', 0, '2024-05-19 18:01:18', '172.226.94.43', '2024-05-19 18:01:18', '172.226.94.43', 12),
	(668, 19, '히원이얌펭귄', '"꾸욱" 당신의 소식을 궁금해하는 펭귄이 있어요!', 0, '2024-05-19 18:01:40', '172.226.94.43', '2024-05-19 18:01:40', '172.226.94.43', 12),
	(669, 19, '히원이얌펭귄', '"꾸욱" 당신의 소식을 궁금해하는 펭귄이 있어요!', 0, '2024-05-19 18:01:41', '172.226.94.43', '2024-05-19 18:01:41', '172.226.94.43', 12),
	(670, 19, '히원이얌펭귄', '"꾸욱" 당신의 소식을 궁금해하는 펭귄이 있어요!', 0, '2024-05-19 18:01:42', '172.226.94.43', '2024-05-19 18:01:42', '172.226.94.43', 12),
	(671, 19, '히원이얌펭귄', '"꾸욱" 당신의 소식을 궁금해하는 펭귄이 있어요!', 0, '2024-05-19 18:01:43', '172.226.94.43', '2024-05-19 18:01:43', '172.226.94.43', 12),
	(672, 19, '히원이얌펭귄', '"꾸욱" 당신의 소식을 궁금해하는 펭귄이 있어요!', 0, '2024-05-19 18:01:43', '172.226.94.43', '2024-05-19 18:01:43', '172.226.94.43', 12),
	(673, 19, '히원이얌펭귄', '"꾸욱" 당신의 소식을 궁금해하는 펭귄이 있어요!', 0, '2024-05-19 18:01:43', '172.226.94.43', '2024-05-19 18:01:43', '172.226.94.43', 12),
	(674, 19, '히원이얌펭귄', '"꾸욱" 당신의 소식을 궁금해하는 펭귄이 있어요!', 0, '2024-05-19 18:01:44', '172.226.94.43', '2024-05-19 18:01:44', '172.226.94.43', 12),
	(675, 19, '히원이얌펭귄', '"꾸욱" 당신의 소식을 궁금해하는 펭귄이 있어요!', 0, '2024-05-19 18:01:45', '172.226.94.43', '2024-05-19 18:01:45', '172.226.94.43', 12),
	(676, 81, '히원이얌펭귄', '"꾸욱" 당신의 소식을 궁금해하는 펭귄이 있어요!', 1, '2024-05-19 18:42:39', '211.224.75.195', '2024-05-19 18:42:46', '122.43.138.244', 12),
	(677, 81, '히원이얌펭귄', '"꾸욱" 당신의 소식을 궁금해하는 펭귄이 있어요!', 1, '2024-05-19 18:42:40', '211.224.75.195', '2024-05-19 18:42:46', '122.43.138.244', 12),
	(678, 81, '히원이얌펭귄', '"꾸욱" 당신의 소식을 궁금해하는 펭귄이 있어요!', 1, '2024-05-19 18:42:41', '211.224.75.195', '2024-05-19 18:42:46', '122.43.138.244', 12),
	(679, 81, '히원이얌펭귄', '"꾸욱" 당신의 소식을 궁금해하는 펭귄이 있어요!', 1, '2024-05-19 18:42:42', '211.224.75.195', '2024-05-19 18:42:46', '122.43.138.244', 12),
	(680, 81, '히원이얌펭귄', '"꾸욱" 당신의 소식을 궁금해하는 펭귄이 있어요!', 1, '2024-05-19 18:43:56', '211.224.75.195', '2024-05-19 18:44:01', '122.43.138.244', 12),
	(681, 81, '히원이얌펭귄', '"꾸욱" 당신의 소식을 궁금해하는 펭귄이 있어요!', 1, '2024-05-19 18:43:56', '211.224.75.195', '2024-05-19 18:44:01', '122.43.138.244', 12),
	(682, 81, '히원이얌펭귄', '"띵동!" 새로운 메시지가 도착했습니다!! \n마음함을 확인해보세요!', 1, '2024-05-19 18:44:01', '211.224.75.195', '2024-05-19 18:44:04', '122.43.138.244', 12),
	(689, 1, '이희웅펭귄', '"꾸욱" 당신의 소식을 궁금해하는 펭귄이 있어요!', 1, '2024-05-19 18:46:28', '122.43.138.244', '2024-05-19 21:43:59', '118.235.11.92', 81),
	(690, 10, '이희웅펭귄', '"꾸욱" 당신의 소식을 궁금해하는 펭귄이 있어요!', 1, '2024-05-19 18:47:04', '122.43.138.244', '2024-05-19 21:56:27', '223.62.148.153', 81),
	(692, 10, '이희웅펭귄', '"꾸욱" 당신의 소식을 궁금해하는 펭귄이 있어요!', 1, '2024-05-19 18:47:45', '122.43.138.244', '2024-05-19 21:56:27', '223.62.148.153', 81),
	(693, 10, '이희웅펭귄', '"꾸욱" 당신의 소식을 궁금해하는 펭귄이 있어요!', 1, '2024-05-19 18:48:11', '122.43.138.244', '2024-05-19 21:56:27', '223.62.148.153', 81),
	(695, 4, '이희웅펭귄', '"꾸욱" 당신의 소식을 궁금해하는 펭귄이 있어요!', 1, '2024-05-19 18:49:13', '122.43.138.244', '2024-05-19 21:54:04', '118.45.109.139', 81),
	(702, 88, '기몌옹펭귄', '"띵동!" 새로운 메시지가 도착했습니다!! \n마음함을 확인해보세요!', 1, '2024-05-19 19:00:01', 'system', '2024-05-19 21:44:29', '211.224.75.195', 4),
	(703, 4, '대장펭귄', '"띵동!" 새로운 메시지가 도착했습니다!! \n마음함을 확인해보세요!', 1, '2024-05-19 19:00:01', 'system', '2024-05-19 21:54:04', '118.45.109.139', 86),
	(704, 81, '히원이얌펭귄', '"띵동!" 새로운 메시지가 도착했습니다!! \n마음함을 확인해보세요!', 1, '2024-05-19 19:00:02', 'system', '2024-05-19 19:00:35', '122.43.138.244', 12),
	(705, 12, '대장펭귄', '"띵동!" 새로운 메시지가 도착했습니다!! \n마음함을 확인해보세요!', 1, '2024-05-19 19:00:03', 'system', '2024-05-19 21:40:27', '211.224.75.195', 86),
	(706, 88, '기몌옹펭귄', '"띵동!" 새로운 메시지가 도착했습니다!! \n마음함을 확인해보세요!', 1, '2024-05-19 19:05:02', 'system', '2024-05-19 21:44:29', '211.224.75.195', 4),
	(707, 4, '대장펭귄', '"띵동!" 새로운 메시지가 도착했습니다!! \n마음함을 확인해보세요!', 1, '2024-05-19 19:05:02', 'system', '2024-05-19 21:54:04', '118.45.109.139', 86),
	(708, 81, '히원이얌펭귄', '"띵동!" 새로운 메시지가 도착했습니다!! \n마음함을 확인해보세요!', 1, '2024-05-19 19:05:03', 'system', '2024-05-19 19:20:03', '122.43.138.244', 12),
	(709, 12, '대장펭귄', '"띵동!" 새로운 메시지가 도착했습니다!! \n마음함을 확인해보세요!', 1, '2024-05-19 19:05:03', 'system', '2024-05-19 21:40:27', '211.224.75.195', 86),
	(710, 88, '기몌옹펭귄', '"띵동!" 새로운 메시지가 도착했습니다!! \n마음함을 확인해보세요!', 1, '2024-05-19 19:10:01', 'system', '2024-05-19 21:44:29', '211.224.75.195', 4),
	(711, 4, '대장펭귄', '"또롱!" 가까이가 대신해서 애정 메시지를 전달했어요!! \n소식을 전해주세요!', 1, '2024-05-19 19:10:01', 'system', '2024-05-19 21:54:04', '118.45.109.139', 86),
	(712, 81, '히원이얌펭귄', '"띵동!" 새로운 메시지가 도착했습니다!! \n마음함을 확인해보세요!', 1, '2024-05-19 19:10:02', 'system', '2024-05-19 19:20:03', '122.43.138.244', 12),
	(713, 12, '대장펭귄', '"또롱!" 가까이가 대신해서 애정 메시지를 전달했어요!! \n소식을 전해주세요!', 1, '2024-05-19 19:10:03', 'system', '2024-05-19 21:40:27', '211.224.75.195', 86),
	(714, 1, '신영한펭귄', '"띵동!" 새로운 메시지가 도착했습니다!! \n마음함을 확인해보세요!', 1, '2024-05-19 19:45:24', '223.62.148.153', '2024-05-19 21:43:59', '118.235.11.92', 10),
	(718, 12, '지윤이다펭귄', '"띵동!" 새로운 메시지가 도착했습니다!! \n마음함을 확인해보세요!', 1, '2024-05-19 21:15:22', '118.235.11.92', '2024-05-19 21:40:27', '211.224.75.195', 1),
	(722, 1, '신영한펭귄', '"꾸욱" 당신의 소식을 궁금해하는 펭귄이 있어요!', 1, '2024-05-19 21:18:41', '223.62.148.153', '2024-05-19 21:43:59', '118.235.11.92', 10),
	(723, 1, '신영한펭귄', '"꾸욱" 당신의 소식을 궁금해하는 펭귄이 있어요!', 1, '2024-05-19 21:18:46', '223.62.148.153', '2024-05-19 21:43:59', '118.235.11.92', 10),
	(724, 1, '신영한펭귄', '"꾸욱" 당신의 소식을 궁금해하는 펭귄이 있어요!', 1, '2024-05-19 21:20:46', '223.62.148.153', '2024-05-19 21:43:59', '118.235.11.92', 10),
	(754, 1, '히원이얌펭귄', '"꾸욱" 당신의 소식을 궁금해하는 펭귄이 있어요!', 1, '2024-05-19 21:37:14', '211.224.75.195', '2024-05-19 21:43:59', '118.235.11.92', 12),
	(772, 1, '신영한펭귄', '"꾸욱" 당신의 소식을 궁금해하는 펭귄이 있어요!', 1, '2024-05-19 21:39:05', '223.62.148.153', '2024-05-19 21:43:59', '118.235.11.92', 10),
	(781, 10, '지윤이다펭귄', '"짜잔!" 새로운 소식이 등록되었어요!! 보러 가볼까요?', 1, '2024-05-19 21:45:16', '118.235.11.92', '2024-05-19 21:56:27', '223.62.148.153', 1),
	(783, 81, '지윤이다펭귄', '"꾸욱" 당신의 소식을 궁금해하는 펭귄이 있어요!', 1, '2024-05-19 21:47:17', '118.235.11.92', '2024-05-19 21:47:42', '122.43.138.244', 1),
	(784, 81, '지윤이다펭귄', '"띵동!" 새로운 메시지가 도착했습니다!! \n마음함을 확인해보세요!', 1, '2024-05-19 21:47:23', '118.235.11.92', '2024-05-19 21:47:42', '122.43.138.244', 1),
	(785, 81, '신영한펭귄', '"꾸욱" 당신의 소식을 궁금해하는 펭귄이 있어요!', 1, '2024-05-19 21:51:04', '223.62.148.153', '2024-05-19 21:51:21', '122.43.138.244', 10),
	(786, 88, '지윤이다펭귄', '"띵동!" 새로운 메시지가 도착했습니다!! \n마음함을 확인해보세요!', 1, '2024-05-19 21:53:02', 'system', '2024-05-19 21:57:15', '211.224.75.195', 1),
	(787, 1, '대장펭귄', '"또롱!" 가까이가 대신해서 애정 메시지를 전달했어요!! 소식을 전해주세요!', 1, '2024-05-19 21:53:02', 'system', '2024-05-19 22:00:29', '118.235.11.92', 86),
	(788, 88, '지윤이다펭귄', '"띵동!" 새로운 메시지가 도착했습니다!! \n마음함을 확인해보세요!', 1, '2024-05-19 21:53:03', 'system', '2024-05-19 21:57:14', '211.224.75.195', 1),
	(789, 1, '대장펭귄', '"또롱!" 가까이가 대신해서 애정 메시지를 전달했어요!! 소식을 전해주세요!', 1, '2024-05-19 21:53:03', 'system', '2024-05-19 22:00:29', '118.235.11.92', 86),
	(790, 88, '지윤이다펭귄', '"띵동!" 새로운 메시지가 도착했습니다!! \n마음함을 확인해보세요!', 1, '2024-05-19 21:53:03', 'system', '2024-05-19 21:57:14', '211.224.75.195', 1),
	(791, 1, '대장펭귄', '"또롱!" 가까이가 대신해서 애정 메시지를 전달했어요!! 소식을 전해주세요!', 1, '2024-05-19 21:53:04', 'system', '2024-05-19 21:59:53', '118.235.11.92', 86),
	(792, 4, '지윤이다펭귄', '"띵동!" 새로운 메시지가 도착했습니다!! \n마음함을 확인해보세요!', 1, '2024-05-19 21:53:05', 'system', '2024-05-19 21:54:04', '118.45.109.139', 1),
	(793, 1, '대장펭귄', '"또롱!" 가까이가 대신해서 애정 메시지를 전달했어요!! 소식을 전해주세요!', 1, '2024-05-19 21:53:05', 'system', '2024-05-19 21:59:53', '118.235.11.92', 86),
	(794, 88, '지윤이다펭귄', '"띵동!" 새로운 메시지가 도착했습니다!! \n마음함을 확인해보세요!', 1, '2024-05-19 21:53:05', 'system', '2024-05-19 21:57:14', '211.224.75.195', 1),
	(795, 1, '대장펭귄', '"또롱!" 가까이가 대신해서 애정 메시지를 전달했어요!! 소식을 전해주세요!', 1, '2024-05-19 21:53:06', 'system', '2024-05-19 21:59:53', '118.235.11.92', 86),
	(796, 88, '지윤이다펭귄', '"띵동!" 새로운 메시지가 도착했습니다!! \n마음함을 확인해보세요!', 1, '2024-05-19 21:53:06', 'system', '2024-05-19 21:57:14', '211.224.75.195', 1),
	(797, 1, '대장펭귄', '"또롱!" 가까이가 대신해서 애정 메시지를 전달했어요!! 소식을 전해주세요!', 1, '2024-05-19 21:53:06', 'system', '2024-05-19 21:59:53', '118.235.11.92', 86),
	(798, 12, '지윤이다펭귄', '"띵동!" 새로운 메시지가 도착했습니다!! \n마음함을 확인해보세요!', 1, '2024-05-19 21:53:08', 'system', '2024-05-19 21:53:15', '211.224.75.195', 1),
	(799, 1, '대장펭귄', '"또롱!" 가까이가 대신해서 애정 메시지를 전달했어요!! 소식을 전해주세요!', 1, '2024-05-19 21:53:08', 'system', '2024-05-19 21:59:53', '118.235.11.92', 86),
	(800, 4, '지윤이다펭귄', '"띵동!" 새로운 메시지가 도착했습니다!! \n마음함을 확인해보세요!', 1, '2024-05-19 21:53:09', 'system', '2024-05-19 21:54:04', '118.45.109.139', 1),
	(801, 1, '대장펭귄', '"또롱!" 가까이가 대신해서 애정 메시지를 전달했어요!! 소식을 전해주세요!', 1, '2024-05-19 21:53:09', 'system', '2024-05-19 21:59:53', '118.235.11.92', 86),
	(802, 4, '지윤이다펭귄', '"띵동!" 새로운 메시지가 도착했습니다!! \n마음함을 확인해보세요!', 1, '2024-05-19 21:53:10', 'system', '2024-05-19 21:54:04', '118.45.109.139', 1),
	(803, 1, '대장펭귄', '"또롱!" 가까이가 대신해서 애정 메시지를 전달했어요!! 소식을 전해주세요!', 1, '2024-05-19 21:53:10', 'system', '2024-05-19 21:59:53', '118.235.11.92', 86),
	(804, 88, '지윤이다펭귄', '"띵동!" 새로운 메시지가 도착했습니다!! \n마음함을 확인해보세요!', 1, '2024-05-19 21:53:10', 'system', '2024-05-19 21:57:14', '211.224.75.195', 1),
	(805, 1, '대장펭귄', '"또롱!" 가까이가 대신해서 애정 메시지를 전달했어요!! 소식을 전해주세요!', 1, '2024-05-19 21:53:10', 'system', '2024-05-19 21:59:53', '118.235.11.92', 86),
	(806, 12, '지윤이다펭귄', '"띵동!" 새로운 메시지가 도착했습니다!! \n마음함을 확인해보세요!', 1, '2024-05-19 21:53:11', 'system', '2024-05-19 21:53:15', '211.224.75.195', 1),
	(807, 1, '대장펭귄', '"또롱!" 가까이가 대신해서 애정 메시지를 전달했어요!! 소식을 전해주세요!', 1, '2024-05-19 21:53:11', 'system', '2024-05-19 21:59:53', '118.235.11.92', 86),
	(808, 12, '지윤이다펭귄', '"띵동!" 새로운 메시지가 도착했습니다!! \n마음함을 확인해보세요!', 1, '2024-05-19 21:53:11', 'system', '2024-05-19 21:53:15', '211.224.75.195', 1),
	(809, 1, '대장펭귄', '"또롱!" 가까이가 대신해서 애정 메시지를 전달했어요!! 소식을 전해주세요!', 1, '2024-05-19 21:53:11', 'system', '2024-05-19 21:59:53', '118.235.11.92', 86),
	(810, 88, '지윤이다펭귄', '"띵동!" 새로운 메시지가 도착했습니다!! \n마음함을 확인해보세요!', 1, '2024-05-19 22:00:02', 'system', '2024-05-19 22:03:00', '211.224.75.195', 1),
	(811, 1, '대장펭귄', '"또롱!" 가까이가 대신해서 애정 메시지를 전달했어요!! 소식을 전해주세요!', 1, '2024-05-19 22:00:03', 'system', '2024-05-19 22:00:28', '118.235.11.92', 86),
	(812, 88, '지윤이다펭귄', '"띵동!" 새로운 메시지가 도착했습니다!! \n마음함을 확인해보세요!', 1, '2024-05-19 22:00:03', 'system', '2024-05-19 22:03:00', '211.224.75.195', 1),
	(813, 1, '대장펭귄', '"또롱!" 가까이가 대신해서 애정 메시지를 전달했어요!! 소식을 전해주세요!', 1, '2024-05-19 22:00:04', 'system', '2024-05-19 22:00:24', '118.235.11.92', 86),
	(814, 12, '지윤이다펭귄', '"띵동!" 새로운 메시지가 도착했습니다!! \n마음함을 확인해보세요!', 1, '2024-05-19 22:00:04', 'system', '2024-05-19 22:31:18', '172.226.94.32', 1),
	(815, 1, '대장펭귄', '"또롱!" 가까이가 대신해서 애정 메시지를 전달했어요!! 소식을 전해주세요!', 1, '2024-05-19 22:00:04', 'system', '2024-05-19 22:00:28', '118.235.11.92', 86),
	(816, 12, '지윤이다펭귄', '"띵동!" 새로운 메시지가 도착했습니다!! \n마음함을 확인해보세요!', 1, '2024-05-19 22:00:04', 'system', '2024-05-19 22:31:18', '172.226.94.32', 1),
	(817, 1, '대장펭귄', '"또롱!" 가까이가 대신해서 애정 메시지를 전달했어요!! 소식을 전해주세요!', 1, '2024-05-19 22:00:05', 'system', '2024-05-19 22:00:24', '118.235.11.92', 86),
	(818, 4, '지윤이다펭귄', '"띵동!" 새로운 메시지가 도착했습니다!! \n마음함을 확인해보세요!', 0, '2024-05-19 22:00:06', 'system', '2024-05-19 22:00:06', 'system', 1),
	(819, 1, '대장펭귄', '"또롱!" 가까이가 대신해서 애정 메시지를 전달했어요!! 소식을 전해주세요!', 1, '2024-05-19 22:00:06', 'system', '2024-05-19 22:00:24', '118.235.11.92', 86),
	(820, 4, '지윤이다펭귄', '"띵동!" 새로운 메시지가 도착했습니다!! \n마음함을 확인해보세요!', 0, '2024-05-19 22:00:06', 'system', '2024-05-19 22:00:06', 'system', 1),
	(821, 1, '대장펭귄', '"또롱!" 가까이가 대신해서 애정 메시지를 전달했어요!! 소식을 전해주세요!', 1, '2024-05-19 22:00:06', 'system', '2024-05-19 22:00:24', '118.235.11.92', 86),
	(822, 12, '지윤이다펭귄', '"띵동!" 새로운 메시지가 도착했습니다!! \n마음함을 확인해보세요!', 1, '2024-05-19 22:00:07', 'system', '2024-05-19 22:31:18', '172.226.94.32', 1),
	(823, 1, '대장펭귄', '"또롱!" 가까이가 대신해서 애정 메시지를 전달했어요!! 소식을 전해주세요!', 1, '2024-05-19 22:00:07', 'system', '2024-05-19 22:00:24', '118.235.11.92', 86),
	(824, 4, '지윤이다펭귄', '"띵동!" 새로운 메시지가 도착했습니다!! \n마음함을 확인해보세요!', 0, '2024-05-19 22:00:08', 'system', '2024-05-19 22:00:08', 'system', 1),
	(825, 1, '대장펭귄', '"또롱!" 가까이가 대신해서 애정 메시지를 전달했어요!! 소식을 전해주세요!', 1, '2024-05-19 22:00:09', 'system', '2024-05-19 22:00:23', '118.235.11.92', 86),
	(826, 88, '지윤이다펭귄', '"띵동!" 새로운 메시지가 도착했습니다!! \n마음함을 확인해보세요!', 1, '2024-05-19 22:00:09', 'system', '2024-05-19 22:03:00', '211.224.75.195', 1),
	(827, 1, '대장펭귄', '"또롱!" 가까이가 대신해서 애정 메시지를 전달했어요!! 소식을 전해주세요!', 1, '2024-05-19 22:00:09', 'system', '2024-05-19 22:00:23', '118.235.11.92', 86),
	(828, 88, '지윤이다펭귄', '"띵동!" 새로운 메시지가 도착했습니다!! \n마음함을 확인해보세요!', 1, '2024-05-19 22:00:10', 'system', '2024-05-19 22:03:00', '211.224.75.195', 1),
	(829, 1, '대장펭귄', '"또롱!" 가까이가 대신해서 애정 메시지를 전달했어요!! 소식을 전해주세요!', 1, '2024-05-19 22:00:10', 'system', '2024-05-19 22:00:23', '118.235.11.92', 86),
	(830, 12, '지윤이다펭귄', '"띵동!" 새로운 메시지가 도착했습니다!! \n마음함을 확인해보세요!', 1, '2024-05-19 22:00:10', 'system', '2024-05-19 22:31:18', '172.226.94.32', 1),
	(831, 1, '대장펭귄', '"또롱!" 가까이가 대신해서 애정 메시지를 전달했어요!! 소식을 전해주세요!', 1, '2024-05-19 22:00:10', 'system', '2024-05-19 22:00:23', '118.235.11.92', 86),
	(832, 88, '지윤이다펭귄', '"띵동!" 새로운 메시지가 도착했습니다!! \n마음함을 확인해보세요!', 1, '2024-05-19 22:00:12', 'system', '2024-05-19 22:03:00', '211.224.75.195', 1),
	(833, 1, '대장펭귄', '"또롱!" 가까이가 대신해서 애정 메시지를 전달했어요!! 소식을 전해주세요!', 1, '2024-05-19 22:00:12', 'system', '2024-05-19 22:00:23', '118.235.11.92', 86),
	(834, 4, '지윤이다펭귄', '"짜잔!" 새로운 소식이 등록되었어요!! 보러 가볼까요?', 0, '2024-05-19 22:04:57', '118.235.11.92', '2024-05-19 22:04:57', '118.235.11.92', 1),
	(835, 12, '지윤이다펭귄', '"짜잔!" 새로운 소식이 등록되었어요!! 보러 가볼까요?', 1, '2024-05-19 22:04:57', '118.235.11.92', '2024-05-19 22:31:18', '172.226.94.32', 1),
	(836, 88, '지윤이다펭귄', '"짜잔!" 새로운 소식이 등록되었어요!! 보러 가볼까요?', 1, '2024-05-19 22:04:57', '118.235.11.92', '2024-05-19 22:10:52', '211.224.75.195', 1),
	(838, 4, '지윤이다펭귄', '"꾸욱" 당신의 소식을 궁금해하는 펭귄이 있어요!', 0, '2024-05-19 22:10:02', '118.235.11.92', '2024-05-19 22:10:02', '118.235.11.92', 1),
	(839, 1, '히원이얌펭귄', '"띵동!" 새로운 메시지가 도착했습니다!! \n마음함을 확인해보세요!', 1, '2024-05-19 22:12:15', '172.226.95.32', '2024-05-19 22:15:16', '118.235.11.92', 12),
	(840, 1, '히원이얌펭귄', '"띵동!" 새로운 메시지가 도착했습니다!! \n마음함을 확인해보세요!', 1, '2024-05-19 22:13:36', '172.226.95.32', '2024-05-19 22:15:16', '118.235.11.92', 12),
	(841, 4, '지윤이다펭귄', '"짜잔!" 새로운 소식이 등록되었어요!! 보러 가볼까요?', 0, '2024-05-19 22:16:03', '118.235.11.92', '2024-05-19 22:16:03', '118.235.11.92', 1),
	(842, 12, '지윤이다펭귄', '"짜잔!" 새로운 소식이 등록되었어요!! 보러 가볼까요?', 1, '2024-05-19 22:16:03', '118.235.11.92', '2024-05-19 22:31:18', '172.226.94.32', 1),
	(843, 88, '지윤이다펭귄', '"짜잔!" 새로운 소식이 등록되었어요!! 보러 가볼까요?', 1, '2024-05-19 22:16:03', '118.235.11.92', '2024-05-19 22:21:43', '211.224.75.195', 1),
	(844, 88, '지윤이다펭귄', '"꾸욱" 당신의 소식을 궁금해하는 펭귄이 있어요!', 1, '2024-05-19 22:17:51', '118.235.11.92', '2024-05-19 22:21:43', '211.224.75.195', 1),
	(845, 88, '지윤이다펭귄', '"꾸욱" 당신의 소식을 궁금해하는 펭귄이 있어요!', 1, '2024-05-19 22:18:00', '118.235.11.92', '2024-05-19 22:21:43', '211.224.75.195', 1),
	(846, 88, '지윤이다펭귄', '"꾸욱" 당신의 소식을 궁금해하는 펭귄이 있어요!', 1, '2024-05-19 22:18:05', '118.235.11.92', '2024-05-19 22:21:43', '211.224.75.195', 1),
	(847, 88, '지윤이다펭귄', '"꾸욱" 당신의 소식을 궁금해하는 펭귄이 있어요!', 1, '2024-05-19 22:18:18', '118.235.11.92', '2024-05-19 22:21:43', '211.224.75.195', 1),
	(848, 88, '지윤이다펭귄', '"꾸욱" 당신의 소식을 궁금해하는 펭귄이 있어요!', 1, '2024-05-19 22:18:23', '118.235.11.92', '2024-05-19 22:21:43', '211.224.75.195', 1),
	(850, 88, '지윤이다펭귄', '"꾸욱" 당신의 소식을 궁금해하는 펭귄이 있어요!', 1, '2024-05-19 22:26:22', '118.235.11.92', '2024-05-19 22:27:34', '211.224.75.195', 1),
	(851, 88, '지윤이다펭귄', '"꾸욱" 당신의 소식을 궁금해하는 펭귄이 있어요!', 1, '2024-05-19 22:28:26', '118.235.11.92', '2024-05-19 22:29:28', '211.224.75.195', 1),
	(852, 88, '지윤이다펭귄', '"꾸욱" 당신의 소식을 궁금해하는 펭귄이 있어요!', 1, '2024-05-19 22:28:27', '118.235.11.92', '2024-05-19 22:29:28', '211.224.75.195', 1),
	(853, 88, '지윤이다펭귄', '"꾸욱" 당신의 소식을 궁금해하는 펭귄이 있어요!', 1, '2024-05-19 22:28:28', '118.235.11.92', '2024-05-19 22:29:28', '211.224.75.195', 1),
	(856, 1, '신영한펭귄', '"우와!" 내 소식에 반응이 달렸어요!! \n 확인해 볼까요?', 1, '2024-05-19 22:28:32', '223.62.148.153', '2024-05-19 22:28:54', '118.235.11.92', 10),
	(858, 1, '신영한펭귄', '"우와!" 내 소식에 반응이 달렸어요!! \n 확인해 볼까요?', 1, '2024-05-19 22:28:36', '223.62.148.153', '2024-05-19 22:28:54', '118.235.11.92', 10),
	(859, 1, '히원이얌펭귄', '"짜잔!" 새로운 소식이 등록되었어요!! 보러 가볼까요?', 1, '2024-05-19 22:30:28', '172.225.52.219', '2024-05-19 22:35:51', '118.235.11.92', 12),
	(860, 4, '히원이얌펭귄', '"짜잔!" 새로운 소식이 등록되었어요!! 보러 가볼까요?', 0, '2024-05-19 22:30:28', '172.225.52.219', '2024-05-19 22:30:28', '172.225.52.219', 12),
	(861, 10, '히원이얌펭귄', '"짜잔!" 새로운 소식이 등록되었어요!! 보러 가볼까요?', 1, '2024-05-19 22:30:28', '172.225.52.219', '2024-05-19 22:37:56', '223.62.148.236', 12),
	(862, 88, '히원이얌펭귄', '"짜잔!" 새로운 소식이 등록되었어요!! 보러 가볼까요?', 1, '2024-05-19 22:30:28', '172.225.52.219', '2024-05-19 22:30:33', '211.224.75.195', 12),
	(863, 88, '신영한펭귄', '"띵동!" 새로운 메시지가 도착했습니다!! \n마음함을 확인해보세요!', 1, '2024-05-19 22:33:54', '223.62.148.153', '2024-05-19 22:35:32', '211.224.75.195', 10),
	(864, 88, '신영한펭귄', '"띵동!" 새로운 메시지가 도착했습니다!! \n마음함을 확인해보세요!', 1, '2024-05-19 22:34:01', '223.62.148.153', '2024-05-19 22:35:32', '211.224.75.195', 10),
	(865, 88, '신영한펭귄', '"띵동!" 새로운 메시지가 도착했습니다!! \n마음함을 확인해보세요!', 1, '2024-05-19 22:34:08', '223.62.148.153', '2024-05-19 22:35:32', '211.224.75.195', 10),
	(866, 4, '지윤이다펭귄', '"짜잔!" 새로운 소식이 등록되었어요!! 보러 가볼까요?', 0, '2024-05-19 22:40:06', '118.235.11.92', '2024-05-19 22:40:06', '118.235.11.92', 1),
	(867, 10, '지윤이다펭귄', '"짜잔!" 새로운 소식이 등록되었어요!! 보러 가볼까요?', 1, '2024-05-19 22:40:06', '118.235.11.92', '2024-05-19 22:43:45', '223.62.147.152', 1),
	(868, 12, '지윤이다펭귄', '"짜잔!" 새로운 소식이 등록되었어요!! 보러 가볼까요?', 1, '2024-05-19 22:40:06', '118.235.11.92', '2024-05-19 22:46:31', '172.226.94.32', 1),
	(869, 88, '지윤이다펭귄', '"짜잔!" 새로운 소식이 등록되었어요!! 보러 가볼까요?', 1, '2024-05-19 22:40:06', '118.235.11.92', '2024-05-19 22:45:10', '118.235.82.202', 1),
	(870, 1, '승현이펭귄', '"띵동!" 새로운 메시지가 도착했습니다!! \n마음함을 확인해보세요!', 1, '2024-05-19 22:40:15', '118.235.83.12', '2024-05-19 22:43:09', '118.235.11.92', 88),
	(871, 1, '신영한펭귄', '"우와!" 내 소식에 반응이 달렸어요!! \n 확인해 볼까요?', 1, '2024-05-19 22:40:15', '223.62.148.237', '2024-05-19 22:43:09', '118.235.11.92', 10),
	(872, 88, '지윤이다펭귄', '"꾸욱" 당신의 소식을 궁금해하는 펭귄이 있어요!', 1, '2024-05-19 22:42:07', '118.235.11.92', '2024-05-19 22:45:10', '118.235.82.202', 1),
	(873, 1, '승현이펭귄', '"띵동!" 새로운 메시지가 도착했습니다!! \n마음함을 확인해보세요!', 1, '2024-05-19 22:43:19', '118.235.82.104', '2024-05-19 22:44:08', '118.235.11.92', 88),
	(874, 1, '신영한펭귄', '"꾸욱" 당신의 소식을 궁금해하는 펭귄이 있어요!', 0, '2024-05-19 23:27:05', '223.62.148.75', '2024-05-19 23:27:05', '223.62.148.75', 10),
	(875, 10, '히원이얌펭귄', '"꾸욱" 당신의 소식을 궁금해하는 펭귄이 있어요!', 0, '2024-05-19 23:27:20', '172.226.95.46', '2024-05-19 23:27:20', '172.226.95.46', 12),
	(876, 10, '히원이얌펭귄', '"꾸욱" 당신의 소식을 궁금해하는 펭귄이 있어요!', 0, '2024-05-19 23:27:21', '172.226.95.46', '2024-05-19 23:27:21', '172.226.95.46', 12),
	(877, 10, '히원이얌펭귄', '"꾸욱" 당신의 소식을 궁금해하는 펭귄이 있어요!', 0, '2024-05-19 23:27:22', '172.226.95.46', '2024-05-19 23:27:22', '172.226.95.46', 12),
	(878, 10, '히원이얌펭귄', '"꾸욱" 당신의 소식을 궁금해하는 펭귄이 있어요!', 0, '2024-05-19 23:27:23', '172.226.95.46', '2024-05-19 23:27:23', '172.226.95.46', 12),
	(879, 10, '히원이얌펭귄', '"꾸욱" 당신의 소식을 궁금해하는 펭귄이 있어요!', 0, '2024-05-19 23:27:23', '172.226.95.46', '2024-05-19 23:27:23', '172.226.95.46', 12),
	(880, 10, '히원이얌펭귄', '"꾸욱" 당신의 소식을 궁금해하는 펭귄이 있어요!', 1, '2024-05-19 23:27:24', '172.226.95.46', '2024-05-19 23:27:43', '223.62.148.3', 12),
	(881, 10, '히원이얌펭귄', '"꾸욱" 당신의 소식을 궁금해하는 펭귄이 있어요!', 0, '2024-05-19 23:27:24', '172.226.95.46', '2024-05-19 23:27:24', '172.226.95.46', 12),
	(882, 10, '히원이얌펭귄', '"꾸욱" 당신의 소식을 궁금해하는 펭귄이 있어요!', 0, '2024-05-19 23:27:24', '172.226.95.46', '2024-05-19 23:27:24', '172.226.95.46', 12),
	(883, 10, '히원이얌펭귄', '"꾸욱" 당신의 소식을 궁금해하는 펭귄이 있어요!', 1, '2024-05-19 23:27:25', '172.226.95.46', '2024-05-19 23:27:43', '223.62.148.3', 12),
	(884, 10, '히원이얌펭귄', '"꾸욱" 당신의 소식을 궁금해하는 펭귄이 있어요!', 1, '2024-05-19 23:27:25', '172.226.95.46', '2024-05-19 23:27:43', '223.62.148.3', 12),
	(885, 10, '히원이얌펭귄', '"꾸욱" 당신의 소식을 궁금해하는 펭귄이 있어요!', 1, '2024-05-19 23:27:26', '172.226.95.46', '2024-05-19 23:27:43', '223.62.148.3', 12),
	(886, 10, '히원이얌펭귄', '"꾸욱" 당신의 소식을 궁금해하는 펭귄이 있어요!', 1, '2024-05-19 23:27:26', '172.226.95.46', '2024-05-19 23:27:43', '223.62.148.3', 12),
	(887, 10, '히원이얌펭귄', '"꾸욱" 당신의 소식을 궁금해하는 펭귄이 있어요!', 1, '2024-05-19 23:27:52', '172.226.95.46', '2024-05-19 23:28:11', '223.62.148.3', 12),
	(888, 10, '히원이얌펭귄', '"꾸욱" 당신의 소식을 궁금해하는 펭귄이 있어요!', 1, '2024-05-19 23:27:53', '172.226.95.46', '2024-05-19 23:28:08', '223.62.148.3', 12),
	(889, 10, '히원이얌펭귄', '"꾸욱" 당신의 소식을 궁금해하는 펭귄이 있어요!', 1, '2024-05-19 23:27:53', '172.226.95.46', '2024-05-19 23:28:11', '223.62.148.3', 12),
	(890, 10, '히원이얌펭귄', '"꾸욱" 당신의 소식을 궁금해하는 펭귄이 있어요!', 1, '2024-05-19 23:27:54', '172.226.95.46', '2024-05-19 23:28:08', '223.62.148.3', 12),
	(891, 10, '히원이얌펭귄', '"꾸욱" 당신의 소식을 궁금해하는 펭귄이 있어요!', 1, '2024-05-19 23:27:55', '172.226.95.46', '2024-05-19 23:28:08', '223.62.148.3', 12),
	(892, 10, '히원이얌펭귄', '"꾸욱" 당신의 소식을 궁금해하는 펭귄이 있어요!', 1, '2024-05-19 23:27:56', '172.226.95.46', '2024-05-19 23:28:08', '223.62.148.3', 12),
	(893, 10, '히원이얌펭귄', '"꾸욱" 당신의 소식을 궁금해하는 펭귄이 있어요!', 1, '2024-05-19 23:27:57', '172.226.95.46', '2024-05-19 23:28:08', '223.62.148.3', 12),
	(904, 1, '신영한펭귄', '"꾸욱" 당신의 소식을 궁금해하는 펭귄이 있어요!', 0, '2024-05-19 23:28:37', '223.62.148.3', '2024-05-19 23:28:37', '223.62.148.3', 10),
	(910, 12, '신영한펭귄', '"꾸욱" 당신의 소식을 궁금해하는 펭귄이 있어요!', 1, '2024-05-19 23:29:30', '223.62.148.174', '2024-05-19 23:33:59', '172.226.94.43', 10),
	(911, 1, '히원이얌펭귄', '"꾸욱" 당신의 소식을 궁금해하는 펭귄이 있어요!', 0, '2024-05-19 23:29:34', '104.28.84.63', '2024-05-19 23:29:34', '104.28.84.63', 12),
	(912, 12, '신영한펭귄', '"꾸욱" 당신의 소식을 궁금해하는 펭귄이 있어요!', 1, '2024-05-19 23:29:37', '223.62.147.218', '2024-05-19 23:33:59', '172.226.94.43', 10),
	(914, 12, '신영한펭귄', '"꾸욱" 당신의 소식을 궁금해하는 펭귄이 있어요!', 1, '2024-05-19 23:29:43', '223.62.147.204', '2024-05-19 23:33:59', '172.226.94.43', 10),
	(915, 12, '신영한펭귄', '"꾸욱" 당신의 소식을 궁금해하는 펭귄이 있어요!', 1, '2024-05-19 23:29:50', '223.62.147.51', '2024-05-19 23:33:59', '172.226.94.43', 10),
	(916, 12, '신영한펭귄', '"꾸욱" 당신의 소식을 궁금해하는 펭귄이 있어요!', 1, '2024-05-19 23:33:36', '223.62.147.213', '2024-05-19 23:33:59', '172.226.94.43', 10),
	(927, 1, '신영한펭귄', '"꾸욱" 당신의 소식을 궁금해하는 펭귄이 있어요!', 0, '2024-05-19 23:38:06', '223.62.147.71', '2024-05-19 23:38:06', '223.62.147.71', 10),
	(950, 10, '지윤이다펭귄', '"꾸욱" 당신의 소식을 궁금해하는 펭귄이 있어요!', 1, '2024-05-20 00:09:13', '127.0.0.1', '2024-05-20 00:09:36', '211.194.200.29', 1),
	(951, 1, '신영한펭귄', '"꾸욱" 당신의 소식을 궁금해하는 펭귄이 있어요!', 0, '2024-05-20 00:09:21', '211.194.200.29', '2024-05-20 00:09:21', '211.194.200.29', 10),
	(952, 4, '신영한펭귄', '"꾸욱" 당신의 소식을 궁금해하는 펭귄이 있어요!', 0, '2024-05-20 00:09:24', '211.194.200.29', '2024-05-20 00:09:24', '211.194.200.29', 10),
	(953, 12, '신영한펭귄', '"꾸욱" 당신의 소식을 궁금해하는 펭귄이 있어요!', 0, '2024-05-20 00:09:27', '211.194.200.29', '2024-05-20 00:09:27', '211.194.200.29', 10),
	(954, 88, '신영한펭귄', '"꾸욱" 당신의 소식을 궁금해하는 펭귄이 있어요!', 1, '2024-05-20 00:09:32', '211.194.200.29', '2024-05-20 00:09:49', '118.235.82.156', 10),
	(955, 10, '승현이펭귄', '"꾸욱" 당신의 소식을 궁금해하는 펭귄이 있어요!', 1, '2024-05-20 00:09:54', '118.235.82.18', '2024-05-20 00:09:58', '211.194.200.29', 88),
	(956, 10, '히원이얌펭귄', '"꾸욱" 당신의 소식을 궁금해하는 펭귄이 있어요!', 0, '2024-05-20 00:12:18', '59.151.225.72', '2024-05-20 00:12:18', '59.151.225.72', 12);

-- 테이블 abbboo.reaction 구조 내보내기
CREATE TABLE IF NOT EXISTS `reaction` (
  `reaction_id` int NOT NULL AUTO_INCREMENT COMMENT '반응 id',
  `expression` varchar(10) DEFAULT NULL COMMENT '반응 종류 (예 : CLAP)',
  `is_deleted` tinyint(1) DEFAULT '0' COMMENT '삭제된 반응 여부',
  `created_at` datetime NOT NULL COMMENT '생성 시각',
  `created_ip` varchar(15) NOT NULL COMMENT '생성 ip',
  `updated_at` datetime NOT NULL COMMENT '수정 시각',
  `updated_ip` varchar(15) NOT NULL COMMENT '수정 ip',
  PRIMARY KEY (`reaction_id`)
) ENGINE=InnoDB AUTO_INCREMENT=9 DEFAULT CHARSET=utf8mb4 COLLATE=utf8mb4_0900_ai_ci;

-- 테이블 데이터 abbboo.reaction:~7 rows (대략적) 내보내기
INSERT INTO `reaction` (`reaction_id`, `expression`, `is_deleted`, `created_at`, `created_ip`, `updated_at`, `updated_ip`) VALUES
	(1, 'LOL', 0, '2024-05-14 16:49:28', '127.0.0.1', '2024-05-14 16:49:28', '127.0.0.1'),
	(2, 'SAD', 0, '2024-05-14 16:49:28', '127.0.0.1', '2024-05-14 16:49:28', '127.0.0.1'),
	(3, 'OOPS', 0, '2024-05-14 16:49:28', '127.0.0.1', '2024-05-14 16:49:28', '127.0.0.1'),
	(4, 'COOL', 0, '2024-05-14 16:49:28', '127.0.0.1', '2024-05-14 16:49:28', '127.0.0.1'),
	(5, 'LOVE', 0, '2024-05-14 16:49:28', '127.0.0.1', '2024-05-14 16:49:28', '127.0.0.1'),
	(6, 'PRETTY', 0, '2024-05-14 16:49:28', '127.0.0.1', '2024-05-14 16:49:28', '127.0.0.1'),
	(7, 'GOOD', 0, '2024-05-14 16:49:28', '127.0.0.1', '2024-05-14 16:49:28', '127.0.0.1'),
	(8, 'BEST', 0, '2024-05-14 17:41:30', '127.0.0.1', '2024-05-14 17:41:30', '127.0.0.1');

-- 테이블 abbboo.reaction_history 구조 내보내기
CREATE TABLE IF NOT EXISTS `reaction_history` (
  `reaction_history_id` bigint NOT NULL AUTO_INCREMENT COMMENT '유저가 남긴 반응 기록 id',
  `story_id` bigint NOT NULL COMMENT '스토리 id',
  `user_id` int NOT NULL COMMENT '반응한 유저 id',
  `reaction_id` int NOT NULL COMMENT '반응 종류 id',
  `created_at` datetime NOT NULL COMMENT '생성 시각',
  `created_ip` varchar(15) NOT NULL COMMENT '생성 ip',
  `updated_at` datetime NOT NULL COMMENT '수정 시각',
  `updated_ip` varchar(15) NOT NULL COMMENT '수정 ip',
  PRIMARY KEY (`reaction_history_id`),
  KEY `story_id` (`story_id`),
  KEY `user_id` (`user_id`),
  KEY `reaction_id` (`reaction_id`),
  CONSTRAINT `reaction_history_ibfk_1` FOREIGN KEY (`story_id`) REFERENCES `story` (`story_id`),
  CONSTRAINT `reaction_history_ibfk_2` FOREIGN KEY (`user_id`) REFERENCES `user` (`user_id`),
  CONSTRAINT `reaction_history_ibfk_3` FOREIGN KEY (`reaction_id`) REFERENCES `reaction` (`reaction_id`)
) ENGINE=InnoDB AUTO_INCREMENT=96 DEFAULT CHARSET=utf8mb4 COLLATE=utf8mb4_0900_ai_ci;

-- 테이블 데이터 abbboo.reaction_history:~88 rows (대략적) 내보내기
INSERT INTO `reaction_history` (`reaction_history_id`, `story_id`, `user_id`, `reaction_id`, `created_at`, `created_ip`, `updated_at`, `updated_ip`) VALUES
	(1, 2, 7, 5, '2024-05-14 16:55:32', '14.46.142.186', '2024-05-14 16:55:32', '14.46.142.186'),
	(2, 1, 12, 3, '2024-05-14 17:03:36', '172.226.94.44', '2024-05-14 17:03:36', '172.226.94.44'),
	(3, 5, 1, 7, '2024-05-14 17:39:21', '118.235.14.87', '2024-05-14 17:39:21', '118.235.14.87'),
	(4, 3, 1, 8, '2024-05-14 17:41:41', '118.235.14.87', '2024-05-14 17:41:41', '118.235.14.87'),
	(5, 3, 1, 7, '2024-05-14 17:41:44', '118.235.14.87', '2024-05-14 17:41:44', '118.235.14.87'),
	(6, 5, 1, 1, '2024-05-14 17:42:30', '118.235.14.87', '2024-05-14 17:42:30', '118.235.14.87'),
	(7, 5, 1, 2, '2024-05-14 17:42:34', '118.235.14.87', '2024-05-14 17:42:34', '118.235.14.87'),
	(8, 5, 1, 3, '2024-05-14 17:42:37', '118.235.14.87', '2024-05-14 17:42:37', '118.235.14.87'),
	(9, 5, 1, 4, '2024-05-14 17:42:41', '118.235.14.87', '2024-05-14 17:42:41', '118.235.14.87'),
	(10, 5, 1, 5, '2024-05-14 17:42:45', '118.235.14.87', '2024-05-14 17:42:45', '118.235.14.87'),
	(11, 1, 1, 6, '2024-05-14 17:42:49', '118.235.14.87', '2024-05-14 17:42:49', '118.235.14.87'),
	(12, 1, 1, 7, '2024-05-14 17:42:53', '118.235.14.87', '2024-05-14 17:42:53', '118.235.14.87'),
	(13, 1, 1, 8, '2024-05-14 17:42:56', '118.235.14.87', '2024-05-14 17:42:56', '118.235.14.87'),
	(14, 1, 1, 3, '2024-05-14 17:42:59', '118.235.14.87', '2024-05-14 17:42:59', '118.235.14.87'),
	(15, 1, 10, 7, '2024-05-14 18:27:31', '223.62.147.32', '2024-05-14 18:27:31', '223.62.147.32'),
	(16, 10, 12, 1, '2024-05-15 15:31:34', '104.28.68.37', '2024-05-15 15:31:34', '104.28.68.37'),
	(17, 10, 12, 5, '2024-05-15 15:31:36', '104.28.68.37', '2024-05-15 15:31:36', '104.28.68.37'),
	(18, 10, 19, 6, '2024-05-15 15:32:06', '121.129.157.72', '2024-05-15 15:32:06', '121.129.157.72'),
	(19, 12, 18, 1, '2024-05-16 12:00:12', '106.101.3.175', '2024-05-16 12:00:12', '106.101.3.175'),
	(20, 9, 4, 1, '2024-05-16 13:27:06', '14.46.141.244', '2024-05-16 13:27:06', '14.46.141.244'),
	(21, 13, 1, 1, '2024-05-16 13:33:50', '14.46.142.169', '2024-05-16 13:33:50', '14.46.142.169'),
	(22, 14, 1, 8, '2024-05-16 13:34:45', '39.7.230.84', '2024-05-16 13:34:45', '39.7.230.84'),
	(23, 16, 30, 8, '2024-05-16 14:33:56', '223.39.174.230', '2024-05-16 14:33:56', '223.39.174.230'),
	(24, 30, 61, 2, '2024-05-16 16:39:12', '211.192.252.158', '2024-05-16 16:39:12', '211.192.252.158'),
	(25, 31, 61, 5, '2024-05-16 16:39:22', '211.192.252.158', '2024-05-16 16:39:22', '211.192.252.158'),
	(26, 32, 66, 8, '2024-05-16 17:18:30', '118.235.10.205', '2024-05-16 17:18:30', '118.235.10.205'),
	(27, 32, 1, 5, '2024-05-16 17:39:39', '39.7.230.84', '2024-05-16 17:39:39', '39.7.230.84'),
	(28, 34, 64, 6, '2024-05-16 17:46:55', '39.7.28.184', '2024-05-16 17:46:55', '39.7.28.184'),
	(29, 13, 22, 4, '2024-05-16 17:49:57', '14.46.142.208', '2024-05-16 17:49:57', '14.46.142.208'),
	(30, 36, 12, 4, '2024-05-16 19:25:58', '172.226.95.32', '2024-05-16 19:25:58', '172.226.95.32'),
	(31, 38, 66, 5, '2024-05-16 19:39:27', '118.235.10.205', '2024-05-16 19:39:27', '118.235.10.205'),
	(32, 11, 3, 1, '2024-05-16 21:41:12', '118.235.83.221', '2024-05-16 21:41:12', '118.235.83.221'),
	(33, 37, 64, 3, '2024-05-16 22:05:38', '39.7.28.184', '2024-05-16 22:05:38', '39.7.28.184'),
	(34, 43, 34, 1, '2024-05-17 09:44:27', '14.46.142.194', '2024-05-17 09:44:27', '14.46.142.194'),
	(35, 43, 71, 1, '2024-05-17 09:44:37', '14.46.141.199', '2024-05-17 09:44:37', '14.46.141.199'),
	(36, 44, 34, 3, '2024-05-17 09:44:47', '14.46.142.194', '2024-05-17 09:44:47', '14.46.142.194'),
	(37, 43, 72, 3, '2024-05-17 09:44:51', '14.46.142.203', '2024-05-17 09:44:51', '14.46.142.203'),
	(38, 35, 1, 1, '2024-05-17 13:45:46', '118.235.14.66', '2024-05-17 13:45:46', '118.235.14.66'),
	(39, 33, 75, 1, '2024-05-17 15:43:03', '14.46.142.226', '2024-05-17 15:43:03', '14.46.142.226'),
	(40, 46, 70, 1, '2024-05-17 15:43:44', '14.46.142.184', '2024-05-17 15:43:44', '14.46.142.184'),
	(41, 36, 12, 5, '2024-05-17 16:24:31', '14.46.141.222', '2024-05-17 16:24:31', '14.46.141.222'),
	(42, 40, 12, 7, '2024-05-17 16:24:36', '14.46.141.222', '2024-05-17 16:24:36', '14.46.141.222'),
	(43, 45, 12, 5, '2024-05-17 16:25:04', '14.46.141.222', '2024-05-17 16:25:04', '14.46.141.222'),
	(44, 49, 12, 1, '2024-05-17 16:42:37', '172.226.95.32', '2024-05-17 16:42:37', '172.226.95.32'),
	(45, 62, 12, 6, '2024-05-17 18:28:50', '172.226.94.45', '2024-05-17 18:28:50', '172.226.94.45'),
	(46, 63, 12, 3, '2024-05-17 18:29:09', '172.226.94.42', '2024-05-17 18:29:09', '172.226.94.42'),
	(47, 62, 19, 6, '2024-05-17 18:29:25', '118.235.66.144', '2024-05-17 18:29:25', '118.235.66.144'),
	(48, 61, 19, 6, '2024-05-17 18:29:38', '118.235.66.144', '2024-05-17 18:29:38', '118.235.66.144'),
	(49, 62, 19, 3, '2024-05-17 18:31:00', '118.235.66.144', '2024-05-17 18:31:00', '118.235.66.144'),
	(50, 47, 10, 3, '2024-05-17 18:42:23', '223.62.148.140', '2024-05-17 18:42:23', '223.62.148.140'),
	(51, 65, 12, 3, '2024-05-17 19:26:48', '172.226.94.45', '2024-05-17 19:26:48', '172.226.94.45'),
	(52, 60, 12, 3, '2024-05-17 19:29:06', '172.226.95.47', '2024-05-17 19:29:06', '172.226.95.47'),
	(53, 53, 1, 1, '2024-05-17 20:34:32', '116.36.40.48', '2024-05-17 20:34:32', '116.36.40.48'),
	(54, 76, 12, 3, '2024-05-17 21:32:29', '116.36.40.48', '2024-05-17 21:32:29', '116.36.40.48'),
	(55, 42, 64, 8, '2024-05-17 22:11:33', '222.108.238.36', '2024-05-17 22:11:33', '222.108.238.36'),
	(56, 66, 64, 8, '2024-05-17 22:11:39', '222.108.238.36', '2024-05-17 22:11:39', '222.108.238.36'),
	(57, 83, 12, 8, '2024-05-17 22:41:58', '172.226.94.47', '2024-05-17 22:41:58', '172.226.94.47'),
	(58, 82, 81, 5, '2024-05-17 22:43:11', '116.36.40.48', '2024-05-17 22:43:11', '116.36.40.48'),
	(59, 60, 81, 6, '2024-05-17 22:52:39', '116.36.40.48', '2024-05-17 22:52:39', '116.36.40.48'),
	(60, 82, 81, 3, '2024-05-17 22:52:47', '116.36.40.48', '2024-05-17 22:52:47', '116.36.40.48'),
	(61, 82, 81, 6, '2024-05-17 23:24:24', '116.36.40.48', '2024-05-17 23:24:24', '116.36.40.48'),
	(62, 48, 10, 1, '2024-05-17 23:52:31', '223.62.148.74', '2024-05-17 23:52:31', '223.62.148.74'),
	(63, 48, 10, 3, '2024-05-17 23:52:41', '223.62.148.74', '2024-05-17 23:52:41', '223.62.148.74'),
	(64, 48, 10, 2, '2024-05-17 23:52:45', '223.62.148.74', '2024-05-17 23:52:45', '223.62.148.74'),
	(65, 48, 10, 8, '2024-05-17 23:53:02', '223.62.148.74', '2024-05-17 23:53:02', '223.62.148.74'),
	(66, 81, 1, 1, '2024-05-18 00:21:46', '127.0.0.1', '2024-05-18 00:21:46', '127.0.0.1'),
	(67, 82, 1, 1, '2024-05-18 00:22:05', '127.0.0.1', '2024-05-18 00:22:05', '127.0.0.1'),
	(68, 83, 1, 1, '2024-05-18 00:22:11', '127.0.0.1', '2024-05-18 00:22:11', '127.0.0.1'),
	(69, 83, 1, 3, '2024-05-18 00:22:51', '127.0.0.1', '2024-05-18 00:22:51', '127.0.0.1'),
	(70, 82, 1, 3, '2024-05-18 00:22:59', '127.0.0.1', '2024-05-18 00:22:59', '127.0.0.1'),
	(71, 81, 1, 3, '2024-05-18 00:23:03', '127.0.0.1', '2024-05-18 00:23:03', '127.0.0.1'),
	(72, 83, 3, 4, '2024-05-18 00:48:12', '122.199.110.55', '2024-05-18 00:48:12', '122.199.110.55'),
	(73, 60, 10, 6, '2024-05-18 02:34:49', '211.194.200.29', '2024-05-18 02:34:49', '211.194.200.29'),
	(74, 81, 10, 8, '2024-05-18 02:35:24', '211.194.200.29', '2024-05-18 02:35:24', '211.194.200.29'),
	(75, 82, 10, 1, '2024-05-18 02:47:33', '211.194.200.29', '2024-05-18 02:47:33', '211.194.200.29'),
	(76, 83, 10, 8, '2024-05-18 02:47:41', '211.194.200.29', '2024-05-18 02:47:41', '211.194.200.29'),
	(77, 80, 10, 4, '2024-05-18 11:42:40', '211.194.200.29', '2024-05-18 11:42:40', '211.194.200.29'),
	(78, 84, 10, 4, '2024-05-18 12:12:25', '211.194.200.29', '2024-05-18 12:12:25', '211.194.200.29'),
	(79, 85, 10, 7, '2024-05-18 12:19:52', '211.194.200.29', '2024-05-18 12:19:52', '211.194.200.29'),
	(80, 48, 1, 7, '2024-05-18 15:15:33', '210.105.105.199', '2024-05-18 15:15:33', '210.105.105.199'),
	(81, 82, 81, 6, '2024-05-18 17:14:17', '116.36.40.48', '2024-05-18 17:14:17', '116.36.40.48'),
	(82, 82, 1, 4, '2024-05-18 21:19:54', '39.7.28.193', '2024-05-18 21:19:54', '39.7.28.193'),
	(83, 85, 1, 8, '2024-05-18 21:23:21', '39.7.28.193', '2024-05-18 21:23:21', '39.7.28.193'),
	(84, 95, 10, 8, '2024-05-19 01:31:30', '223.62.147.108', '2024-05-19 01:31:30', '223.62.147.108'),
	(85, 95, 10, 7, '2024-05-19 01:41:42', '223.62.148.242', '2024-05-19 01:41:42', '223.62.148.242'),
	(86, 1002, 81, 1, '2024-05-19 13:37:53', '106.101.129.74', '2024-05-19 13:37:53', '106.101.129.74'),
	(87, 1003, 81, 6, '2024-05-19 13:38:03', '106.101.129.74', '2024-05-19 13:38:03', '106.101.129.74'),
	(88, 1002, 81, 7, '2024-05-19 13:38:07', '106.101.129.74', '2024-05-19 13:38:07', '106.101.129.74'),
	(89, 1007, 1, 3, '2024-05-19 21:46:31', '118.235.11.92', '2024-05-19 21:46:31', '118.235.11.92'),
	(92, 1008, 10, 3, '2024-05-19 22:28:32', '223.62.148.153', '2024-05-19 22:28:32', '223.62.148.153'),
	(93, 1009, 10, 4, '2024-05-19 22:28:36', '223.62.148.153', '2024-05-19 22:28:36', '223.62.148.153'),
	(94, 1011, 10, 3, '2024-05-19 22:40:15', '223.62.148.237', '2024-05-19 22:40:15', '223.62.148.237'),
	(95, 1008, 1, 1, '2024-05-19 22:40:28', '118.235.11.92', '2024-05-19 22:40:28', '118.235.11.92');

-- 테이블 abbboo.story 구조 내보내기
CREATE TABLE IF NOT EXISTS `story` (
  `story_id` bigint NOT NULL AUTO_INCREMENT COMMENT '스토리 id',
  `user_id` int NOT NULL COMMENT '유저 id',
  `family_id` int NOT NULL COMMENT '가족 id',
  `front_url` varchar(2000) NOT NULL COMMENT '전면카메라로 찍은 사진이나 동영상 s3 url',
  `rear_url` varchar(2000) NOT NULL COMMENT '후면카메라로 찍은 사진이나 동영상 혹은 앨범 사진의 s3 url',
  `is_saved` tinyint(1) DEFAULT '0' COMMENT '온실 캘린더에 저장되었는지 여부',
  `created_at` datetime NOT NULL COMMENT '생성 시각',
  `created_ip` varchar(15) NOT NULL COMMENT '생성 ip',
  `updated_at` datetime NOT NULL COMMENT '수정 시각',
  `updated_ip` varchar(15) NOT NULL COMMENT '수정 ip',
  PRIMARY KEY (`story_id`),
  KEY `user_id` (`user_id`),
  KEY `family_id` (`family_id`),
  CONSTRAINT `story_ibfk_1` FOREIGN KEY (`user_id`) REFERENCES `user` (`user_id`),
  CONSTRAINT `story_ibfk_2` FOREIGN KEY (`family_id`) REFERENCES `family` (`family_id`)
) ENGINE=InnoDB AUTO_INCREMENT=1012 DEFAULT CHARSET=utf8mb4 COLLATE=utf8mb4_0900_ai_ci;

-- 테이블 데이터 abbboo.story:~95 rows (대략적) 내보내기
INSERT INTO `story` (`story_id`, `user_id`, `family_id`, `front_url`, `rear_url`, `is_saved`, `created_at`, `created_ip`, `updated_at`, `updated_ip`) VALUES
	(1, 1, 2, 'https://abbboo-nearby.s3.ap-northeast-2.amazonaws.com/story/be56be79-8403-40a1-999d-d3f18bb4cdf6-blob', 'https://abbboo-nearby.s3.ap-northeast-2.amazonaws.com/story/373d0058-b61b-4316-b5c4-aa3de52b71b9-blob', 0, '2024-05-15 16:52:12', '118.235.14.87', '2024-05-14 16:52:12', '118.235.14.87'),
	(2, 7, 3, 'https://abbboo-nearby.s3.ap-northeast-2.amazonaws.com/story/ebad8abb-5767-46a8-a9d9-10590c5d28b5-blob', 'https://abbboo-nearby.s3.ap-northeast-2.amazonaws.com/story/fd8e88a2-bbfa-45b7-b1bb-d9204408801d-blob', 1, '2024-05-14 16:55:26', '14.46.142.186', '2024-05-14 16:56:08', '14.46.142.186'),
	(3, 4, 2, 'https://abbboo-nearby.s3.ap-northeast-2.amazonaws.com/story/700471f8-fb9f-4c9d-88f8-a0e4094d3011-blob', 'https://abbboo-nearby.s3.ap-northeast-2.amazonaws.com/story/9d8e3006-c700-4494-a25c-7d461cfa3c24-blob', 1, '2024-05-14 16:57:57', '118.235.11.177', '2024-05-14 17:04:42', '172.226.94.44'),
	(4, 10, 2, 'https://abbboo-nearby.s3.ap-northeast-2.amazonaws.com/story/a784ac6b-aa55-4ddf-826a-14be2afbff89-blob', 'https://abbboo-nearby.s3.ap-northeast-2.amazonaws.com/story/bddb9b32-413d-4559-bdb0-b3e4482555a6-blob', 1, '2024-05-14 16:58:32', '223.62.148.240', '2024-05-14 17:04:51', '172.226.94.44'),
	(5, 12, 2, 'https://abbboo-nearby.s3.ap-northeast-2.amazonaws.com/story/ba32c290-ed68-464d-a217-848b68bf4c1f-blob', 'https://abbboo-nearby.s3.ap-northeast-2.amazonaws.com/story/e9ec6f32-5161-4a57-81f7-a33f686f900a-blob', 0, '2024-05-14 17:04:18', '172.226.94.44', '2024-05-14 17:04:18', '172.226.94.44'),
	(6, 10, 2, 'https://abbboo-nearby.s3.ap-northeast-2.amazonaws.com/story/f1a63306-92f1-40d5-a828-98fae738a38b-blob', 'https://abbboo-nearby.s3.ap-northeast-2.amazonaws.com/story/04741f4f-7305-4fa9-97a3-ce18e9fdcc19-blob', 0, '2024-05-14 19:12:41', '223.62.148.23', '2024-05-14 19:12:41', '223.62.148.23'),
	(7, 16, 2, 'https://abbboo-nearby.s3.ap-northeast-2.amazonaws.com/story/dcd13dbf-a6ad-4c8d-92ea-943a41d471a7-blob', 'https://abbboo-nearby.s3.ap-northeast-2.amazonaws.com/story/9b883215-6a5c-426b-a9d6-ed621521b1ce-blob', 0, '2024-05-14 19:15:05', '106.101.129.210', '2024-05-14 19:15:05', '106.101.129.210'),
	(8, 10, 2, 'https://abbboo-nearby.s3.ap-northeast-2.amazonaws.com/story/dbafbe26-f3c7-4342-8986-93740310a371-blob', 'https://abbboo-nearby.s3.ap-northeast-2.amazonaws.com/story/6bde7be0-e84d-48f6-9e0e-72e07d33ad23-blob', 0, '2024-05-14 20:00:06', '223.62.147.48', '2024-05-14 20:00:06', '223.62.147.48'),
	(9, 12, 2, 'https://abbboo-nearby.s3.ap-northeast-2.amazonaws.com/story/ca1d8238-1f77-495c-a294-607b2e7de1ab-blob', 'https://abbboo-nearby.s3.ap-northeast-2.amazonaws.com/story/144a38d1-0d5f-41d9-9a3c-78e5aaf2f112-blob', 1, '2024-05-15 15:23:40', '172.226.95.41', '2024-05-16 10:44:58', '14.46.141.222'),
	(10, 19, 17, 'https://abbboo-nearby.s3.ap-northeast-2.amazonaws.com/story/a14d9160-c6d9-44aa-a398-5c388238617e-blob', 'https://abbboo-nearby.s3.ap-northeast-2.amazonaws.com/story/6cfd45d1-8ee8-4604-aed7-d367db4d4877-blob', 1, '2024-05-15 15:30:06', '121.129.157.72', '2024-05-15 15:32:06', '104.28.119.18'),
	(11, 12, 2, 'https://abbboo-nearby.s3.ap-northeast-2.amazonaws.com/story/311f76c7-2476-4bd7-9a4f-8e55db9f6cd4-blob', 'https://abbboo-nearby.s3.ap-northeast-2.amazonaws.com/story/3a3e6552-a1d1-49ff-a8ab-191279e1a11e-blob', 1, '2024-05-16 10:45:31', '172.225.52.227', '2024-05-16 10:45:45', '14.46.141.222'),
	(12, 18, 16, 'https://abbboo-nearby.s3.ap-northeast-2.amazonaws.com/story/8932b575-92e4-4521-a53d-5b217f80f956-blob', 'https://abbboo-nearby.s3.ap-northeast-2.amazonaws.com/story/103e22f3-7506-4d9e-8c9d-2872a790c355-blob', 0, '2024-05-16 11:59:34', '106.101.3.175', '2024-05-16 11:59:34', '106.101.3.175'),
	(13, 18, 16, 'https://abbboo-nearby.s3.ap-northeast-2.amazonaws.com/story/c3548e12-acb3-4b42-a8bb-6cb4b6da7e2c-blob', 'https://abbboo-nearby.s3.ap-northeast-2.amazonaws.com/story/71dab1a7-36d1-43ac-a254-8f8e97cd9122-blob', 0, '2024-05-16 11:59:51', '106.101.3.175', '2024-05-16 11:59:51', '106.101.3.175'),
	(14, 4, 2, 'https://abbboo-nearby.s3.ap-northeast-2.amazonaws.com/story/adb8e860-712b-4489-93be-324d40c1ae43-blob', 'https://abbboo-nearby.s3.ap-northeast-2.amazonaws.com/story/d48eadad-665b-4062-a22b-b4ca7adf2695-blob', 0, '2024-05-16 13:28:17', '39.7.46.246', '2024-05-17 09:11:09', '14.46.141.222'),
	(15, 4, 2, 'https://abbboo-nearby.s3.ap-northeast-2.amazonaws.com/story/c6ece3e8-f6aa-4836-a49c-7609fd7c3081-blob', 'https://abbboo-nearby.s3.ap-northeast-2.amazonaws.com/story/913db852-e7e1-4cf2-bb48-d8f860414dda-blob', 0, '2024-05-16 13:34:43', '14.46.141.244', '2024-05-16 21:37:59', '211.194.200.134'),
	(16, 30, 21, 'https://abbboo-nearby.s3.ap-northeast-2.amazonaws.com/story/e175f392-86b7-4978-99ff-cd9e0fc4f00b-blob', 'https://abbboo-nearby.s3.ap-northeast-2.amazonaws.com/story/bfd51561-4062-491b-a054-7df1b40024d1-blob', 1, '2024-05-16 14:33:30', '223.39.174.230', '2024-05-16 14:34:45', '223.39.174.230'),
	(17, 30, 21, 'https://abbboo-nearby.s3.ap-northeast-2.amazonaws.com/story/c8c4cb80-297e-41b3-af2b-ee5c5871d1e9-blob', 'https://abbboo-nearby.s3.ap-northeast-2.amazonaws.com/story/662874b7-284c-4c85-974e-6734f3ed7fb0-blob', 0, '2024-05-16 14:40:16', '223.39.174.230', '2024-05-16 14:40:16', '223.39.174.230'),
	(18, 30, 21, 'https://abbboo-nearby.s3.ap-northeast-2.amazonaws.com/story/d143e74a-6c15-4f4b-bee7-f29b9409da25-blob', 'https://abbboo-nearby.s3.ap-northeast-2.amazonaws.com/story/95f23872-5f98-4b08-bbc2-0b68d279c8b2-blob', 0, '2024-05-16 14:40:24', '223.39.174.230', '2024-05-16 14:40:24', '223.39.174.230'),
	(19, 30, 21, 'https://abbboo-nearby.s3.ap-northeast-2.amazonaws.com/story/8c6d7939-7a67-4723-87e9-c2c0648d4376-blob', 'https://abbboo-nearby.s3.ap-northeast-2.amazonaws.com/story/54b203b9-e169-4185-a191-e84f0271c347-blob', 0, '2024-05-16 14:40:29', '223.39.174.230', '2024-05-16 14:40:29', '223.39.174.230'),
	(20, 47, 25, 'https://abbboo-nearby.s3.ap-northeast-2.amazonaws.com/story/6119759a-a76f-42f3-9684-f485873b6cd0-blob', 'https://abbboo-nearby.s3.ap-northeast-2.amazonaws.com/story/dfbc5e38-1013-4bcd-92b7-23942e5ac652-blob', 0, '2024-05-16 15:06:59', '14.46.141.178', '2024-05-16 15:06:59', '14.46.141.178'),
	(21, 56, 21, 'https://abbboo-nearby.s3.ap-northeast-2.amazonaws.com/story/23899776-c81c-43e1-b6d5-3100db32e44f-blob', 'https://abbboo-nearby.s3.ap-northeast-2.amazonaws.com/story/f13b1354-f8ca-48a7-a399-016e62f9d6a2-blob', 0, '2024-05-16 16:18:17', '14.46.141.222', '2024-05-16 16:18:17', '14.46.141.222'),
	(22, 56, 21, 'https://abbboo-nearby.s3.ap-northeast-2.amazonaws.com/story/c0b064a8-2f4a-4f71-a40c-20b137a7ee8d-blob', 'https://abbboo-nearby.s3.ap-northeast-2.amazonaws.com/story/adaab9d8-b0b2-421b-a160-c48cb02baf0e-blob', 0, '2024-05-16 16:18:25', '14.46.141.222', '2024-05-16 16:18:25', '14.46.141.222'),
	(23, 56, 21, 'https://abbboo-nearby.s3.ap-northeast-2.amazonaws.com/story/45086286-665a-4dda-aecd-8435ea3c7445-blob', 'https://abbboo-nearby.s3.ap-northeast-2.amazonaws.com/story/40c68ab5-f010-48e7-b02f-38d6c23994c7-blob', 0, '2024-05-16 16:18:31', '14.46.141.222', '2024-05-16 16:18:31', '14.46.141.222'),
	(24, 56, 21, 'https://abbboo-nearby.s3.ap-northeast-2.amazonaws.com/story/d495c4c9-dc09-4170-976a-20e141764bc4-blob', 'https://abbboo-nearby.s3.ap-northeast-2.amazonaws.com/story/3455938a-c4df-457f-be76-e975127e9a65-blob', 0, '2024-05-16 16:19:02', '14.46.141.222', '2024-05-16 16:19:02', '14.46.141.222'),
	(25, 56, 21, 'https://abbboo-nearby.s3.ap-northeast-2.amazonaws.com/story/ecf15f82-6048-4ac8-8f0e-3bebd535e537-blob', 'https://abbboo-nearby.s3.ap-northeast-2.amazonaws.com/story/4e2d0663-1582-4221-9634-a17d5f618ed9-blob', 0, '2024-05-16 16:19:23', '14.46.141.222', '2024-05-16 16:19:23', '14.46.141.222'),
	(26, 56, 21, 'https://abbboo-nearby.s3.ap-northeast-2.amazonaws.com/story/665c4c10-b859-4f12-a25b-064515e5c16d-blob', 'https://abbboo-nearby.s3.ap-northeast-2.amazonaws.com/story/8d06f766-6db6-43da-a3a2-4b48cbf22081-blob', 0, '2024-05-16 16:29:01', '14.46.141.222', '2024-05-16 16:29:01', '14.46.141.222'),
	(27, 56, 21, 'https://abbboo-nearby.s3.ap-northeast-2.amazonaws.com/story/815e8161-8ee1-4fe6-912b-42df15e2b92f-blob', 'https://abbboo-nearby.s3.ap-northeast-2.amazonaws.com/story/31c94e0d-af36-4ebb-b009-f1d1f1ecf466-blob', 0, '2024-05-16 16:29:07', '14.46.141.222', '2024-05-16 16:29:07', '14.46.141.222'),
	(28, 56, 21, 'https://abbboo-nearby.s3.ap-northeast-2.amazonaws.com/story/fbc941d0-9afe-4a00-a5b9-b93874303977-blob', 'https://abbboo-nearby.s3.ap-northeast-2.amazonaws.com/story/ff56daad-db14-4404-b56b-32278cbc9969-blob', 0, '2024-05-16 16:29:13', '14.46.141.222', '2024-05-16 16:29:13', '14.46.141.222'),
	(29, 56, 21, 'https://abbboo-nearby.s3.ap-northeast-2.amazonaws.com/story/bb7f7959-4e50-4e15-b21d-cbf673afeece-blob', 'https://abbboo-nearby.s3.ap-northeast-2.amazonaws.com/story/145eb32f-e76b-48f3-b3c1-84b8994f931b-blob', 0, '2024-05-16 16:29:55', '14.46.141.222', '2024-05-16 16:29:55', '14.46.141.222'),
	(30, 61, 30, 'https://abbboo-nearby.s3.ap-northeast-2.amazonaws.com/story/9c9099c5-2b2f-4409-a57d-8f63d1d768db-blob', 'https://abbboo-nearby.s3.ap-northeast-2.amazonaws.com/story/25ceb37e-116a-4476-b58f-23c453ffc4d9-blob', 0, '2024-05-16 16:37:42', '211.192.252.158', '2024-05-16 16:37:42', '211.192.252.158'),
	(31, 60, 30, 'https://abbboo-nearby.s3.ap-northeast-2.amazonaws.com/story/e9da589b-0a5f-4b16-b806-89638b9b73d8-blob', 'https://abbboo-nearby.s3.ap-northeast-2.amazonaws.com/story/05455580-0b3f-454d-a523-088a73a1155e-blob', 1, '2024-05-16 16:38:13', '211.192.252.221', '2024-05-16 16:39:04', '211.234.192.158'),
	(32, 64, 32, 'https://abbboo-nearby.s3.ap-northeast-2.amazonaws.com/story/b00d47f5-c9f4-4d42-bb12-83f9fb569aae-blob', 'https://abbboo-nearby.s3.ap-northeast-2.amazonaws.com/story/b8b2a306-145e-4be2-acff-d0a5a98a8f1c-blob', 1, '2024-05-16 17:17:30', '39.7.28.184', '2024-05-16 17:41:59', '39.7.230.84'),
	(33, 67, 33, 'https://abbboo-nearby.s3.ap-northeast-2.amazonaws.com/story/496e19e8-2cc1-4b32-a915-c0162cb5fc0b-blob', 'https://abbboo-nearby.s3.ap-northeast-2.amazonaws.com/story/d2faa7de-b45c-4beb-841f-b106e1463bb2-blob', 0, '2024-05-16 17:21:26', '14.46.142.231', '2024-05-16 17:21:26', '14.46.142.231'),
	(34, 1, 32, 'https://abbboo-nearby.s3.ap-northeast-2.amazonaws.com/story/94aa81e9-f230-4fef-889a-67240671008c-blob', 'https://abbboo-nearby.s3.ap-northeast-2.amazonaws.com/story/2aa26d61-9c6e-43c8-b01a-12c6fd1e13a5-blob', 1, '2024-05-16 17:41:13', '39.7.230.84', '2024-05-16 17:46:57', '39.7.28.184'),
	(35, 12, 2, 'https://abbboo-nearby.s3.ap-northeast-2.amazonaws.com/story/d1d6a333-af81-47ed-b14f-26fa9aadf6ab-blob', 'https://abbboo-nearby.s3.ap-northeast-2.amazonaws.com/story/7179e15c-cce3-49cb-b0f0-b4eeaeaaea1b-blob', 1, '2024-05-16 18:31:49', '172.226.95.41', '2024-05-16 21:59:53', '211.194.200.134'),
	(36, 10, 2, 'https://abbboo-nearby.s3.ap-northeast-2.amazonaws.com/story/5d8f1427-cd5b-4809-8614-fa8474067258-blob', 'https://abbboo-nearby.s3.ap-northeast-2.amazonaws.com/story/cc49eb3d-0935-41b1-ac4f-8052be508bac-blob', 1, '2024-05-16 18:34:20', '223.62.147.29', '2024-05-17 09:32:54', '172.226.95.43'),
	(37, 1, 32, 'https://abbboo-nearby.s3.ap-northeast-2.amazonaws.com/story/e9d72fd8-f0fe-4a7b-ba45-1f9095177bb1-blob', 'https://abbboo-nearby.s3.ap-northeast-2.amazonaws.com/story/329947ce-9667-41c2-8a7e-09dace8b7aad-blob', 0, '2024-05-16 18:42:38', '39.7.230.84', '2024-05-16 18:42:38', '39.7.230.84'),
	(38, 64, 34, 'https://abbboo-nearby.s3.ap-northeast-2.amazonaws.com/story/b9081d0d-6652-47a5-878b-9687460a433b-blob', 'https://abbboo-nearby.s3.ap-northeast-2.amazonaws.com/story/1ccf3bf0-62a3-4f59-a702-4ce7a6453be4-blob', 0, '2024-05-16 19:39:16', '39.7.28.184', '2024-05-16 19:39:16', '39.7.28.184'),
	(39, 66, 34, 'https://abbboo-nearby.s3.ap-northeast-2.amazonaws.com/story/21be3f40-2718-44b4-9fe8-b149f8c9eaf8-blob', 'https://abbboo-nearby.s3.ap-northeast-2.amazonaws.com/story/a4ee837c-8de2-4be3-8c6a-8668a6aa405c-blob', 0, '2024-05-16 19:40:10', '118.235.10.205', '2024-05-16 19:40:10', '118.235.10.205'),
	(40, 3, 2, 'https://abbboo-nearby.s3.ap-northeast-2.amazonaws.com/story/103f6067-f11e-433f-a8d5-e3e6104eebb1-blob', 'https://abbboo-nearby.s3.ap-northeast-2.amazonaws.com/story/927fdf8a-7558-4f42-93b3-bf7fa5c9fee8-blob', 0, '2024-05-16 21:41:32', '118.235.83.221', '2024-05-16 21:41:32', '118.235.83.221'),
	(41, 64, 32, 'https://abbboo-nearby.s3.ap-northeast-2.amazonaws.com/story/a00a05ce-2da7-4c8f-a8ac-dbd29b2fe85d-blob', 'https://abbboo-nearby.s3.ap-northeast-2.amazonaws.com/story/1393d2fa-c469-4462-989e-c1555cc8bff2-blob', 1, '2024-05-16 22:07:56', '39.7.28.184', '2024-05-17 16:56:36', '39.7.230.254'),
	(42, 64, 32, 'https://abbboo-nearby.s3.ap-northeast-2.amazonaws.com/story/d440352a-1261-42be-8f20-8ea9603bcfff-blob', 'https://abbboo-nearby.s3.ap-northeast-2.amazonaws.com/story/94612de0-66b4-4545-a819-764cceb994c7-blob', 1, '2024-05-17 00:16:34', '222.108.238.36', '2024-05-17 00:48:35', '222.108.238.36'),
	(43, 34, 38, 'https://abbboo-nearby.s3.ap-northeast-2.amazonaws.com/story/a4b319ba-ceef-4995-a16e-1f110d279054-blob', 'https://abbboo-nearby.s3.ap-northeast-2.amazonaws.com/story/22613070-df74-44e9-a250-fb1b8cbff8cf-blob', 0, '2024-05-17 09:44:08', '14.46.142.194', '2024-05-17 09:44:08', '14.46.142.194'),
	(44, 72, 38, 'https://abbboo-nearby.s3.ap-northeast-2.amazonaws.com/story/96a0429e-a9dc-4625-9a31-7e4260ad73e9-blob', 'https://abbboo-nearby.s3.ap-northeast-2.amazonaws.com/story/14eeb6ef-7b32-4ef7-ac9e-b2de1bfbbabd-blob', 0, '2024-05-17 09:44:33', '14.46.142.203', '2024-05-17 09:44:33', '14.46.142.203'),
	(45, 12, 2, 'https://abbboo-nearby.s3.ap-northeast-2.amazonaws.com/story/4c6f1c12-2e38-4764-8f0d-454750bb3776-blob', 'https://abbboo-nearby.s3.ap-northeast-2.amazonaws.com/story/b426e6b6-513b-4ebd-8614-6baddaa96404-blob', 0, '2024-05-17 15:23:03', '14.46.141.222', '2024-05-17 15:23:03', '14.46.141.222'),
	(46, 70, 41, 'https://abbboo-nearby.s3.ap-northeast-2.amazonaws.com/story/5b0b55cf-39da-4011-9d01-9dfb209ee8ef-blob', 'https://abbboo-nearby.s3.ap-northeast-2.amazonaws.com/story/d959539c-0662-4ad2-adf7-c6cb5970edc2-blob', 0, '2024-05-17 15:42:50', '14.46.142.184', '2024-05-17 15:42:50', '14.46.142.184'),
	(47, 1, 2, 'https://abbboo-nearby.s3.ap-northeast-2.amazonaws.com/story/cc1c175b-12a5-461b-bdeb-6e70a6b99968-blob', 'https://abbboo-nearby.s3.ap-northeast-2.amazonaws.com/story/3c24e1ca-879e-471e-a8d9-b59f48607abe-blob', 0, '2024-05-17 16:37:09', '118.235.14.66', '2024-05-17 16:37:09', '118.235.14.66'),
	(48, 1, 2, 'https://abbboo-nearby.s3.ap-northeast-2.amazonaws.com/story/1797cbb2-4d11-4c11-ad01-36eac74b598c-blob', 'https://abbboo-nearby.s3.ap-northeast-2.amazonaws.com/story/5b791ab4-4900-447b-87fd-107c8d713205-blob', 1, '2024-05-17 16:37:36', '118.235.14.66', '2024-05-18 15:15:47', '210.105.105.199'),
	(49, 12, 18, 'https://abbboo-nearby.s3.ap-northeast-2.amazonaws.com/story/831ae39d-4aa8-43c5-a556-be47e1c9eb53-blob', 'https://abbboo-nearby.s3.ap-northeast-2.amazonaws.com/story/4bccb28b-7b55-4d15-a890-5ff543755eac-blob', 0, '2024-05-17 16:38:58', '172.226.95.42', '2024-05-17 16:38:58', '172.226.95.42'),
	(50, 12, 18, 'https://abbboo-nearby.s3.ap-northeast-2.amazonaws.com/story/db0ead52-fcb6-40d0-8b57-04699f24649c-blob', 'https://abbboo-nearby.s3.ap-northeast-2.amazonaws.com/story/818f2fc8-886c-404a-9dba-8de3bf4fa713-blob', 0, '2024-05-17 16:39:31', '172.226.95.42', '2024-05-17 16:39:31', '172.226.95.42'),
	(51, 12, 18, 'https://abbboo-nearby.s3.ap-northeast-2.amazonaws.com/story/d90fb460-7938-4060-a718-b3ab4f99b39b-blob', 'https://abbboo-nearby.s3.ap-northeast-2.amazonaws.com/story/51fd07cb-d292-426b-a0a0-81663e533735-blob', 0, '2024-05-17 16:52:14', '14.46.141.222', '2024-05-17 16:52:14', '14.46.141.222'),
	(52, 12, 18, 'https://abbboo-nearby.s3.ap-northeast-2.amazonaws.com/story/737190a8-ba5f-4d7e-ab2f-d968c05eee52-blob', 'https://abbboo-nearby.s3.ap-northeast-2.amazonaws.com/story/4093fa4e-6aa9-4919-9263-f93b0c384115-blob', 0, '2024-05-17 16:52:20', '14.46.141.222', '2024-05-17 16:52:20', '14.46.141.222'),
	(53, 64, 32, 'https://abbboo-nearby.s3.ap-northeast-2.amazonaws.com/story/0f7d689d-b94a-4cfc-b50f-0d470591037c-blob', 'https://abbboo-nearby.s3.ap-northeast-2.amazonaws.com/story/ca2a31be-1247-403a-af36-60f9d1022f99-blob', 1, '2024-05-17 16:54:42', '39.7.230.254', '2024-05-17 20:34:43', '116.36.40.48'),
	(59, 4, 42, 'https://abbboo-nearby.s3.ap-northeast-2.amazonaws.com/story/844b4ddf-68fd-4dbc-8a79-70579d7d7eb8-blob', 'https://abbboo-nearby.s3.ap-northeast-2.amazonaws.com/story/a467094c-4af7-4f0b-a0ad-3eea83d82a9d-blob', 0, '2024-05-17 17:27:59', '39.7.28.170', '2024-05-17 17:27:59', '39.7.28.170'),
	(60, 10, 2, 'https://abbboo-nearby.s3.ap-northeast-2.amazonaws.com/story/de41cfb2-2ed4-4dd2-8a99-31ff8ff35838-blob', 'https://abbboo-nearby.s3.ap-northeast-2.amazonaws.com/story/36dca9bb-68ba-44ba-8ba0-f06680e41a11-blob', 1, '2024-05-17 18:16:57', '223.62.147.37', '2024-05-17 19:29:16', '172.226.95.47'),
	(61, 12, 17, 'https://abbboo-nearby.s3.ap-northeast-2.amazonaws.com/story/625bb4c8-63a6-480f-9063-d473c4a3d321-blob', 'https://abbboo-nearby.s3.ap-northeast-2.amazonaws.com/story/b13d82cb-0c9b-4129-b2d0-4a464f7d1b86-blob', 0, '2024-05-17 18:25:38', '172.226.94.42', '2024-05-17 18:25:38', '172.226.94.42'),
	(62, 19, 17, 'https://abbboo-nearby.s3.ap-northeast-2.amazonaws.com/story/b39bd69c-2050-4ded-8ad8-e480a94216d7-blob', 'https://abbboo-nearby.s3.ap-northeast-2.amazonaws.com/story/ecff12ea-1087-4c2e-86e2-2ba2b3969378-blob', 1, '2024-05-17 18:27:19', '118.235.66.144', '2024-05-17 18:29:33', '172.226.95.41'),
	(63, 19, 17, 'https://abbboo-nearby.s3.ap-northeast-2.amazonaws.com/story/f11f4ccb-20d9-4718-982a-ca40c59998a9-blob', 'https://abbboo-nearby.s3.ap-northeast-2.amazonaws.com/story/6cc04564-020c-47bd-9267-ba4944d40a22-blob', 1, '2024-05-17 18:29:00', '118.235.66.144', '2024-05-17 18:29:36', '172.226.95.41'),
	(64, 12, 17, 'https://abbboo-nearby.s3.ap-northeast-2.amazonaws.com/story/4d9110c4-b39e-483b-afd4-e56e57165be5-blob', 'https://abbboo-nearby.s3.ap-northeast-2.amazonaws.com/story/fdf08e40-c7cd-428d-b9f3-cdf07505f77b-blob', 0, '2024-05-17 18:46:08', '172.226.95.40', '2024-05-17 18:46:08', '172.226.95.40'),
	(65, 19, 17, 'https://abbboo-nearby.s3.ap-northeast-2.amazonaws.com/story/cffa3f0f-97cb-4379-ae92-a3dd1c06f03f-blob', 'https://abbboo-nearby.s3.ap-northeast-2.amazonaws.com/story/182dcdc6-b4a9-4aa5-a875-50a7cc415102-blob', 0, '2024-05-17 19:07:42', '119.192.57.6', '2024-05-17 19:07:42', '119.192.57.6'),
	(66, 1, 32, 'https://abbboo-nearby.s3.ap-northeast-2.amazonaws.com/story/bf6e33e3-00fc-451a-a068-4f2ad619b7dd-blob', 'https://abbboo-nearby.s3.ap-northeast-2.amazonaws.com/story/bcdbfb28-b5b4-4b77-96de-5af34ee3e45c-blob', 1, '2024-05-17 20:34:11', '116.36.40.48', '2024-05-17 22:11:43', '222.108.238.36'),
	(67, 10, 43, 'https://abbboo-nearby.s3.ap-northeast-2.amazonaws.com/story/fb3d21ad-57b7-42ec-b090-43ff02725e61-%EB%A7%88%EA%B7%B8%ED%83%95.png', 'https://abbboo-nearby.s3.ap-northeast-2.amazonaws.com/story/9f69eb16-3842-4661-b529-8facba3d9f52-%EB%A7%88%EA%B7%B8%ED%83%95.png', 0, '2024-05-17 20:53:02', '116.36.40.7', '2024-05-17 20:53:02', '116.36.40.7'),
	(68, 10, 43, 'https://abbboo-nearby.s3.ap-northeast-2.amazonaws.com/story/dd9b2661-f15a-4069-8334-b6c82158b469-%EB%A7%88%EA%B7%B8%ED%83%95.png', 'https://abbboo-nearby.s3.ap-northeast-2.amazonaws.com/story/6bab1e50-deb8-4507-a711-971a6eea1194-%EB%A7%88%EA%B7%B8%ED%83%95.png', 0, '2024-05-17 20:55:54', '127.0.0.1', '2024-05-17 20:55:54', '127.0.0.1'),
	(69, 10, 43, 'https://abbboo-nearby.s3.ap-northeast-2.amazonaws.com/story/2dfc8982-0bd9-436a-97d6-eb75883d6955-%EB%A7%88%EA%B7%B8%ED%83%95.png', 'https://abbboo-nearby.s3.ap-northeast-2.amazonaws.com/story/c61e260e-af8c-4d04-b756-65b24090321f-%EB%A7%88%EA%B7%B8%ED%83%95.png', 0, '2024-05-17 20:57:18', '127.0.0.1', '2024-05-17 20:57:18', '127.0.0.1'),
	(70, 10, 43, 'https://abbboo-nearby.s3.ap-northeast-2.amazonaws.com/story/9e5f96d4-1e0f-4920-9ba8-e3625189b232-image.png', 'https://abbboo-nearby.s3.ap-northeast-2.amazonaws.com/story/b09622f5-710c-4e92-b558-971c56c8cea3-image.png', 0, '2024-05-17 21:00:22', '127.0.0.1', '2024-05-17 21:00:22', '127.0.0.1'),
	(71, 10, 43, 'https://abbboo-nearby.s3.ap-northeast-2.amazonaws.com/story/7161b91b-fa32-4853-b1cd-64e0937a0875-image.png', 'https://abbboo-nearby.s3.ap-northeast-2.amazonaws.com/story/61377bc5-12b8-4239-8dd5-a0cfcca12f63-image.png', 0, '2024-05-17 21:04:00', '127.0.0.1', '2024-05-17 21:04:00', '127.0.0.1'),
	(72, 10, 43, 'https://abbboo-nearby.s3.ap-northeast-2.amazonaws.com/story/758c8e75-14b8-4e79-a86e-2581a09a3214-image.png', 'https://abbboo-nearby.s3.ap-northeast-2.amazonaws.com/story/3325c4b0-ba3b-4651-afb4-093e9bb1856d-image.png', 0, '2024-05-17 21:05:47', '127.0.0.1', '2024-05-17 21:05:47', '127.0.0.1'),
	(73, 10, 43, 'https://abbboo-nearby.s3.ap-northeast-2.amazonaws.com/story/86b946aa-867c-4851-8786-23063c933d9e-image.png', 'https://abbboo-nearby.s3.ap-northeast-2.amazonaws.com/story/bd7fccda-125f-4a77-a9a8-6f3e93a9e65a-image.png', 0, '2024-05-17 21:05:50', '127.0.0.1', '2024-05-17 21:05:50', '127.0.0.1'),
	(74, 10, 43, 'https://abbboo-nearby.s3.ap-northeast-2.amazonaws.com/story/d7023d8d-6a3e-4f68-94e7-10a081b92371-image.png', 'https://abbboo-nearby.s3.ap-northeast-2.amazonaws.com/story/b96adb3b-5389-4f8b-ad09-deae42bc83a3-image.png', 0, '2024-05-17 21:06:00', '127.0.0.1', '2024-05-17 21:06:00', '127.0.0.1'),
	(75, 10, 43, 'https://abbboo-nearby.s3.ap-northeast-2.amazonaws.com/story/b137cfb0-2d17-40b2-9123-06830521cdcd-image.png', 'https://abbboo-nearby.s3.ap-northeast-2.amazonaws.com/story/0c41db2c-1fd4-4cc2-bd0f-34cfdaf660bf-image.png', 0, '2024-05-17 21:06:27', '127.0.0.1', '2024-05-17 21:06:27', '127.0.0.1'),
	(76, 81, 43, 'https://abbboo-nearby.s3.ap-northeast-2.amazonaws.com/story/a16d2b77-0f9d-4df5-96d1-20df0e64d6cd-blob', 'https://abbboo-nearby.s3.ap-northeast-2.amazonaws.com/story/5e2908a6-f8ce-4ed4-811c-32b5aba67fb7-blob', 1, '2024-05-17 21:31:10', '106.101.3.107', '2024-05-17 21:32:37', '116.36.40.48'),
	(77, 10, 43, 'https://abbboo-nearby.s3.ap-northeast-2.amazonaws.com/story/e47ddf2d-0b8b-445d-bf32-17bb45e08f32-blob', 'https://abbboo-nearby.s3.ap-northeast-2.amazonaws.com/story/b6bf5af5-3159-4900-8428-8ea64e6c1faf-blob', 0, '2024-05-17 21:58:11', '223.62.148.231', '2024-05-17 21:58:11', '223.62.148.231'),
	(78, 10, 43, 'https://abbboo-nearby.s3.ap-northeast-2.amazonaws.com/story/73810469-d666-43b1-9d31-5d721502f143-blob', 'https://abbboo-nearby.s3.ap-northeast-2.amazonaws.com/story/27e6c2a3-7d82-4dae-843a-f8f7775b4e39-blob', 0, '2024-05-17 21:58:49', '223.62.148.231', '2024-05-17 21:58:49', '223.62.148.231'),
	(79, 10, 43, 'https://abbboo-nearby.s3.ap-northeast-2.amazonaws.com/story/a83427d2-39c2-4640-a075-4df4fe3c5d2e-blob', 'https://abbboo-nearby.s3.ap-northeast-2.amazonaws.com/story/0996d283-248f-4434-966c-c30e90ad1961-blob', 0, '2024-05-17 21:59:47', '223.62.148.231', '2024-05-17 21:59:47', '223.62.148.231'),
	(80, 12, 2, 'https://abbboo-nearby.s3.ap-northeast-2.amazonaws.com/story/3f8dabba-4290-4491-ac1b-a5fa654a6f47-blob', 'https://abbboo-nearby.s3.ap-northeast-2.amazonaws.com/story/458be0a7-ba22-473e-911c-6191537e3253-blob', 1, '2024-05-17 22:33:44', '172.226.95.40', '2024-05-17 22:42:12', '172.226.94.47'),
	(81, 10, 2, 'https://abbboo-nearby.s3.ap-northeast-2.amazonaws.com/story/13ebd0b9-6081-4890-bd43-d9a3774c6bb8-blob', 'https://abbboo-nearby.s3.ap-northeast-2.amazonaws.com/story/5a2d9254-08b4-4d2a-9545-7dd2cb4c6a89-blob', 1, '2024-05-17 22:36:48', '223.62.148.81', '2024-05-18 21:21:34', '39.7.28.193'),
	(82, 10, 2, 'https://abbboo-nearby.s3.ap-northeast-2.amazonaws.com/story/d9af109d-286b-401e-8590-2441d97f488e-blob', 'https://abbboo-nearby.s3.ap-northeast-2.amazonaws.com/story/5a4b151e-b81b-446d-9a1a-55c250a94018-blob', 1, '2024-05-17 22:37:26', '223.62.148.233', '2024-05-18 17:14:20', '116.36.40.48'),
	(83, 10, 2, 'https://abbboo-nearby.s3.ap-northeast-2.amazonaws.com/story/35738be0-3e0d-4180-b269-d61b374a5dfb-blob', 'https://abbboo-nearby.s3.ap-northeast-2.amazonaws.com/story/6b20a8d8-5c34-4092-8884-e90a38d7c09a-blob', 1, '2024-05-17 22:39:29', '223.62.148.97', '2024-05-17 22:42:18', '172.226.94.47'),
	(84, 1, 2, 'https://abbboo-nearby.s3.ap-northeast-2.amazonaws.com/story/a0fb1636-6c26-428c-803e-8e32f978f313-blob', 'https://abbboo-nearby.s3.ap-northeast-2.amazonaws.com/story/a942e548-e100-4623-9921-ff4c49bcd9d4-blob', 0, '2024-05-18 12:11:24', '210.105.105.199', '2024-05-18 12:11:24', '210.105.105.199'),
	(85, 10, 2, 'https://abbboo-nearby.s3.ap-northeast-2.amazonaws.com/story/c98acc2c-08ab-4c07-952a-08854362fea9-blob', 'https://abbboo-nearby.s3.ap-northeast-2.amazonaws.com/story/83f3d976-c386-43a9-a085-31bdf1d00515-blob', 0, '2024-05-18 12:12:08', '211.194.200.29', '2024-05-18 12:12:08', '211.194.200.29'),
	(86, 10, 44, 'https://abbboo-nearby.s3.ap-northeast-2.amazonaws.com/story/55091a69-67ac-4020-963f-5de047288a13-blob', 'https://abbboo-nearby.s3.ap-northeast-2.amazonaws.com/story/c2847593-e54e-40cf-a84d-d31f7c6deae6-blob', 0, '2024-05-18 16:21:45', '223.62.147.158', '2024-05-18 16:21:45', '223.62.147.158'),
	(87, 10, 44, 'https://abbboo-nearby.s3.ap-northeast-2.amazonaws.com/story/459204ab-4c81-429b-8f7b-95fe4a62f0b2-blob', 'https://abbboo-nearby.s3.ap-northeast-2.amazonaws.com/story/12b6aab4-1d90-4b5c-bbb1-9ad9a38160d1-blob', 0, '2024-05-18 16:22:03', '223.62.147.158', '2024-05-18 16:22:03', '223.62.147.158'),
	(88, 10, 44, 'https://abbboo-nearby.s3.ap-northeast-2.amazonaws.com/story/c7562c9b-eced-487c-930d-76e3b54eeb24-blob', 'https://abbboo-nearby.s3.ap-northeast-2.amazonaws.com/story/eca0bfa9-99e9-486c-9d60-d6a23767f179-blob', 0, '2024-05-18 16:22:14', '223.62.147.158', '2024-05-18 16:22:14', '223.62.147.158'),
	(89, 10, 44, 'https://abbboo-nearby.s3.ap-northeast-2.amazonaws.com/story/0f0f9197-812b-4b68-ad5d-8aaea38ad49c-blob', 'https://abbboo-nearby.s3.ap-northeast-2.amazonaws.com/story/950be13d-169a-4c3c-8cdd-fa2f8d5ce1d9-blob', 0, '2024-05-18 16:22:22', '223.62.147.158', '2024-05-18 16:22:22', '223.62.147.158'),
	(90, 10, 45, 'https://abbboo-nearby.s3.ap-northeast-2.amazonaws.com/story/4bd8558e-ec66-4e4e-a2a3-a098b089bbea-blob', 'https://abbboo-nearby.s3.ap-northeast-2.amazonaws.com/story/e57640ea-b0c8-404b-ad2f-9c1aaf3fa913-blob', 0, '2024-05-18 16:25:09', '223.62.148.84', '2024-05-18 16:25:09', '223.62.148.84'),
	(91, 10, 45, 'https://abbboo-nearby.s3.ap-northeast-2.amazonaws.com/story/83e36517-49e0-40d1-acef-18f30fd5be93-blob', 'https://abbboo-nearby.s3.ap-northeast-2.amazonaws.com/story/0aa622f9-ecd0-45d6-88c1-a38c04390c04-blob', 0, '2024-05-18 16:25:17', '223.62.148.84', '2024-05-18 16:25:17', '223.62.148.84'),
	(92, 10, 45, 'https://abbboo-nearby.s3.ap-northeast-2.amazonaws.com/story/130a831b-653f-4301-8a04-7e9a35c8b56a-blob', 'https://abbboo-nearby.s3.ap-northeast-2.amazonaws.com/story/7ba464d0-83f2-49ce-9f31-53c3fbd16059-blob', 0, '2024-05-18 16:25:27', '223.62.148.135', '2024-05-18 16:25:27', '223.62.148.135'),
	(93, 10, 45, 'https://abbboo-nearby.s3.ap-northeast-2.amazonaws.com/story/1fc39bc5-3bfa-4d6a-af0a-4568c70b7390-blob', 'https://abbboo-nearby.s3.ap-northeast-2.amazonaws.com/story/ba1800de-f6f2-4bc8-9480-d948762af0fa-blob', 0, '2024-05-18 16:25:35', '223.62.147.169', '2024-05-18 16:25:35', '223.62.147.169'),
	(94, 1, 2, 'https://abbboo-nearby.s3.ap-northeast-2.amazonaws.com/story/8da3d539-3db6-493f-81a4-ad60ee2b351e-blob', 'https://abbboo-nearby.s3.ap-northeast-2.amazonaws.com/story/b439818e-b7ea-4cb2-8d03-7ab040d5aa28-blob', 1, '2024-05-18 21:19:31', '39.7.28.193', '2024-05-18 21:24:46', '39.7.28.193'),
	(95, 3, 2, 'https://abbboo-nearby.s3.ap-northeast-2.amazonaws.com/story/288a8def-18e9-42c7-8191-ce78cd289db0-blob', 'https://abbboo-nearby.s3.ap-northeast-2.amazonaws.com/story/b706c0ef-3bae-49f0-b28e-bec78d88dd9b-blob', 1, '2024-05-19 01:30:54', '118.235.82.229', '2024-05-19 22:05:34', '118.235.11.92'),
	(1001, 81, 47, 'aaaa', 'bbbb', 0, '2024-05-18 07:05:00', '223.62.147.169', '2024-05-18 07:05:00', '223.62.147.169'),
	(1002, 10, 47, 'aaaa', 'aaaaa', 0, '2024-05-19 13:35:32', '211.194.200.29', '2024-05-19 13:35:32', '211.194.200.29'),
	(1003, 81, 47, 'https://abbboo-nearby.s3.ap-northeast-2.amazonaws.com/story/57a867a8-431b-4f36-90e3-4cf8c2f78330-blob', 'https://abbboo-nearby.s3.ap-northeast-2.amazonaws.com/story/afe95474-0d7c-4c8d-bdca-9f6bacd1596c-blob', 0, '2024-05-19 13:36:52', '106.101.129.74', '2024-05-19 13:36:52', '106.101.129.74'),
	(1004, 10, 48, 'aaa', 'aaa', 0, '2024-05-18 17:15:00', '211.194.200.29', '2024-05-18 17:15:00', '211.194.200.29'),
	(1005, 12, 48, 'bbb', 'bbb', 0, '2024-05-18 17:15:00', '211.194.200.29', '2024-05-18 17:15:00', '211.194.200.29'),
	(1006, 1, 48, 'cc', 'cc', 0, '2024-05-18 17:15:00', '211.194.200.29', '2024-05-18 17:15:00', '211.194.200.29'),
	(1007, 1, 48, 'https://abbboo-nearby.s3.ap-northeast-2.amazonaws.com/story/97e9653d-06fd-4648-ba50-a427050aa04c-blob', 'https://abbboo-nearby.s3.ap-northeast-2.amazonaws.com/story/5018a0da-4111-4f85-a451-afce21aff64a-blob', 0, '2024-05-19 21:45:17', '118.235.11.92', '2024-05-19 21:45:17', '118.235.11.92'),
	(1008, 1, 2, 'https://abbboo-nearby.s3.ap-northeast-2.amazonaws.com/story/31853121-386c-45d2-8895-db0a587ba44a-blob', 'https://abbboo-nearby.s3.ap-northeast-2.amazonaws.com/story/c48051a1-46fd-418e-89f4-7d80fbb2d918-blob', 1, '2024-05-19 22:04:57', '118.235.11.92', '2024-05-19 22:24:35', '118.235.11.92'),
	(1009, 1, 2, 'https://abbboo-nearby.s3.ap-northeast-2.amazonaws.com/story/1085fec9-e8ec-4279-abe4-7b1a0fcbab4c-blob', 'https://abbboo-nearby.s3.ap-northeast-2.amazonaws.com/story/ec5dc980-ef15-479f-95de-21f091b1ba1c-blob', 1, '2024-05-19 22:16:03', '118.235.11.92', '2024-05-19 22:28:49', '118.235.11.92'),
	(1010, 12, 2, 'https://abbboo-nearby.s3.ap-northeast-2.amazonaws.com/story/acc5b58f-ce8f-4319-a4ef-4152470005fd-blob', 'https://abbboo-nearby.s3.ap-northeast-2.amazonaws.com/story/5a09eb47-f790-49bc-9efd-674f7c6f25c3-blob', 1, '2024-05-19 22:30:28', '172.225.52.219', '2024-05-19 22:40:45', '118.235.11.92'),
	(1011, 1, 2, 'https://abbboo-nearby.s3.ap-northeast-2.amazonaws.com/story/60bea996-216f-4e0f-9215-bbca09c6425c-blob', 'https://abbboo-nearby.s3.ap-northeast-2.amazonaws.com/story/9d9f6493-473c-4120-9ee1-d9dc005037a2-blob', 0, '2024-05-19 22:40:06', '118.235.11.92', '2024-05-19 22:40:06', '118.235.11.92');

-- 테이블 abbboo.user 구조 내보내기
CREATE TABLE IF NOT EXISTS `user` (
  `user_id` int NOT NULL AUTO_INCREMENT COMMENT '유저 id',
  `family_id` int DEFAULT NULL COMMENT '유저가 속한 가족 id',
  `kakao_id` varchar(20) DEFAULT NULL COMMENT '유저 카카오 아이디',
  `nickname` varchar(10) DEFAULT NULL COMMENT '어플 내에서 유저가 불러질 이름',
  `birthday` datetime DEFAULT NULL COMMENT '유저의 생년월일',
  `mood` varchar(20) DEFAULT 'NORMAL' COMMENT '유저의 최신 감정상태 (예 : 열정활활, 우울)',
  `decoration` varchar(20) DEFAULT 'NORMAL' COMMENT '유저 펭귄 장식',
  `refresh_token` varchar(255) DEFAULT NULL COMMENT '리프레시 토큰',
  `fcm_token` varchar(255) DEFAULT NULL COMMENT 'fcm 기기 ID 토큰',
  `is_deleted` tinyint(1) DEFAULT '0' COMMENT '회원 탈퇴 여부',
  `created_at` datetime NOT NULL COMMENT '생성 시각',
  `created_ip` varchar(15) NOT NULL COMMENT '생성 ip',
  `updated_at` datetime NOT NULL COMMENT '수정 시각',
  `updated_ip` varchar(15) NOT NULL COMMENT '수정 ip',
  PRIMARY KEY (`user_id`),
  UNIQUE KEY `kakao_id` (`kakao_id`),
  KEY `family_id` (`family_id`),
  CONSTRAINT `user_ibfk_1` FOREIGN KEY (`family_id`) REFERENCES `family` (`family_id`)
) ENGINE=InnoDB AUTO_INCREMENT=91 DEFAULT CHARSET=utf8mb4 COLLATE=utf8mb4_0900_ai_ci;

-- 테이블 데이터 abbboo.user:~82 rows (대략적) 내보내기
INSERT INTO `user` (`user_id`, `family_id`, `kakao_id`, `nickname`, `birthday`, `mood`, `decoration`, `refresh_token`, `fcm_token`, `is_deleted`, `created_at`, `created_ip`, `updated_at`, `updated_ip`) VALUES
	(1, 2, 'kakao-3471156625', '지윤이다', '1996-03-16 00:00:00', 'TIRED', 'MUSTACHE', 'eyJhbGciOiJIUzI1NiJ9.eyJjcmVhdGVkVXNlcklkIjoia2FrYW8tMzQ3MTE1NjYyNSIsImlhdCI6MTcxNjEyMTEwNiwiZXhwIjoxNzE4MTk0NzA2fQ.LbhJkvvUKjGwBrpuN8TeCPkbnZEQPj9P8koOHGfygs0', 'de-bbYuofrItyf9IkRi9yw:APA91bGBGRhN00thSKbw3zLeCge0oSgaRU-ltLFNfe9AkmAgKMmrRsaHgjeAQH1HV3w9iVOE-4ZBzLrvm0tcbj0DifOvO83JzAIdlsthcnXvG0aVgWp3NJ9V8fsHHcTPXJjdpO3AC7IC', 0, '2024-05-14 16:50:22', '118.235.14.87', '2024-05-19 22:45:15', '118.235.11.92'),
	(2, 2, NULL, '이희웅', '2000-01-01 00:00:00', 'NORMAL', 'NORMAL', 'eyJhbGciOiJIUzI1NiJ9.eyJjcmVhdGVkVXNlcklkIjoia2FrYW8tMzQ1OTkyOTc3MCIsImlhdCI6MTcxNTY3MzAzMCwiZXhwIjoxNzE3NzQ2NjMwfQ.joY18N2-6B7GLAIkexyuVYv5RHP6bk5ciaFCPmfJW-8', NULL, 1, '2024-05-14 16:50:30', '14.46.142.184', '2024-05-14 16:59:09', '106.101.129.210'),
	(3, 2, NULL, '승현이', '1998-08-12 00:00:00', 'THINK', 'BEE', 'eyJhbGciOiJIUzI1NiJ9.eyJjcmVhdGVkVXNlcklkIjoia2FrYW8tMzQ3MzgzMDQ4NSIsImlhdCI6MTcxNTkzMDQ2MCwiZXhwIjoxNzE4MDA0MDYwfQ.Cw6xc2av-pR0xFgYDl9yJJ6YGR8QhVrksMK8c8QDuYA', 'fBcJzDKZZW4XQXrmnNmbSX:APA91bEuHSABvdLOMCpzDRrrW1Jy387vMBKs8oqhzOghAGnv3fEtryIoqBhA-pfFYKC91In8TWs9V5HRlCI2BvyPVKe4csylPadaAPmGC4CokQ13QnApjEbEPF99BsdtZ33xbm90ZCoT', 1, '2024-05-14 16:50:42', '14.46.142.192', '2024-05-19 01:49:41', '116.36.40.7'),
	(4, 2, 'kakao-3467169002', '기몌옹', '2000-03-21 00:00:00', 'PASSION', 'BEE', 'eyJhbGciOiJIUzI1NiJ9.eyJjcmVhdGVkVXNlcklkIjoia2FrYW8tMzQ2NzE2OTAwMiIsImlhdCI6MTcxNjExODY3NCwiZXhwIjoxNzE4MTkyMjc0fQ.Z6JjRFRbBZPgtFzq_YcxbEM493133Bd8eg432-V8cO0', 'cKVECBj0ujftCAzIOQs2pl:APA91bGQ9kCprreLRRcKpWKnLN8DAKSbBTKJ8ZZ1ednG0O9SZ24hY13ywcZkLh5BecyNFnBlFhhvK-1krhicq_jBweQ0bYsXYWQnwYnaw117aQgcx_YjeFFCtMKlz8b2S6OVAZ6Rt3zx', 0, '2024-05-14 16:51:31', '118.235.11.177', '2024-05-19 20:37:55', '211.229.19.152'),
	(5, NULL, NULL, NULL, NULL, 'NORMAL', 'NORMAL', 'eyJhbGciOiJIUzI1NiJ9.eyJjcmVhdGVkVXNlcklkIjoia2FrYW8tMzQ1NjEyMDI4MSIsImlhdCI6MTcxNTY3MzEwNSwiZXhwIjoxNzE3NzQ2NzA1fQ.-m6qAU3A9zobejKhB8DlaiBkM_kuk2n4E4XMPmr2yDE', NULL, 1, '2024-05-14 16:51:46', '223.62.147.31', '2024-05-14 16:52:05', '223.62.147.1'),
	(6, NULL, NULL, NULL, NULL, 'NORMAL', 'NORMAL', 'eyJhbGciOiJIUzI1NiJ9.eyJjcmVhdGVkVXNlcklkIjoia2FrYW8tMzQ1NjEyMDI4MSIsImlhdCI6MTcxNTY3MzEyNiwiZXhwIjoxNzE3NzQ2NzI2fQ.672DdksJdaHKqNjLRzOmhVSMIPyniJDPQZ6aIJsMgWU', NULL, 1, '2024-05-14 16:52:07', '223.62.147.1', '2024-05-14 16:54:42', '223.62.148.209'),
	(7, 3, 'kakao-3481663772', '차개듀오해원', '1997-06-17 00:00:00', 'CHEERUP', 'HEARTHAIRBAND', 'eyJhbGciOiJIUzI1NiJ9.eyJjcmVhdGVkVXNlcklkIjoia2FrYW8tMzQ4MTY2Mzc3MiIsImlhdCI6MTcxNTY3MzIxMCwiZXhwIjoxNzE3NzQ2ODEwfQ.cJMBnzbCdMEHMz_N27qLnYu9MmRgxxJZPB4A-fD2QRU', NULL, 0, '2024-05-14 16:53:30', '14.46.142.186', '2024-05-14 16:55:02', '14.46.142.186'),
	(8, NULL, NULL, NULL, NULL, 'NORMAL', 'NORMAL', 'eyJhbGciOiJIUzI1NiJ9.eyJjcmVhdGVkVXNlcklkIjoia2FrYW8tMzQ1NjEyMDI4MSIsImlhdCI6MTcxNTY3MzI4NCwiZXhwIjoxNzE3NzQ2ODg0fQ.uPkmgeAW2LL7p3lm7kkrvun4dKXPNqbveRlGLaQkYCw', NULL, 1, '2024-05-14 16:54:44', '223.62.148.209', '2024-05-14 16:55:58', '223.62.148.100'),
	(9, NULL, NULL, NULL, NULL, 'NORMAL', 'NORMAL', 'eyJhbGciOiJIUzI1NiJ9.eyJjcmVhdGVkVXNlcklkIjoia2FrYW8tMzQ1NjEyMDI4MSIsImlhdCI6MTcxNTY3MzM1OSwiZXhwIjoxNzE3NzQ2OTU5fQ.22bjZS0-Z5IYAxjDn84TyWXRCFtZXYp9YIJx_w3qGZs', NULL, 1, '2024-05-14 16:55:59', '223.62.148.100', '2024-05-14 16:57:13', '223.62.147.37'),
	(10, 2, 'kakao-3456120281', '신영한', '1995-02-09 00:00:00', 'CHEERUP', 'POOP', 'eyJhbGciOiJIUzI1NiJ9.eyJjcmVhdGVkVXNlcklkIjoia2FrYW8tMzQ1NjEyMDI4MSIsImlhdCI6MTcxNjEzMTMzNywiZXhwIjoxNzE4MjA0OTM3fQ.28gLRp29Utsvogtk_Wbf2Gmhtsi8n-X0Gcgr6DF7qfg', 'e3cu2PAC4HdcwBI7RnjtJi:APA91bEoNzTflqiiADWfMiumTVoVYP7r6bxjHQO0no8l_pgGqDRGHvR7eKNETlf26kOXgbXYD8kbyFBtbitd9UmOfKgxdA8kpL3w6qZUlfT9_p4jNLFMbmhbkN21SEZ3zDJQskBOzG7M', 0, '2024-05-14 16:57:15', '223.62.147.37', '2024-05-20 00:08:58', '211.194.200.29'),
	(11, NULL, NULL, '이희웅', '2000-01-08 00:00:00', 'NORMAL', 'NORMAL', 'eyJhbGciOiJIUzI1NiJ9.eyJjcmVhdGVkVXNlcklkIjoia2FrYW8tMzQ1OTkyOTc3MCIsImlhdCI6MTcxNTY3NDQ2NSwiZXhwIjoxNzE3NzQ4MDY1fQ.Z9oK63TkWoIiuBq7YWItK4xFhx7HDsaICZjQ7G1j9v8', NULL, 1, '2024-05-14 16:59:11', '106.101.129.210', '2024-05-14 17:30:28', '106.101.129.210'),
	(12, 2, 'kakao-3473760225', '히원이얌', '1999-04-27 00:00:00', 'THINK', 'POOP', 'eyJhbGciOiJIUzI1NiJ9.eyJjcmVhdGVkVXNlcklkIjoia2FrYW8tMzQ3Mzc2MDIyNSIsImlhdCI6MTcxNjEyODk1NywiZXhwIjoxNzE4MjAyNTU3fQ.sL-52F-Of2GYTg0Ab7ubOTUzGm_rjuNwfVdIwBKZlu8', 'fUZnVAtF4QJxPbZRyVP-86:APA91bEuCgCLCo9aaNQi0jYizb1ssihhqubOB6Fpjkh-zNeCAYElW7hJ5ApMv84QozZj94zT-8x5H69PxTekSnHHe-C7jsGHJTLb-iZCfV3bxY2HVBNMC_U3thlHexlsYItN0EvQb4zL', 0, '2024-05-14 17:01:09', '172.226.95.41', '2024-05-19 23:29:18', '104.28.84.63'),
	(14, NULL, NULL, '이희웅', '2000-01-01 00:00:00', 'NORMAL', 'NORMAL', 'eyJhbGciOiJIUzI1NiJ9.eyJjcmVhdGVkVXNlcklkIjoia2FrYW8tMzQ1OTkyOTc3MCIsImlhdCI6MTcxNTY3NTQ4MiwiZXhwIjoxNzE3NzQ5MDgyfQ.ejFJQrAPkrMm3Q485JssBYr8InQ2P1hvyuJOqziwAfk', NULL, 1, '2024-05-14 17:31:22', '106.101.129.210', '2024-05-14 17:32:18', '106.101.129.210'),
	(15, 2, NULL, '이희웅', '2000-01-01 00:00:00', 'THINK', 'HAT', 'eyJhbGciOiJIUzI1NiJ9.eyJjcmVhdGVkVXNlcklkIjoia2FrYW8tMzQ1OTkyOTc3MCIsImlhdCI6MTcxNTY3OTkwMSwiZXhwIjoxNzE3NzUzNTAxfQ.w_nauJE5kkBchL8qQ982gWSAGnzaAcrZulyA769G4l0', NULL, 1, '2024-05-14 17:32:19', '106.101.129.210', '2024-05-14 18:45:12', '106.101.129.210'),
	(16, 2, NULL, '나누구게?', '2000-03-28 00:00:00', 'TIRED', 'GLASSES', 'eyJhbGciOiJIUzI1NiJ9.eyJjcmVhdGVkVXNlcklkIjoia2FrYW8tMzQ1OTkyOTc3MCIsImlhdCI6MTcxNTY4NzQ1NywiZXhwIjoxNzE3NzYxMDU3fQ.1U30P1fcyDHY_9rvRFdE0xhh18gqUCXs-PgXf5u8mhA', NULL, 1, '2024-05-14 18:45:14', '106.101.129.210', '2024-05-14 20:51:48', '106.101.129.210'),
	(17, 14, NULL, NULL, NULL, 'NORMAL', 'NORMAL', 'eyJhbGciOiJIUzI1NiJ9.eyJjcmVhdGVkVXNlcklkIjoia2FrYW8tMzQ1OTkyOTc3MCIsImlhdCI6MTcxNTY4NzUzMiwiZXhwIjoxNzE3NzYxMTMyfQ.IqWMXA1vb4QgjdCA-W3yu03E761yAwS8IBbU0mvuPrM', NULL, 1, '2024-05-14 20:51:50', '106.101.129.210', '2024-05-14 21:23:03', '106.101.129.210'),
	(18, 2, NULL, '리휘옹', '2000-01-01 00:00:00', 'CHEERUP', 'HAT', 'eyJhbGciOiJIUzI1NiJ9.eyJjcmVhdGVkVXNlcklkIjoia2FrYW8tMzQ1OTkyOTc3MCIsImlhdCI6MTcxNTgzNzMzNSwiZXhwIjoxNzE3OTEwOTM1fQ.B8-nohKvcCim7e7HACImASlq6YEFs0YodIiwdeoZs_8', NULL, 1, '2024-05-14 21:23:05', '106.101.129.210', '2024-05-16 14:36:35', '14.46.142.184'),
	(19, 17, 'kakao-3482962103', '쭈~', '2000-01-01 00:00:00', 'WORRY', 'ALIEN', 'eyJhbGciOiJIUzI1NiJ9.eyJjcmVhdGVkVXNlcklkIjoia2FrYW8tMzQ4Mjk2MjEwMyIsImlhdCI6MTcxNjExODE5NCwiZXhwIjoxNzE4MTkxNzk0fQ.HUuipPUpu6Tfx5dBp2AOJKGhwt9Gqv_KdYhSCAmubEg', NULL, 0, '2024-05-15 15:25:39', '121.129.157.72', '2024-05-19 20:29:55', '121.129.157.72'),
	(20, 17, 'kakao-3482988160', '나다', '1995-08-26 00:00:00', 'NORMAL', 'NORMAL', 'eyJhbGciOiJIUzI1NiJ9.eyJjcmVhdGVkVXNlcklkIjoia2FrYW8tMzQ4Mjk4ODE2MCIsImlhdCI6MTcxNTc1NTM3MSwiZXhwIjoxNzE3ODI4OTcxfQ.d_hy1wAWRIAu8cBNdZbgdhUIcSbJaCwlWZtBGENQsQQ', NULL, 0, '2024-05-15 15:42:52', '211.235.72.51', '2024-05-15 15:43:10', '211.235.72.51'),
	(21, 16, 'kakao-3484159331', 'ㅗ', '2000-01-01 00:00:00', 'THINK', 'HAT', 'eyJhbGciOiJIUzI1NiJ9.eyJjcmVhdGVkVXNlcklkIjoia2FrYW8tMzQ4NDE1OTMzMSIsImlhdCI6MTcxNTgyOTI3MywiZXhwIjoxNzE3OTAyODczfQ.ksyBhzsMEPRkFFxQFeGNt1kOdvhGFTbBEYE0amJIu9c', NULL, 0, '2024-05-16 11:55:16', '117.111.28.83', '2024-05-16 12:14:33', '117.111.28.83'),
	(22, 16, 'kakao-3484179019', '안녕하세요', '2000-01-01 00:00:00', 'NORMAL', 'NORMAL', 'eyJhbGciOiJIUzI1NiJ9.eyJjcmVhdGVkVXNlcklkIjoia2FrYW8tMzQ4NDE3OTAxOSIsImlhdCI6MTcxNTg0OTMzMSwiZXhwIjoxNzE3OTIyOTMxfQ.C_thpDAFVDBxvPpso7OQlvevafevRS_mKdvHZe0ur68', NULL, 0, '2024-05-16 12:09:27', '118.235.82.208', '2024-05-16 17:50:54', '14.46.142.208'),
	(23, 16, 'kakao-3484290808', '럭키비키잖아', '1998-02-13 00:00:00', 'TIRED', 'ALIEN', 'eyJhbGciOiJIUzI1NiJ9.eyJjcmVhdGVkVXNlcklkIjoia2FrYW8tMzQ4NDI5MDgwOCIsImlhdCI6MTcxNTkzMTE4NSwiZXhwIjoxNzE4MDA0Nzg1fQ.KV5I9UZm8aetbbF24P05WqfzThKaQLVWDSOrFe2FEpA', NULL, 0, '2024-05-16 13:29:52', '118.235.84.155', '2024-05-17 16:33:06', '118.235.83.80'),
	(24, NULL, 'kakao-3484351114', 'lemon', '1995-09-05 00:00:00', 'NORMAL', 'NORMAL', 'eyJhbGciOiJIUzI1NiJ9.eyJjcmVhdGVkVXNlcklkIjoia2FrYW8tMzQ4NDM1MTExNCIsImlhdCI6MTcxNTgzNjUzNSwiZXhwIjoxNzE3OTEwMTM1fQ.d34j9hxOGJWEig05Q-XwbVnSy-tbMgRDGoQ6VEYM9GA', NULL, 0, '2024-05-16 14:11:48', '14.50.47.198', '2024-05-16 14:15:36', '14.50.47.198'),
	(25, 19, 'kakao-3484351297', 'SY', '1999-03-03 00:00:00', 'NORMAL', 'NORMAL', 'eyJhbGciOiJIUzI1NiJ9.eyJjcmVhdGVkVXNlcklkIjoia2FrYW8tMzQ4NDM1MTI5NyIsImlhdCI6MTcxNTgzNjMxNSwiZXhwIjoxNzE3OTA5OTE1fQ.qlU4ItZWKbTjFt1RCr6AkDajMNYVrNqawJLNT_FfuG0', NULL, 0, '2024-05-16 14:11:55', '14.46.141.228', '2024-05-16 14:12:18', '14.46.141.228'),
	(26, 21, 'kakao-3484355686', 'ddager', '1997-06-18 00:00:00', 'CHEERUP', 'ALIEN', 'eyJhbGciOiJIUzI1NiJ9.eyJjcmVhdGVkVXNlcklkIjoia2FrYW8tMzQ4NDM1NTY4NiIsImlhdCI6MTcxNTgzNjc0NywiZXhwIjoxNzE3OTEwMzQ3fQ.wAueLCGcb_KG-sKjg-1FWplfdhDPi4uQE6_tNLfLPiY', NULL, 0, '2024-05-16 14:15:00', '14.46.142.171', '2024-05-16 14:33:21', '14.46.142.171'),
	(27, 22, 'kakao-3484356812', '햄스터', '1998-09-25 00:00:00', 'NORMAL', 'NORMAL', 'eyJhbGciOiJIUzI1NiJ9.eyJjcmVhdGVkVXNlcklkIjoia2FrYW8tMzQ4NDM1NjgxMiIsImlhdCI6MTcxNTgzNjU0NiwiZXhwIjoxNzE3OTEwMTQ2fQ.htJ10tGF-Pf058wm2KunjwbDwxcHBwZP17eHYBkM-DQ', NULL, 0, '2024-05-16 14:15:47', '211.192.252.144', '2024-05-16 14:17:01', '211.192.252.144'),
	(28, 20, 'kakao-3484356993', '효리', '1999-12-09 00:00:00', 'CHEERUP', 'NORMAL', 'eyJhbGciOiJIUzI1NiJ9.eyJjcmVhdGVkVXNlcklkIjoia2FrYW8tMzQ4NDM1Njk5MyIsImlhdCI6MTcxNTgzNjU1NCwiZXhwIjoxNzE3OTEwMTU0fQ.-MITvYBU8H-it4-E9gxslXl9wS2pJ2R7KO3E2RFgJKI', NULL, 0, '2024-05-16 14:15:55', '211.192.252.203', '2024-05-16 14:18:52', '211.192.252.203'),
	(29, 23, 'kakao-3484357823', '코드스피드', '2024-05-20 00:00:00', 'NORMAL', 'NORMAL', 'eyJhbGciOiJIUzI1NiJ9.eyJjcmVhdGVkVXNlcklkIjoia2FrYW8tMzQ4NDM1NzgyMyIsImlhdCI6MTcxNTgzNjU4NywiZXhwIjoxNzE3OTEwMTg3fQ.Efxqiq6-ZjglpKFG1Aye8xQQx2wGSbUEeO_cA8iBLLw', NULL, 0, '2024-05-16 14:16:28', '222.107.238.10', '2024-05-16 14:17:09', '222.107.238.10'),
	(30, 21, NULL, '전찬', '1998-12-25 00:00:00', 'PASSION', 'HAT', 'eyJhbGciOiJIUzI1NiJ9.eyJjcmVhdGVkVXNlcklkIjoia2FrYW8tMzQ4NDM1OTQ4MiIsImlhdCI6MTcxNTgzNjY2NSwiZXhwIjoxNzE3OTEwMjY1fQ.ISXdcAzpvGA3NsBsp7cZ_LInxp4LdztMoAo1hS9qCf8', NULL, 1, '2024-05-16 14:17:37', '14.46.141.243', '2024-05-16 16:05:08', '14.46.141.222'),
	(31, 20, 'kakao-3484360180', 'asdf', '2000-01-01 00:00:00', 'NORMAL', 'NORMAL', 'eyJhbGciOiJIUzI1NiJ9.eyJjcmVhdGVkVXNlcklkIjoia2FrYW8tMzQ4NDM2MDE4MCIsImlhdCI6MTcxNTgzNjY4NiwiZXhwIjoxNzE3OTEwMjg2fQ.NNz_gtVTGYiTEvTyqjnutOXkgRcuPrUAysqs8vwglPY', NULL, 0, '2024-05-16 14:18:06', '211.192.210.73', '2024-05-16 14:18:18', '211.192.210.73'),
	(32, 20, 'kakao-3484361333', '나비츄', '1999-07-01 00:00:00', 'NORMAL', 'NORMAL', 'eyJhbGciOiJIUzI1NiJ9.eyJjcmVhdGVkVXNlcklkIjoia2FrYW8tMzQ4NDM2MTMzMyIsImlhdCI6MTcxNTgzNjczMywiZXhwIjoxNzE3OTEwMzMzfQ.aJfQkgcR4cVpnImIHWAh6hxKkkAfDP2DzcTilTTQKPg', NULL, 0, '2024-05-16 14:18:53', '211.192.252.12', '2024-05-16 14:19:27', '211.192.252.12'),
	(33, NULL, 'kakao-3484366132', '상남자', '1998-03-02 00:00:00', 'NORMAL', 'NORMAL', 'eyJhbGciOiJIUzI1NiJ9.eyJjcmVhdGVkVXNlcklkIjoia2FrYW8tMzQ4NDM2NjEzMiIsImlhdCI6MTcxNTgzNjkzNCwiZXhwIjoxNzE3OTEwNTM0fQ.mqIVPPJ-4_IV_g2ERsnzzTtk02oWShY0m6NqmcIiwLM', NULL, 0, '2024-05-16 14:22:14', '222.107.238.24', '2024-05-16 14:22:32', '222.107.238.24'),
	(34, 38, 'kakao-3484368887', '펭구1호', '1998-02-20 00:00:00', 'THINK', 'BEE', 'eyJhbGciOiJIUzI1NiJ9.eyJjcmVhdGVkVXNlcklkIjoia2FrYW8tMzQ4NDM2ODg4NyIsImlhdCI6MTcxNTgzNzA1MSwiZXhwIjoxNzE3OTEwNjUxfQ.qWZwR6s2BTrZplqGa-Zl8DFsAsNXC_0jC6sKJfeMJ0I', NULL, 0, '2024-05-16 14:24:11', '14.46.142.194', '2024-05-17 09:46:52', '14.46.142.194'),
	(35, NULL, 'kakao-3484379087', '팽둥', '1996-03-31 00:00:00', 'NORMAL', 'NORMAL', 'eyJhbGciOiJIUzI1NiJ9.eyJjcmVhdGVkVXNlcklkIjoia2FrYW8tMzQ4NDM3OTA4NyIsImlhdCI6MTcxNTgzNzQ4NCwiZXhwIjoxNzE3OTExMDg0fQ.9c41E4hqMgP8m-K6OZNhbGRH-bu_PtJaSMCCEUPLrmA', NULL, 0, '2024-05-16 14:31:25', '14.46.141.159', '2024-05-16 14:31:44', '14.46.141.159'),
	(36, NULL, NULL, '123', '2000-01-01 00:00:00', 'NORMAL', 'NORMAL', 'eyJhbGciOiJIUzI1NiJ9.eyJjcmVhdGVkVXNlcklkIjoia2FrYW8tMzQ1OTkyOTc3MCIsImlhdCI6MTcxNTgzNzgyNSwiZXhwIjoxNzE3OTExNDI1fQ.wysmah0bgf_Lu4d5TAbFunfF1dJyAd4geWfMKVIEjQs', NULL, 1, '2024-05-16 14:37:05', '14.46.142.184', '2024-05-16 14:38:20', '14.46.142.184'),
	(37, NULL, NULL, '이희웅', '2000-01-01 00:00:00', 'NORMAL', 'NORMAL', 'eyJhbGciOiJIUzI1NiJ9.eyJjcmVhdGVkVXNlcklkIjoia2FrYW8tMzQ1OTkyOTc3MCIsImlhdCI6MTcxNTgzNzkwNiwiZXhwIjoxNzE3OTExNTA2fQ.VAYIaiyhqm5Yi6hY8QcdUz-SlQTZCVUWzL5EBC5VWPw', NULL, 1, '2024-05-16 14:38:26', '14.46.142.184', '2024-05-16 14:39:55', '14.46.142.184'),
	(38, NULL, 'kakao-3484389952', '배추서리전문가', '1996-06-21 00:00:00', 'PASSION', 'NORMAL', 'eyJhbGciOiJIUzI1NiJ9.eyJjcmVhdGVkVXNlcklkIjoia2FrYW8tMzQ4NDM4OTk1MiIsImlhdCI6MTcxNTgzNzkzOCwiZXhwIjoxNzE3OTExNTM4fQ.aXO0y2HHWc6zM1Qu268jVVnYEYymm_yoC51G3buqeFM', NULL, 0, '2024-05-16 14:38:58', '14.46.142.185', '2024-05-16 14:39:45', '14.46.142.185'),
	(39, NULL, NULL, '123', '2000-01-01 00:00:00', 'NORMAL', 'NORMAL', 'eyJhbGciOiJIUzI1NiJ9.eyJjcmVhdGVkVXNlcklkIjoia2FrYW8tMzQ1OTkyOTc3MCIsImlhdCI6MTcxNTgzNzk5NywiZXhwIjoxNzE3OTExNTk3fQ.kbyCo_lwSo4UYP28ynUxamoCNczll8z8DtpxK8KgacE', NULL, 1, '2024-05-16 14:39:57', '14.46.142.184', '2024-05-16 14:45:31', '14.46.142.184'),
	(40, 24, NULL, '우하하', '1998-01-01 00:00:00', 'NORMAL', 'NORMAL', 'eyJhbGciOiJIUzI1NiJ9.eyJjcmVhdGVkVXNlcklkIjoia2FrYW8tMzQ4NDM5NTgyNiIsImlhdCI6MTcxNTgzODE4MywiZXhwIjoxNzE3OTExNzgzfQ.gN-K8uX-1ESecISgj6ErwPP8_UOJqOFmGLiRMnGfBHA', NULL, 1, '2024-05-16 14:43:03', '14.50.47.143', '2024-05-16 14:44:46', '14.50.47.143'),
	(41, 32, 'kakao-3484397005', '탑정', '1986-01-01 00:00:00', 'NORMAL', 'NORMAL', 'eyJhbGciOiJIUzI1NiJ9.eyJjcmVhdGVkVXNlcklkIjoia2FrYW8tMzQ4NDM5NzAwNSIsImlhdCI6MTcxNTg1MzQwNSwiZXhwIjoxNzE3OTI3MDA1fQ.GFqta1qS1gp0uyntB6KOuIP6X_RN6yX5-hgbLlRZkiU', NULL, 0, '2024-05-16 14:43:53', '118.235.2.91', '2024-05-16 18:56:45', '118.235.2.91'),
	(42, NULL, 'kakao-3484395826', NULL, NULL, 'NORMAL', 'NORMAL', 'eyJhbGciOiJIUzI1NiJ9.eyJjcmVhdGVkVXNlcklkIjoia2FrYW8tMzQ4NDM5NTgyNiIsImlhdCI6MTcxNTgzODI4OCwiZXhwIjoxNzE3OTExODg4fQ.yC1cxpDHd41szJYey2brfN2kVnFytSOjeRqKoevnGQQ', NULL, 0, '2024-05-16 14:44:48', '14.50.47.143', '2024-05-16 14:44:48', '14.50.47.143'),
	(43, 28, NULL, NULL, NULL, 'NORMAL', 'NORMAL', 'eyJhbGciOiJIUzI1NiJ9.eyJjcmVhdGVkVXNlcklkIjoia2FrYW8tMzQ1OTkyOTc3MCIsImlhdCI6MTcxNTg0MTA0OSwiZXhwIjoxNzE3OTE0NjQ5fQ.y7-27gvIR1aTL8aCBtT-xmSK_bVUqNLZ2HzYdAnmgVw', NULL, 1, '2024-05-16 14:45:48', '14.46.142.184', '2024-05-16 15:31:34', '14.46.142.182'),
	(44, NULL, 'kakao-3484417777', '예쓰', '1994-04-24 00:00:00', 'NORMAL', 'NORMAL', 'eyJhbGciOiJIUzI1NiJ9.eyJjcmVhdGVkVXNlcklkIjoia2FrYW8tMzQ4NDQxNzc3NyIsImlhdCI6MTcxNTgzOTEwNCwiZXhwIjoxNzE3OTEyNzA0fQ.wHJ_hfrgIC9KpjqjBC-tqVBmKqQQRw6DqPBBlQo4KAQ', NULL, 0, '2024-05-16 14:58:25', '14.46.141.165', '2024-05-16 14:58:50', '14.46.141.165'),
	(45, 25, 'kakao-3484428099', '펭귄재성', '1998-04-10 00:00:00', 'NORMAL', 'NORMAL', 'eyJhbGciOiJIUzI1NiJ9.eyJjcmVhdGVkVXNlcklkIjoia2FrYW8tMzQ4NDQyODA5OSIsImlhdCI6MTcxNTgzOTUxMiwiZXhwIjoxNzE3OTEzMTEyfQ.UC-r99K_xEufgojPkwo1UVzzHSruwxislSFsuxPVGXI', NULL, 0, '2024-05-16 15:05:13', '14.46.141.192', '2024-05-16 15:05:40', '14.46.141.192'),
	(46, 26, 'kakao-3484429553', '인화', '1998-04-15 00:00:00', 'THINK', 'TIE', 'eyJhbGciOiJIUzI1NiJ9.eyJjcmVhdGVkVXNlcklkIjoia2FrYW8tMzQ4NDQyOTU1MyIsImlhdCI6MTcxNTgzOTU2NiwiZXhwIjoxNzE3OTEzMTY2fQ.XG-xa89K_D8XBMjCk4lEKix9RtKPimcJGdMkCZazSbE', NULL, 0, '2024-05-16 15:06:07', '118.235.2.66', '2024-05-16 15:08:43', '118.235.2.66'),
	(47, 25, 'kakao-3484429639', '펭지', '1998-02-06 00:00:00', 'NORMAL', 'NORMAL', 'eyJhbGciOiJIUzI1NiJ9.eyJjcmVhdGVkVXNlcklkIjoia2FrYW8tMzQ4NDQyOTYzOSIsImlhdCI6MTcxNTgzOTU3MCwiZXhwIjoxNzE3OTEzMTcwfQ.tkhXJHVX8lucAQ7l8-muwukheYE9TntmOCJIzxXLNdY', NULL, 0, '2024-05-16 15:06:10', '14.46.141.178', '2024-05-16 15:06:27', '14.46.141.178'),
	(48, 27, 'kakao-3484450854', '펭귄은귀여워', '2024-01-01 00:00:00', 'NORMAL', 'NORMAL', 'eyJhbGciOiJIUzI1NiJ9.eyJjcmVhdGVkVXNlcklkIjoia2FrYW8tMzQ4NDQ1MDg1NCIsImlhdCI6MTcxNTg0MDQyMSwiZXhwIjoxNzE3OTE0MDIxfQ.0cYHCpw9KvGyJ7jFk1KbjgIbspxLS8yRfwaK_hmhwQE', NULL, 0, '2024-05-16 15:20:22', '14.46.142.153', '2024-05-16 15:21:31', '14.46.142.153'),
	(49, 27, 'kakao-3484453240', '커여운펭귄', '1999-08-20 00:00:00', 'CHEERUP', 'HAT', 'eyJhbGciOiJIUzI1NiJ9.eyJjcmVhdGVkVXNlcklkIjoia2FrYW8tMzQ4NDQ1MzI0MCIsImlhdCI6MTcxNTg0MDUxNywiZXhwIjoxNzE3OTE0MTE3fQ.mPmvapZnD9ryEzeudF22D5BmTVPxpz6uMUMhHYVokrY', NULL, 0, '2024-05-16 15:21:57', '14.46.141.221', '2024-05-16 15:28:27', '14.46.141.221'),
	(52, NULL, 'kakao-3484475541', '기린뒤', '1996-03-17 00:00:00', 'NORMAL', 'NORMAL', 'eyJhbGciOiJIUzI1NiJ9.eyJjcmVhdGVkVXNlcklkIjoia2FrYW8tMzQ4NDQ3NTU0MSIsImlhdCI6MTcxNTg0MTQzMiwiZXhwIjoxNzE3OTE1MDMyfQ.KNpzZpB1OrwOYHpNP4LmYB_14jecdFX3hzNcWdJNgdY', NULL, 0, '2024-05-16 15:37:12', '121.178.98.17', '2024-05-16 15:37:30', '121.178.98.17'),
	(53, NULL, NULL, '123', '2000-01-01 00:00:00', 'NORMAL', 'NORMAL', 'eyJhbGciOiJIUzI1NiJ9.eyJjcmVhdGVkVXNlcklkIjoia2FrYW8tMzQ1OTkyOTc3MCIsImlhdCI6MTcxNTg0MTUxMywiZXhwIjoxNzE3OTE1MTEzfQ.iXl8_pITTtvBakJUUs3VGNPCX3jlbQUtwJsV3CpCj7Q', NULL, 1, '2024-05-16 15:38:34', '14.46.142.184', '2024-05-16 16:03:42', '106.101.3.175'),
	(54, 35, NULL, '이희웅', '2000-01-27 00:00:00', 'NORMAL', 'NORMAL', 'eyJhbGciOiJIUzI1NiJ9.eyJjcmVhdGVkVXNlcklkIjoia2FrYW8tMzQ1OTkyOTc3MCIsImlhdCI6MTcxNTg1MDg2NCwiZXhwIjoxNzE3OTI0NDY0fQ.0uQpHsnuK5Coe_lA_R3B39IZr8QGl7TFqEfdle3pEcs', NULL, 1, '2024-05-16 16:03:50', '106.101.3.175', '2024-05-17 08:48:10', '14.46.142.184'),
	(55, 21, NULL, '전찬', '1998-12-25 00:00:00', 'NORMAL', 'NORMAL', 'eyJhbGciOiJIUzI1NiJ9.eyJjcmVhdGVkVXNlcklkIjoia2FrYW8tMzQ4NDM1OTQ4MiIsImlhdCI6MTcxNTg0MzEzNywiZXhwIjoxNzE3OTE2NzM3fQ.Y26d6YgGtIkGaA0Bw5xjyJtSEG_NQ8tgu5LCrTHx7SU', NULL, 1, '2024-05-16 16:05:17', '14.46.141.222', '2024-05-16 16:09:28', '14.46.141.222'),
	(56, 43, 'kakao-3484359482', '하이루', '2024-01-01 00:00:00', 'NORMAL', 'NORMAL', 'eyJhbGciOiJIUzI1NiJ9.eyJjcmVhdGVkVXNlcklkIjoia2FrYW8tMzQ4NDM1OTQ4MiIsImlhdCI6MTcxNTkyMDg3NiwiZXhwIjoxNzE3OTk0NDc2fQ.-_eTmydr2Tn_ILz0ChxWTWgGUQo9zfaWcNCTeUqsrCo', 'ettHKCcfa3x0BH9lDd29Ce:APA91bHVQzRllDt7_ROyPC_TAJJGL4DEfetUC6G5hjEWMwH9JpFQGVezOTvf0DID7GxyOraDUafDJHlEn1OuM_aBnMZo2JAeDJcgzgwBVbTifKO6mZTnmkeyDjABDqqQF0CdLu8q37CV', 0, '2024-05-16 16:09:35', '14.46.141.222', '2024-05-17 13:41:17', '223.39.174.229'),
	(57, NULL, 'kakao-3484533297', '까까', '1986-02-14 00:00:00', 'NORMAL', 'NORMAL', 'eyJhbGciOiJIUzI1NiJ9.eyJjcmVhdGVkVXNlcklkIjoia2FrYW8tMzQ4NDUzMzI5NyIsImlhdCI6MTcxNTg0Mzc2NCwiZXhwIjoxNzE3OTE3MzY0fQ.tueBdLqxQI23Ay7A62ugvIwS1dejvo-qYXgifmb3EPQ', NULL, 0, '2024-05-16 16:16:05', '210.118.65.193', '2024-05-16 16:16:36', '210.118.65.193'),
	(58, NULL, 'kakao-3484543251', '안녕', '2000-01-01 00:00:00', 'NORMAL', 'NORMAL', 'eyJhbGciOiJIUzI1NiJ9.eyJjcmVhdGVkVXNlcklkIjoia2FrYW8tMzQ4NDU0MzI1MSIsImlhdCI6MTcxNTg0NDE1MywiZXhwIjoxNzE3OTE3NzUzfQ.hiY0R0QwElDTSxRPqjQyeIvrHYezx3hYbPSiL3SXf7U', NULL, 0, '2024-05-16 16:22:33', '118.235.12.118', '2024-05-16 16:22:46', '118.235.12.118'),
	(59, 30, NULL, '우리꺼유출됐나', '1996-09-02 00:00:00', 'NORMAL', 'NORMAL', 'eyJhbGciOiJIUzI1NiJ9.eyJjcmVhdGVkVXNlcklkIjoia2FrYW8tMzQ4NDU1ODYyNyIsImlhdCI6MTcxNTg0NTA2NywiZXhwIjoxNzE3OTE4NjY3fQ.p1J2KDDGTlUuhjfHR-gEkKlArY4xNQXMQrEbvVVFVDM', NULL, 1, '2024-05-16 16:32:41', '211.192.210.226', '2024-05-16 16:40:10', '211.234.192.158'),
	(60, 30, NULL, '예삐', '2000-01-01 00:00:00', 'NORMAL', 'NORMAL', 'eyJhbGciOiJIUzI1NiJ9.eyJjcmVhdGVkVXNlcklkIjoia2FrYW8tMzQ4NDU1ODY4MSIsImlhdCI6MTcxNTg0NDc2MywiZXhwIjoxNzE3OTE4MzYzfQ.fLa2qHSf-E8tB-JJZPRFeW-BPVxospl-w4VlpNaU4Uw', NULL, 1, '2024-05-16 16:32:44', '211.192.252.221', '2024-05-16 16:39:42', '211.192.252.221'),
	(61, 30, 'kakao-3484558742', '호옹이', '1997-02-14 00:00:00', 'NORMAL', 'NORMAL', 'eyJhbGciOiJIUzI1NiJ9.eyJjcmVhdGVkVXNlcklkIjoia2FrYW8tMzQ4NDU1ODc0MiIsImlhdCI6MTcxNTg0NDc2NSwiZXhwIjoxNzE3OTE4MzY1fQ.NUCo5dpDe0mvKibR28dcqlQDw664mUFUpaiTq37179o', NULL, 0, '2024-05-16 16:32:46', '211.192.252.158', '2024-05-16 16:34:37', '211.192.252.158'),
	(62, 30, 'kakao-3484562115', '팽귄', '1994-10-01 00:00:00', 'NORMAL', 'NORMAL', 'eyJhbGciOiJIUzI1NiJ9.eyJjcmVhdGVkVXNlcklkIjoia2FrYW8tMzQ4NDU2MjExNSIsImlhdCI6MTcxNTg0NDg5OSwiZXhwIjoxNzE3OTE4NDk5fQ.u2AwmdLhwtM9zaue3knfL7xZvyP9P8Mv_-D_8Tkcr9s', NULL, 0, '2024-05-16 16:35:00', '211.192.210.159', '2024-05-16 16:36:07', '211.192.210.159'),
	(63, 36, 'kakao-3484574452', '하이루', '2024-12-04 00:00:00', 'NORMAL', 'NORMAL', 'eyJhbGciOiJIUzI1NiJ9.eyJjcmVhdGVkVXNlcklkIjoia2FrYW8tMzQ4NDU3NDQ1MiIsImlhdCI6MTcxNTg1MjQ5NywiZXhwIjoxNzE3OTI2MDk3fQ.QVWyFTT6jxiEh2UhVH2IV4gIBrP1eL1_Is0UTvAKPQQ', NULL, 0, '2024-05-16 16:43:10', '211.192.210.225', '2024-05-16 18:41:37', '211.234.206.195'),
	(64, 32, 'kakao-3484593407', '동그.리.동.', '1993-09-20 00:00:00', 'PASSION', 'ALIEN', 'eyJhbGciOiJIUzI1NiJ9.eyJjcmVhdGVkVXNlcklkIjoia2FrYW8tMzQ4NDU5MzQwNyIsImlhdCI6MTcxNTkzNDI5MCwiZXhwIjoxNzE4MDA3ODkwfQ.aQgQVKp13KnuG1MfFGTa6F36TGeVh3K5QJKSW3tRoFo', NULL, 0, '2024-05-16 16:55:45', '39.7.28.184', '2024-05-19 22:49:42', '222.108.238.36'),
	(65, NULL, 'kakao-3484593489', '코코자둠바', '1996-09-23 00:00:00', 'NORMAL', 'NORMAL', 'eyJhbGciOiJIUzI1NiJ9.eyJjcmVhdGVkVXNlcklkIjoia2FrYW8tMzQ4NDU5MzQ4OSIsImlhdCI6MTcxNTg0NjE0OCwiZXhwIjoxNzE3OTE5NzQ4fQ.xK6QRoStxZgpYiDTZ_fIHjHxbRyo0rUhyk0DSjGsmlk', NULL, 0, '2024-05-16 16:55:49', '14.46.141.184', '2024-05-16 16:56:28', '14.46.141.184'),
	(66, 34, 'kakao-3484620032', '빵돌이', '1989-08-03 00:00:00', 'SAD', 'BEE', 'eyJhbGciOiJIUzI1NiJ9.eyJjcmVhdGVkVXNlcklkIjoia2FrYW8tMzQ4NDYyMDAzMiIsImlhdCI6MTcxNTg1NTc3MiwiZXhwIjoxNzE3OTI5MzcyfQ.vSrQBuNFIjxPgPuBxAmXyHjnRVzNmaEPkkpQ8Tt4kn8', NULL, 0, '2024-05-16 17:13:21', '118.235.10.205', '2024-05-16 19:36:13', '118.235.10.205'),
	(67, 33, 'kakao-3479803048', '지니', '2000-01-01 00:00:00', 'THINK', 'HEARTHAIRBAND', 'eyJhbGciOiJIUzI1NiJ9.eyJjcmVhdGVkVXNlcklkIjoia2FrYW8tMzQ3OTgwMzA0OCIsImlhdCI6MTcxNTg0NzQzOSwiZXhwIjoxNzE3OTIxMDM5fQ.ypcOB5MK-pDQODzCCJvRBz0Zs5qPAiKONqSEIeZKU2U', NULL, 0, '2024-05-16 17:17:19', '14.46.142.231', '2024-05-16 17:19:03', '14.46.142.231'),
	(68, 33, 'kakao-3479826234', '정슬호', '1998-03-02 00:00:00', 'NORMAL', 'NORMAL', 'eyJhbGciOiJIUzI1NiJ9.eyJjcmVhdGVkVXNlcklkIjoia2FrYW8tMzQ3OTgyNjIzNCIsImlhdCI6MTcxNTg0NzUwMiwiZXhwIjoxNzE3OTIxMTAyfQ.yTN5Kef9vTfyWagde_-k8vgwG6ym83VlI5r5HRq7gXg', NULL, 0, '2024-05-16 17:18:22', '14.46.142.229', '2024-05-16 17:18:54', '14.46.142.229'),
	(69, 37, 'kakao-3484558681', 'ㅇ삐', '1999-11-03 00:00:00', 'NORMAL', 'NORMAL', 'eyJhbGciOiJIUzI1NiJ9.eyJjcmVhdGVkVXNlcklkIjoia2FrYW8tMzQ4NDU1ODY4MSIsImlhdCI6MTcxNjAzNTcxMywiZXhwIjoxNzE4MTA5MzEzfQ.KF6uj-zaFA829rElnFiG-ahw78IViOhvBsxTEAuJyEU', NULL, 0, '2024-05-16 20:37:05', '106.101.128.61', '2024-05-18 21:35:14', '106.101.129.149'),
	(70, 2, NULL, '이희웅일까?', '2000-01-01 00:00:00', 'TIRED', 'POOP', 'eyJhbGciOiJIUzI1NiJ9.eyJjcmVhdGVkVXNlcklkIjoia2FrYW8tMzQ1OTkyOTc3MCIsImlhdCI6MTcxNTkzODc2NywiZXhwIjoxNzE4MDEyMzY3fQ.8m4qj8LFxag_QvL-7kJXFQNEZglSAfIuJLsu2wjm1EU', NULL, 1, '2024-05-17 09:17:47', '14.46.142.184', '2024-05-17 18:40:31', '106.101.3.107'),
	(71, 38, 'kakao-3485446541', '제가지훈입니다', '1996-03-09 00:00:00', 'TIRED', 'NORMAL', 'eyJhbGciOiJIUzI1NiJ9.eyJjcmVhdGVkVXNlcklkIjoia2FrYW8tMzQ4NTQ0NjU0MSIsImlhdCI6MTcxNTkwNjU4NCwiZXhwIjoxNzE3OTgwMTg0fQ.JFxsAD2V-gU8AP7FvLB8ZWME6FvUAS4I90UA-MW8qQ8', NULL, 0, '2024-05-17 09:40:24', '180.64.174.78', '2024-05-17 09:46:11', '14.46.141.199'),
	(72, 38, 'kakao-3485446563', '나다', '2000-04-17 00:00:00', 'CHEERUP', 'ALIEN', 'eyJhbGciOiJIUzI1NiJ9.eyJjcmVhdGVkVXNlcklkIjoia2FrYW8tMzQ4NTQ0NjU2MyIsImlhdCI6MTcxNTkwNjQyNSwiZXhwIjoxNzE3OTgwMDI1fQ.-wKyPSvVP66OhFDTHmLh85GvxopDX7r-BQu39fA0i7I', NULL, 0, '2024-05-17 09:40:25', '14.46.142.203', '2024-05-17 09:46:18', '14.46.142.203'),
	(73, 39, 'kakao-3485461826', '신서동사나이', '1960-01-14 00:00:00', 'NORMAL', 'NORMAL', 'eyJhbGciOiJIUzI1NiJ9.eyJjcmVhdGVkVXNlcklkIjoia2FrYW8tMzQ4NTQ2MTgyNiIsImlhdCI6MTcxNTkwNzE4NSwiZXhwIjoxNzE3OTgwNzg1fQ.DMhWUvymjkNpyqdkVxp1SJ14E7FpI1Ob6Fe_aEca3F0', NULL, 0, '2024-05-17 09:53:05', '112.165.123.250', '2024-05-17 09:54:22', '112.165.123.250'),
	(74, NULL, 'kakao-3485771330', NULL, NULL, 'NORMAL', 'NORMAL', 'eyJhbGciOiJIUzI1NiJ9.eyJjcmVhdGVkVXNlcklkIjoia2FrYW8tMzQ4NTc3MTMzMCIsImlhdCI6MTcxNTkyMDYwOSwiZXhwIjoxNzE3OTk0MjA5fQ.KhX2oUm94GqWGEE6urQYuHEY8sVwxRN6QNE8_6d5IJM', NULL, 0, '2024-05-17 13:36:43', '14.46.141.242', '2024-05-17 13:36:50', '14.46.141.242'),
	(75, 33, 'kakao-3479933126', '컨오', '2010-01-01 00:00:00', 'PASSION', 'NORMAL', 'eyJhbGciOiJIUzI1NiJ9.eyJjcmVhdGVkVXNlcklkIjoia2FrYW8tMzQ3OTkzMzEyNiIsImlhdCI6MTcxNTkyODAzMSwiZXhwIjoxNzE4MDAxNjMxfQ.gu9TgXDHLeGVDd5n-kG2dN8uOPvnwETW-39RG4uUz_k', NULL, 0, '2024-05-17 15:40:32', '14.46.142.226', '2024-05-17 15:41:40', '14.46.142.226'),
	(76, NULL, 'kakao-3485952788', 'dd', '2000-01-01 00:00:00', 'PASSION', 'TIE', 'eyJhbGciOiJIUzI1NiJ9.eyJjcmVhdGVkVXNlcklkIjoia2FrYW8tMzQ4NTk1Mjc4OCIsImlhdCI6MTcxNTkyODIwNSwiZXhwIjoxNzE4MDAxODA1fQ.lmopAs4A3pYdZ0batLmF_XGVihEb5pjH9050TPHYY7M', NULL, 0, '2024-05-17 15:43:25', '118.235.16.242', '2024-05-17 15:44:16', '118.235.16.242'),
	(77, 42, 'kakao-3485976558', '길', '1999-07-12 00:00:00', 'CHEERUP', 'TIE', 'eyJhbGciOiJIUzI1NiJ9.eyJjcmVhdGVkVXNlcklkIjoia2FrYW8tMzQ4NTk3NjU1OCIsImlhdCI6MTcxNTkzNzA1NiwiZXhwIjoxNzE4MDEwNjU2fQ.yGW_qqaiPvL2H50YvO54FV7IADf0a-NGoPR0BYoKOi4', NULL, 0, '2024-05-17 16:00:06', '113.36.109.194', '2024-05-17 18:11:37', '126.255.118.99'),
	(78, 2, NULL, '이희웅일까?', '2000-01-06 00:00:00', 'NORMAL', 'NORMAL', 'eyJhbGciOiJIUzI1NiJ9.eyJjcmVhdGVkVXNlcklkIjoia2FrYW8tMzQ1OTkyOTc3MCIsImlhdCI6MTcxNTkzODg0NCwiZXhwIjoxNzE4MDEyNDQ0fQ.HvUE6-5BvPf_1hPdp2OvaaqNf1HaTBy7IDw1IbBoaLQ', NULL, 1, '2024-05-17 18:40:44', '106.101.3.107', '2024-05-17 18:56:34', '106.101.3.107'),
	(79, 2, NULL, '이희웅일까', '2000-01-01 00:00:00', 'NORMAL', 'NORMAL', 'eyJhbGciOiJIUzI1NiJ9.eyJjcmVhdGVkVXNlcklkIjoia2FrYW8tMzQ1OTkyOTc3MCIsImlhdCI6MTcxNTkzOTgwMiwiZXhwIjoxNzE4MDEzNDAyfQ.ycA0R7hKJXX4mQsF6K6VMNYAE6BKFHr0H7Q3m6PR_QU', 'eI3JXK8xAb_6jz3uFocW1H:APA91bE2TBtGFLuT7XsY8BAsd4igzXdR-9GDUb6nOV9HpUj9MDWgoWw-VwO4Sewy1qgwGFnJpsAqhy2U3xkQUMSzWAyQj1cQ_tOMncHNR9Frn2k-Twi6wl1T3-CaI8POfefB8f16V_AC', 1, '2024-05-17 18:56:42', '106.101.3.107', '2024-05-17 19:18:51', '106.101.3.107'),
	(80, 43, NULL, '이희웅', '2000-01-01 00:00:00', 'NORMAL', 'NORMAL', 'eyJhbGciOiJIUzI1NiJ9.eyJjcmVhdGVkVXNlcklkIjoia2FrYW8tMzQ1OTkyOTc3MCIsImlhdCI6MTcxNTk0NjY2MSwiZXhwIjoxNzE4MDIwMjYxfQ.tiRECsXbzn4fJlBIhltM0_eoBxytCibSVsyklzqt6kg', 'd4d7CAUzYxWRag2DK50oQh:APA91bEewZUTnz0irtm015Me5YaT-4mcFtItI9By9HmeYuoBwpDLemR2PqZEBkLH24fia1zzHnsaY2Y9Rofg1uF7pgrSwPhBCNRvhYSfdgtqsmZPYHJ8-hf_43-kqxJWJU-C5P9_vKZ1', 1, '2024-05-17 19:19:26', '106.101.3.107', '2024-05-17 21:03:25', '106.101.3.107'),
	(81, 48, 'kakao-3459929770', '이희웅', '2000-01-25 00:00:00', 'TIRED', 'BEE', 'eyJhbGciOiJIUzI1NiJ9.eyJjcmVhdGVkVXNlcklkIjoia2FrYW8tMzQ1OTkyOTc3MCIsImlhdCI6MTcxNjEyMzU2NCwiZXhwIjoxNzE4MTk3MTY0fQ.-Ccoz0G6xnAmM8Toyi5E_VXH1BIN42CIazivJhWIJTY', 'dcBxESf2YFKTYcJnZpxLOk:APA91bGb_hidyuVjDrt6B_FFqAgrqExxrwr0GXfijJm3PXzo0t3NrsHpOfUT-7TOfrE6QP7HPkod9fihEjFtojPyFz6LSaF6kpuexq0qWPeG27qQxm0H5o68HhB0Qfz-0UkXjnn5K-MX', 0, '2024-05-17 21:26:18', '106.101.3.107', '2024-05-19 21:59:25', '122.43.138.244'),
	(82, 2, NULL, '승현이', '1998-08-12 00:00:00', 'NORMAL', 'NORMAL', 'eyJhbGciOiJIUzI1NiJ9.eyJjcmVhdGVkVXNlcklkIjoia2FrYW8tMzQ3MzgzMDQ4NSIsImlhdCI6MTcxNjA1MDk5NywiZXhwIjoxNzE4MTI0NTk3fQ.S-3JY4Wro6yYoi_ApaD8fQymTHyjWnFV4DMwmiQi2tc', 'eYgUYh_CAk2HXfCivJZEo0:APA91bHXfTMatsD3duVnjL-vOJxFNDHxbEPSRtMQzV6iX79imNwMC5DNp74mFKuww2b4eiJ6F2XjGcazvxN0yF1jfyz5C-ULIF6_HfSqmTz0IM8Vz8g8jqkVlhflzGj0NgCfgnR4Pu4Y', 1, '2024-05-19 01:49:58', '116.36.40.7', '2024-05-19 01:54:59', '116.36.40.7'),
	(83, 2, NULL, '승현이', '1998-08-12 00:00:00', 'NORMAL', 'NORMAL', 'eyJhbGciOiJIUzI1NiJ9.eyJjcmVhdGVkVXNlcklkIjoia2FrYW8tMzQ3MzgzMDQ4NSIsImlhdCI6MTcxNjA1MTMwMCwiZXhwIjoxNzE4MTI0OTAwfQ.f2Jp0fEr7xu_SnLpH_s9rcuUzrYyuo2gDy5RLbfpibY', 'fMZ0fIWrviHbHq8gbXqVzk:APA91bGURzMv2UNDUwAxC4iiFAvf4CGitPMPRcIATlScEtVpPK7r4WAF8ZUPW8hkUjTCQNJMtbjTguR_n7Awx4NWqPt78hl8VPAE6AfzNvydDz0hUGibS5_1OCqtYpU8MytyJIy0u0Mm', 1, '2024-05-19 01:55:00', '116.36.40.7', '2024-05-19 01:57:58', '116.36.40.7'),
	(84, 46, NULL, '승현이', '2000-01-01 00:00:00', 'NORMAL', 'NORMAL', 'eyJhbGciOiJIUzI1NiJ9.eyJjcmVhdGVkVXNlcklkIjoia2FrYW8tMzQ3MzgzMDQ4NSIsImlhdCI6MTcxNjExMDE3OSwiZXhwIjoxNzE4MTgzNzc5fQ.ghSX_hooU7pKduuEglnznSCBaqX7LPdemlYHzOTBkFc', 'fMZ0fIWrviHbHq8gbXqVzk:APA91bGURzMv2UNDUwAxC4iiFAvf4CGitPMPRcIATlScEtVpPK7r4WAF8ZUPW8hkUjTCQNJMtbjTguR_n7Awx4NWqPt78hl8VPAE6AfzNvydDz0hUGibS5_1OCqtYpU8MytyJIy0u0Mm', 1, '2024-05-19 01:58:00', '116.36.40.7', '2024-05-19 18:16:53', '221.166.153.7'),
	(86, NULL, NULL, '대장', '2024-05-20 00:00:00', 'PASSION', 'TIE', NULL, NULL, 0, '2024-05-20 00:00:00', '118.235.14.87', '2024-05-20 00:00:00', '118.235.14.87'),
	(87, NULL, NULL, '승현이', '2000-01-01 00:00:00', 'NORMAL', 'NORMAL', 'eyJhbGciOiJIUzI1NiJ9.eyJjcmVhdGVkVXNlcklkIjoia2FrYW8tMzQ3MzgzMDQ4NSIsImlhdCI6MTcxNjExMDIxNCwiZXhwIjoxNzE4MTgzODE0fQ.WIyM0OAO8A9HfF1yEQl6HYCuTB9qftMp0SmT6ykRWC0', 'fMZ0fIWrviHbHq8gbXqVzk:APA91bGURzMv2UNDUwAxC4iiFAvf4CGitPMPRcIATlScEtVpPK7r4WAF8ZUPW8hkUjTCQNJMtbjTguR_n7Awx4NWqPt78hl8VPAE6AfzNvydDz0hUGibS5_1OCqtYpU8MytyJIy0u0Mm', 1, '2024-05-19 18:16:55', '221.166.153.7', '2024-05-19 18:17:23', '221.166.153.7'),
	(88, 2, 'kakao-3473830485', '승현이', '2000-05-20 00:00:00', 'WORRY', 'GLASSES', 'eyJhbGciOiJIUzI1NiJ9.eyJjcmVhdGVkVXNlcklkIjoia2FrYW8tMzQ3MzgzMDQ4NSIsImlhdCI6MTcxNjEyNTg1MSwiZXhwIjoxNzE4MTk5NDUxfQ.WEL3DwgyvNpmRSBahOJkOohQt3aHnNehj2hiOYXCS7c', 'fBcJzDKZZW4XQXrmnNmbSX:APA91bGsuTP5e9igZImLB1fswUUl-qQ1_fJC1PSCKUoEvSHwpuMpkfduMgAq4NgdMhs8mWmONIVwfV6EnMt6OEviCUoUK0mB0cHbk_yMqRGvk_oQdW5qjdeVNzDZMduBIAi_M5rXzG0q', 0, '2024-05-19 18:17:24', '221.166.153.7', '2024-05-19 22:45:00', '118.235.82.90'),
	(89, NULL, 'kakao-3489029711', NULL, NULL, 'NORMAL', 'NORMAL', 'eyJhbGciOiJIUzI1NiJ9.eyJjcmVhdGVkVXNlcklkIjoia2FrYW8tMzQ4OTAyOTcxMSIsImlhdCI6MTcxNjExNjQzMiwiZXhwIjoxNzE4MTkwMDMyfQ.ANEHH9XXs7DpZ6FlNQ9tHVJCb3ttnxFzvxAt5boJz54', NULL, 0, '2024-05-19 20:00:32', '222.238.39.33', '2024-05-19 20:00:32', '222.238.39.33'),
	(90, NULL, 'kakao-3489071828', '윌리를찾아라', '1993-02-28 00:00:00', 'NORMAL', 'NORMAL', 'eyJhbGciOiJIUzI1NiJ9.eyJjcmVhdGVkVXNlcklkIjoia2FrYW8tMzQ4OTA3MTgyOCIsImlhdCI6MTcxNjExODI5MiwiZXhwIjoxNzE4MTkxODkyfQ.nYpBp2ciP28_qqz_ztQrN5tnz-ERnJ09-dCKi3syNwc', NULL, 0, '2024-05-19 20:31:32', '39.7.25.14', '2024-05-19 20:32:47', '39.7.25.14');

/*!40103 SET TIME_ZONE=IFNULL(@OLD_TIME_ZONE, 'system') */;
/*!40101 SET SQL_MODE=IFNULL(@OLD_SQL_MODE, '') */;
/*!40014 SET FOREIGN_KEY_CHECKS=IFNULL(@OLD_FOREIGN_KEY_CHECKS, 1) */;
/*!40101 SET CHARACTER_SET_CLIENT=@OLD_CHARACTER_SET_CLIENT */;
/*!40111 SET SQL_NOTES=IFNULL(@OLD_SQL_NOTES, 1) */;
